date,msci
2016-04-01,1448.14
2016-04-04,1458.77
2016-04-05,1430.2
2016-04-06,1441.04
2016-04-07,1431.27
2016-04-08,1451.34
2016-04-11,1460.49
2016-04-12,1460.17
2016-04-13,1485.57
2016-04-14,1487.73
2016-04-15,1487.21
2016-04-18,1497.38
2016-04-19,1526.19
2016-04-20,1528.01
2016-04-21,1517.45
2016-04-22,1505.75
2016-04-25,1500.47
2016-04-26,1508.39
2016-04-27,1513.28
2016-04-28,1516.38
2016-04-29,1501.57
2016-05-02,1508.39
2016-05-03,1483.14
2016-05-04,1462.45
2016-05-05,1455.49
2016-05-06,1453.53
2016-05-09,1456.63
2016-05-10,1469.61
2016-05-11,1467.93
2016-05-12,1456.5
2016-05-13,1449.96
2016-05-16,1454.47
2016-05-17,1454.85
2016-05-18,1459.64
2016-05-19,1433.21
2016-05-20,1451.73
2016-05-23,1443.14
2016-05-24,1470.08
2016-05-25,1487.65
2016-05-26,1494.79
2016-05-27,1490.71
2016-05-30,1493.73
2016-05-31,1481.2
2016-06-01,1472.47
2016-06-02,1471.73
2016-06-03,1481.23
2016-06-06,1490.82
2016-06-07,1506.42
2016-06-08,1504.9
2016-06-09,1481.23
2016-06-10,1442.02
2016-06-13,1416.63
2016-06-14,1378.21
2016-06-15,1394.83
2016-06-16,1374.98
2016-06-17,1406.04
2016-06-20,1468.13
2016-06-21,1470.12
2016-06-22,1477.09
2016-06-23,1508.1
2016-06-24,1375.84
2016-06-27,1305.76
2016-06-28,1347.51
2016-06-29,1396.35
2016-06-30,1411.93
2016-07-01,1424.63
2016-07-04,1415.55
2016-07-05,1389.55
2016-07-06,1361.48
2016-07-07,1375.84
2016-07-08,1392.65
2016-07-11,1415.79
2016-07-12,1433.77
2016-07-13,1436.3
2016-07-14,1447.57
2016-07-15,1440.95
2016-07-18,1443.18
2016-07-19,1430.11
2016-07-20,1444.37
2016-07-21,1441.91
2016-07-22,1438.64
2016-07-25,1439.69
2016-07-26,1442.88
2016-07-27,1449.28
2016-07-28,1446.83
2016-07-29,1469.94
2016-08-01,1459.65
2016-08-02,1446.76
2016-08-03,1441.01
2016-08-04,1446.47
2016-08-05,1452.52
2016-08-08,1453.75
2016-08-09,1472.02
2016-08-10,1475.8
2016-08-11,1489.42
2016-08-12,1486.63
2016-08-15,1489.37
2016-08-16,1485.88
2016-08-17,1475.84
2016-08-18,1492.83
2016-08-19,1480.45
2016-08-22,1481.62
2016-08-23,1494.15
2016-08-24,1490.05
2016-08-25,1482.01
2016-08-26,1489.48
2016-08-29,1472.34
2016-08-30,1477.11
2016-08-31,1470.06
2016-09-01,1477.0
2016-09-02,1502.61
2016-09-05,1501.04
2016-09-06,1507.84
2016-09-07,1513.23
2016-09-08,1512.37
2016-09-09,1487.55
2016-09-12,1474.68
2016-09-13,1462.36
2016-09-14,1461.53
2016-09-15,1469.14
2016-09-16,1447.4
2016-09-19,1465.1
2016-09-20,1462.33
2016-09-21,1464.75
2016-09-22,1501.77
2016-09-23,1488.39
2016-09-26,1471.35
2016-09-27,1462.85
2016-09-28,1475.28
2016-09-29,1479.88
2016-09-30,1481.94
2016-10-03,1480.49
2016-10-04,1485.69
2016-10-05,1483.59
2016-10-06,1473.61
2016-10-07,1461.76
2016-10-10,1469.81
2016-10-11,1449.21
2016-10-12,1436.27
2016-10-13,1425.71
2016-10-14,1440.61
2016-10-17,1428.19
2016-10-18,1447.05
2016-10-19,1451.15
2016-10-20,1449.18
2016-10-21,1441.72
2016-10-24,1443.41
2016-10-25,1435.88
2016-10-26,1437.76
2016-10-27,1438.71
2016-10-28,1435.84
2016-10-31,1432.15
2016-11-01,1427.87
2016-11-02,1420.64
2016-11-03,1416.93
2016-11-04,1409.36
2016-11-07,1419.78
2016-11-08,1426.45
2016-11-09,1433.94
2016-11-10,1420.69
2016-11-11,1412.03
2016-11-14,1397.39
2016-11-15,1402.29
2016-11-16,1392.25
2016-11-17,1400.85
2016-11-18,1382.41
2016-11-21,1392.89
2016-11-22,1391.88
2016-11-23,1383.46
2016-11-24,1392.03
2016-11-25,1400.05
2016-11-28,1386.31
2016-11-29,1394.8
2016-11-30,1398.61
2016-12-01,1395.19
2016-12-02,1395.45
2016-12-05,1411.92
2016-12-06,1424.7
2016-12-07,1444.57
2016-12-08,1441.49
2016-12-09,1444.72
2016-12-12,1448.41
2016-12-13,1468.32
2016-12-14,1462.8
2016-12-15,1442.51
2016-12-16,1451.52
2016-12-19,1448.86
2016-12-20,1447.83
2016-12-21,1452.18
2016-12-22,1452.21
2016-12-23,1453.34
2016-12-26,1453.34
2016-12-27,1454.68
2016-12-28,1450.15
2016-12-29,1458.15
2016-12-30,1471.08
2017-01-02,1477.92
2017-01-03,1465.15
2017-01-04,1476.38
2017-01-05,1495.1
2017-01-06,1491.18
2017-01-09,1480.84
2017-01-10,1487.65
2017-01-11,1473.99
2017-01-12,1490.3
2017-01-13,1500.41
2017-01-16,1485.56
2017-01-17,1495.32
2017-01-18,1497.94
2017-01-19,1485.37
2017-01-20,1497.49
2017-01-23,1496.7
2017-01-24,1502.12
2017-01-25,1519.8
2017-01-26,1512.89
2017-01-27,1513.06
2017-01-30,1495.17
2017-01-31,1501.03
2017-02-01,1506.45
2017-02-02,1508.11
2017-02-03,1514.33
2017-02-06,1497.39
2017-02-07,1494.1
2017-02-08,1501.23
2017-02-09,1507.57
2017-02-10,1504.46
2017-02-13,1513.14
2017-02-14,1507.33
2017-02-15,1513.93
2017-02-16,1521.89
2017-02-17,1516.42
2017-02-20,1517.96
2017-02-21,1515.43
2017-02-22,1516.42
2017-02-23,1521.23
2017-02-24,1506.42
2017-02-27,1510.34
2017-02-28,1514.95
2017-03-01,1527.72
2017-03-02,1523.41
2017-03-03,1527.4
2017-03-06,1524.46
2017-03-07,1518.14
2017-03-08,1515.55
2017-03-09,1519.97
2017-03-10,1532.2
2017-03-13,1539.75
2017-03-14,1531.24
2017-03-15,1535.9
2017-03-16,1562.29
2017-03-17,1565.51
2017-03-20,1564.31
2017-03-21,1564.52
2017-03-22,1556.85
2017-03-23,1567.32
2017-03-24,1567.0
2017-03-27,1572.26
2017-03-28,1579.7
2017-03-29,1568.05
2017-03-30,1573.66
2017-03-31,1570.11
2017-04-03,1556.22
2017-04-04,1560.92
2017-04-05,1560.74
2017-04-06,1562.34
2017-04-07,1558.65
2017-04-10,1555.63
2017-04-11,1559.64
2017-04-12,1560.77
2017-04-13,1555.73
2017-04-14,1555.73
2017-04-17,1562.42
2017-04-18,1548.39
2017-04-19,1553.69
2017-04-20,1564.47
2017-04-21,1553.43
2017-04-24,1612.08
2017-04-25,1624.95
2017-04-26,1624.92
2017-04-27,1618.84
2017-04-28,1619.06
2017-05-01,1621.24
2017-05-02,1630.41
2017-05-03,1631.4
2017-05-04,1648.21
2017-05-05,1665.72
2017-05-08,1655.36
2017-05-09,1656.6
2017-05-10,1656.11
2017-05-11,1647.69
2017-05-12,1661.29
2017-05-15,1671.17
2017-05-16,1687.37
2017-05-17,1677.27
2017-05-18,1664.88
2017-05-19,1684.6
2017-05-22,1690.95
2017-05-23,1691.76
2017-05-24,1686.28
2017-05-25,1689.49
2017-05-26,1681.4
2017-05-29,1680.26
2017-05-30,1676.82
2017-05-31,1685.15
2017-06-01,1689.06
2017-06-02,1700.41
2017-06-05,1695.24
2017-06-06,1686.14
2017-06-07,1684.47
2017-06-08,1678.19
2017-06-09,1678.61
2017-06-12,1665.65
2017-06-13,1674.77
2017-06-14,1679.87
2017-06-15,1655.4
2017-06-16,1673.42
2017-06-19,1683.41
2017-06-20,1665.07
2017-06-21,1664.1
2017-06-22,1666.28
2017-06-23,1668.6
2017-06-26,1675.53
2017-06-27,1675.46
2017-06-28,1686.07
2017-06-29,1672.85
2017-06-30,1663.22
2017-07-03,1676.06
2017-07-04,1668.49
2017-07-05,1667.85
2017-07-06,1667.91
2017-07-07,1664.56
2017-07-10,1670.29
2017-07-11,1664.03
2017-07-12,1690.09
2017-07-13,1692.89
2017-07-14,1702.14
2017-07-17,1705.18
2017-07-18,1701.99
2017-07-19,1705.82
2017-07-20,1716.7
2017-07-21,1702.34
2017-07-24,1696.08
2017-07-25,1706.43
2017-07-26,1710.3
2017-07-27,1713.15
2017-07-28,1707.81
2017-07-31,1712.13
2017-08-01,1725.84
2017-08-02,1725.34
2017-08-03,1730.32
2017-08-04,1728.34
2017-08-07,1732.49
2017-08-08,1727.28
2017-08-09,1715.22
2017-08-10,1698.54
2017-08-11,1687.02
2017-08-14,1703.69
2017-08-15,1695.87
2017-08-16,1704.97
2017-08-17,1700.46
2017-08-18,1689.47
2017-08-21,1692.17
2017-08-22,1698.46
2017-08-23,1697.62
2017-08-24,1699.19
2017-08-25,1706.91
2017-08-28,1712.81
2017-08-29,1703.35
2017-08-30,1699.31
2017-08-31,1708.24
2017-09-01,1717.12
2017-09-04,1712.95
2017-09-05,1712.07
2017-09-06,1715.59
2017-09-07,1730.12
2017-09-08,1734.35
2017-09-11,1747.11
2017-09-12,1751.94
2017-09-13,1746.35
2017-09-14,1741.61
2017-09-15,1749.59
2017-09-18,1754.06
2017-09-19,1758.27
2017-09-20,1760.16
2017-09-21,1754.07
2017-09-22,1762.4
2017-09-25,1751.04
2017-09-26,1740.78
2017-09-27,1738.93
2017-09-28,1749.91
2017-09-29,1763.38
2017-10-02,1759.61
2017-10-03,1764.94
2017-10-04,1764.52
2017-10-05,1760.89
2017-10-06,1756.39
2017-10-09,1760.51
2017-10-10,1772.04
2017-10-11,1776.08
2017-10-12,1776.9
2017-10-13,1780.36
2017-10-16,1774.71
2017-10-17,1763.92
2017-10-18,1772.7
2017-10-19,1773.98
2017-10-20,1768.65
2017-10-23,1764.98
2017-10-24,1761.37
2017-10-25,1758.26
2017-10-26,1760.6
2017-10-27,1752.31
2017-10-30,1763.82
2017-10-31,1770.87
2017-11-01,1771.71
2017-11-02,1773.01
2017-11-03,1768.79
2017-11-06,1766.89
2017-11-07,1756.65
2017-11-08,1757.87
2017-11-09,1748.04
2017-11-10,1743.85
2017-11-13,1733.34
2017-11-14,1735.5
2017-11-15,1733.77
2017-11-16,1741.62
2017-11-17,1737.91
2017-11-20,1744.61
2017-11-21,1748.62
2017-11-22,1752.94
2017-11-23,1761.28
2017-11-24,1773.07
2017-11-27,1762.1
2017-11-28,1765.2
2017-11-29,1766.53
2017-11-30,1771.14
2017-12-01,1750.33
2017-12-04,1763.88
2017-12-05,1758.08
2017-12-06,1751.4
2017-12-07,1751.88
2017-12-08,1758.67
2017-12-11,1764.78
2017-12-12,1766.99
2017-12-13,1766.85
2017-12-14,1761.17
2017-12-15,1756.8
2017-12-18,1784.03
2017-12-19,1775.89
2017-12-20,1774.3
2017-12-21,1781.9
2017-12-22,1776.01
2017-12-25,1776.01
2017-12-26,1778.57
2017-12-27,1785.66
2017-12-28,1787.59
2017-12-29,1796.64
2018-01-01,1796.64
2018-01-02,1797.97
2018-01-03,1803.22
2018-01-04,1827.31
2018-01-05,1838.21
2018-01-08,1834.13
2018-01-09,1834.99
2018-01-10,1836.76
2018-01-11,1840.58
2018-01-12,1861.26
2018-01-15,1877.76
2018-01-16,1873.24
2018-01-17,1873.11
2018-01-18,1876.22
2018-01-19,1883.86
2018-01-22,1894.07
2018-01-23,1903.36
2018-01-24,1907.26
2018-01-25,1915.23
2018-01-26,1913.88
2018-01-29,1898.71
2018-01-30,1889.78
2018-01-31,1892.98
2018-02-01,1884.41
2018-02-02,1853.73
2018-02-05,1822.53
2018-02-06,1767.17
2018-02-07,1794.12
2018-02-08,1760.52
2018-02-09,1733.31
2018-02-12,1758.08
2018-02-13,1758.39
2018-02-14,1783.97
2018-02-15,1803.23
2018-02-16,1818.27
2018-02-19,1799.33
2018-02-20,1802.23
2018-02-21,1802.1
2018-02-22,1798.81
2018-02-23,1799.25
2018-02-26,1807.09
2018-02-27,1796.53
2018-02-28,1777.75
2018-03-01,1753.1
2018-03-02,1734.6
2018-03-05,1755.13
2018-03-06,1767.6
2018-03-07,1773.64
2018-03-08,1781.11
2018-03-09,1787.07
2018-03-12,1791.49
2018-03-13,1784.95
2018-03-14,1777.04
2018-03-15,1780.47
2018-03-16,1779.14
2018-03-19,1766.61
2018-03-20,1767.56
2018-03-21,1764.37
2018-03-22,1743.07
2018-03-23,1734.29
2018-03-26,1733.83
2018-03-27,1748.24
2018-03-28,1750.57
2018-03-29,1750.54
2018-03-30,1750.54
2018-04-02,1752.65
2018-04-03,1738.71
2018-04-04,1734.92
2018-04-05,1766.64
2018-04-06,1765.12
2018-04-09,1774.59
2018-04-10,1795.21
2018-04-11,1789.58
2018-04-12,1791.51
2018-04-13,1794.59
2018-04-16,1793.16
2018-04-17,1804.64
2018-04-18,1814.82
2018-04-19,1813.27
2018-04-20,1800.48
2018-04-23,1798.02
2018-04-24,1797.46
2018-04-25,1777.76
2018-04-26,1785.44
2018-04-27,1788.36
2018-04-30,1788.79
2018-05-01,1773.1
2018-05-02,1779.15
2018-05-03,1764.99
2018-05-04,1773.76
2018-05-07,1782.09
2018-05-08,1775.11
2018-05-09,1786.99
2018-05-10,1788.53
2018-05-11,1800.06
2018-05-14,1804.1
2018-05-15,1789.27
2018-05-16,1781.41
2018-05-17,1793.68
2018-05-18,1785.56
2018-05-21,1788.38
2018-05-22,1796.15
2018-05-23,1765.11
2018-05-24,1757.96
2018-05-25,1749.62
2018-05-28,1739.22
2018-05-29,1707.66
2018-05-30,1719.79
2018-05-31,1717.22
2018-06-01,1732.33
2018-06-04,1742.36
2018-06-05,1732.6
2018-06-06,1748.57
2018-06-07,1751.16
2018-06-08,1739.06
2018-06-11,1757.56
2018-06-12,1752.21
2018-06-13,1753.04
2018-06-14,1756.26
2018-06-15,1734.02
2018-06-18,1719.29
2018-06-19,1700.17
2018-06-20,1706.55
2018-06-21,1695.67
2018-06-22,1721.16
2018-06-25,1689.65
2018-06-26,1688.19
2018-06-27,1691.08
2018-06-28,1675.74
2018-06-29,1702.61
2018-07-02,1678.76
2018-07-03,1698.7
2018-07-04,1699.1
2018-07-05,1714.88
2018-07-06,1726.31
2018-07-09,1737.0
2018-07-10,1738.74
2018-07-11,1716.61
2018-07-12,1724.36
2018-07-13,1725.14
2018-07-16,1725.33
2018-07-17,1725.87
2018-07-18,1729.81
2018-07-19,1721.89
2018-07-20,1733.11
2018-07-23,1729.6
2018-07-24,1744.49
2018-07-25,1735.01
2018-07-26,1746.52
2018-07-27,1752.54
2018-07-30,1756.22
2018-07-31,1758.44
2018-08-01,1745.73
2018-08-02,1722.51
2018-08-03,1730.84
2018-08-06,1723.82
2018-08-07,1737.3
2018-08-08,1735.58
2018-08-09,1731.79
2018-08-10,1692.06
2018-08-13,1685.41
2018-08-14,1679.17
2018-08-15,1647.43
2018-08-16,1666.55
2018-08-17,1667.77
2018-08-20,1680.78
2018-08-21,1697.26
2018-08-22,1708.18
2018-08-23,1701.6
2018-08-24,1710.26
2018-08-27,1725.55
2018-08-28,1731.44
2018-08-29,1733.3
2018-08-30,1722.65
2018-08-31,1704.61
2018-09-03,1705.12
2018-09-04,1683.05
2018-09-05,1674.56
2018-09-06,1665.45
2018-09-07,1660.16
2018-09-10,1670.35
2018-09-11,1666.63
2018-09-12,1679.97
2018-09-13,1685.57
2018-09-14,1690.03
2018-09-17,1695.38
2018-09-18,1698.88
2018-09-19,1700.77
2018-09-20,1725.05
2018-09-21,1734.81
2018-09-24,1729.19
2018-09-25,1736.51
2018-09-26,1736.31
2018-09-27,1732.74
2018-09-28,1709.28
2018-10-01,1708.01
2018-10-02,1695.28
2018-10-03,1701.3
2018-10-04,1680.83
2018-10-05,1665.0
2018-10-08,1641.93
2018-10-09,1645.1
2018-10-10,1628.28
2018-10-11,1599.48
2018-10-12,1595.8
2018-10-15,1602.03
2018-10-16,1625.2
2018-10-17,1611.66
2018-10-18,1597.71
2018-10-19,1597.72
2018-10-22,1587.28
2018-10-23,1562.2
2018-10-24,1549.47
2018-10-25,1555.17
2018-10-26,1542.44
2018-10-29,1558.19
2018-10-30,1555.01
2018-10-31,1577.24
2018-11-01,1592.47
2018-11-02,1593.93
2018-11-05,1595.34
2018-11-06,1592.46
2018-11-07,1616.48
2018-11-08,1613.18
2018-11-09,1597.5
2018-11-12,1568.26
2018-11-13,1583.04
2018-11-14,1577.79
2018-11-15,1563.85
2018-11-16,1571.48
2018-11-19,1567.73
2018-11-20,1544.24
2018-11-21,1559.82
2018-11-22,1550.3
2018-11-23,1546.86
2018-11-26,1565.84
2018-11-27,1555.13
2018-11-28,1553.28
2018-11-29,1571.09
2018-11-30,1559.72
2018-12-03,1579.4
2018-12-04,1568.05
2018-12-05,1547.78
2018-12-06,1505.43
2018-12-07,1516.48
2018-12-10,1486.19
2018-12-11,1501.99
2018-12-12,1532.8
2018-12-13,1528.12
2018-12-14,1511.83
2018-12-17,1499.76
2018-12-18,1490.4
2018-12-19,1502.39
2018-12-20,1480.24
2018-12-21,1480.01
2018-12-24,1473.8
2018-12-25,1473.8
2018-12-26,1471.79
2018-12-27,1447.41
2018-12-28,1480.57
2018-12-31,1486.4
2019-01-01,1486.4
2019-01-02,1474.37
2019-01-03,1465.76
2019-01-04,1509.53
2019-01-07,1512.7
2019-01-08,1522.63
2019-01-09,1539.9
2019-01-10,1546.48
2019-01-11,1541.53
2019-01-14,1532.99
2019-01-15,1533.6
2019-01-16,1535.49
2019-01-17,1533.86
2019-01-18,1560.34
2019-01-21,1556.94
2019-01-22,1549.06
2019-01-23,1550.9
2019-01-24,1551.19
2019-01-25,1566.66
2019-01-28,1556.68
2019-01-29,1566.4
2019-01-30,1574.17
2019-01-31,1582.53
2019-02-01,1586.5
2019-02-04,1582.0
2019-02-05,1602.36
2019-02-06,1600.35
2019-02-07,1573.72
2019-02-08,1561.19
2019-02-11,1567.21
2019-02-12,1577.71
2019-02-13,1585.37
2019-02-14,1578.27
2019-02-15,1598.9
2019-02-18,1608.13
2019-02-19,1609.0
2019-02-20,1621.91
2019-02-21,1616.98
2019-02-22,1619.3
2019-02-25,1624.49
2019-02-26,1631.74
2019-02-27,1630.68
2019-02-28,1631.85
2019-03-01,1638.02
2019-03-04,1632.47
2019-03-05,1632.6
2019-03-06,1633.7
2019-03-07,1614.59
2019-03-08,1600.25
2019-03-11,1611.32
2019-03-12,1617.36
2019-03-13,1632.46
2019-03-14,1644.37
2019-03-15,1658.64
2019-03-18,1665.4
2019-03-19,1676.09
2019-03-20,1661.53
2019-03-21,1662.7
2019-03-22,1631.12
2019-03-25,1629.38
2019-03-26,1635.62
2019-03-27,1631.85
2019-03-28,1626.88
2019-03-29,1635.23
2019-04-01,1653.82
2019-04-02,1655.1
2019-04-03,1676.73
2019-04-04,1670.46
2019-04-05,1672.98
2019-04-08,1676.34
2019-04-09,1670.04
2019-04-10,1671.19
2019-04-11,1675.54
2019-04-12,1684.33
2019-04-15,1685.57
2019-04-16,1688.87
2019-04-17,1691.73
2019-04-18,1686.65
2019-04-19,1686.65
2019-04-22,1685.76
2019-04-23,1685.26
2019-04-24,1682.11
2019-04-25,1669.91
2019-04-26,1675.97
2019-04-29,1677.66
2019-04-30,1684.77
2019-05-01,1688.04
2019-05-02,1671.17
2019-05-03,1678.23
2019-05-06,1664.76
2019-05-07,1640.06
2019-05-08,1644.8
2019-05-09,1622.49
2019-05-10,1628.77
2019-05-13,1609.41
2019-05-14,1621.43
2019-05-15,1628.55
2019-05-16,1643.99
2019-05-17,1635.37
2019-05-20,1619.41
2019-05-21,1630.26
2019-05-22,1624.19
2019-05-23,1600.42
2019-05-24,1617.01
2019-05-27,1618.66
2019-05-28,1612.93
2019-05-29,1585.55
2019-05-30,1589.77
2019-05-31,1579.26
2019-06-03,1594.24
2019-06-04,1607.74
2019-06-05,1617.5
2019-06-06,1620.13
2019-06-07,1643.03
2019-06-10,1643.42
2019-06-11,1654.31
2019-06-12,1649.87
2019-06-13,1645.27
2019-06-14,1631.67
2019-06-17,1630.39
2019-06-18,1652.13
2019-06-19,1657.19
2019-06-20,1674.39
2019-06-21,1672.63
2019-06-24,1678.67
2019-06-25,1675.75
2019-06-26,1669.93
2019-06-27,1668.73
2019-06-28,1682.62
2019-07-01,1685.79
2019-07-02,1687.83
2019-07-03,1699.55
2019-07-04,1701.37
2019-07-05,1680.27
2019-07-08,1678.14
2019-07-09,1668.8
2019-07-10,1672.06
2019-07-11,1670.03
2019-07-12,1670.3
2019-07-15,1675.17
2019-07-16,1675.38
2019-07-17,1669.41
2019-07-18,1664.73
2019-07-19,1666.93
2019-07-22,1669.18
2019-07-23,1675.02
2019-07-24,1674.63
2019-07-25,1667.31
2019-07-26,1667.7
2019-07-29,1669.84
2019-07-30,1647.17
2019-07-31,1649.17
2019-08-01,1644.84
2019-08-02,1610.45
2019-08-05,1584.09
2019-08-06,1577.24
2019-08-07,1585.0
2019-08-08,1608.96
2019-08-09,1595.72
2019-08-12,1592.81
2019-08-13,1597.66
2019-08-14,1566.04
2019-08-15,1555.44
2019-08-16,1574.38
2019-08-19,1590.83
2019-08-20,1578.65
2019-08-21,1598.58
2019-08-22,1590.46
2019-08-23,1581.43
2019-08-26,1582.06
2019-08-27,1589.98
2019-08-28,1584.16
2019-08-29,1599.53
2019-08-30,1602.62
2019-09-02,1601.59
2019-09-03,1597.41
2019-09-04,1621.71
2019-09-05,1635.51
2019-09-06,1640.96
2019-09-09,1638.04
2019-09-10,1638.66
2019-09-11,1645.3
2019-09-12,1653.22
2019-09-13,1665.82
2019-09-16,1643.52
2019-09-17,1650.3
2019-09-18,1651.68
2019-09-19,1661.78
2019-09-20,1659.86
2019-09-23,1645.14
2019-09-24,1644.68
2019-09-25,1629.82
2019-09-26,1637.33
2019-09-27,1645.95
2019-09-30,1644.8
2019-10-01,1625.45
2019-10-02,1585.57
2019-10-03,1591.03
2019-10-04,1601.51
2019-10-07,1615.34
2019-10-08,1591.9
2019-10-09,1602.12
2019-10-10,1616.84
2019-10-11,1656.4
2019-10-14,1646.95
2019-10-15,1666.2
2019-10-16,1665.65
2019-10-17,1674.1
2019-10-18,1672.39
2019-10-21,1683.91
2019-10-22,1683.74
2019-10-23,1683.14
2019-10-24,1691.67
2019-10-25,1692.16
2019-10-28,1696.12
2019-10-29,1697.03
2019-10-30,1699.87
2019-10-31,1695.38
2019-11-01,1709.19
2019-11-04,1724.11
2019-11-05,1715.33
2019-11-06,1718.89
2019-11-07,1719.94
2019-11-08,1711.51
2019-11-11,1713.16
2019-11-12,1716.34
2019-11-13,1711.31
2019-11-14,1703.23
2019-11-15,1717.83
2019-11-18,1721.63
2019-11-19,1719.08
2019-11-20,1709.72
2019-11-21,1704.98
2019-11-22,1706.21
2019-11-25,1720.21
2019-11-26,1721.39
2019-11-27,1724.42
2019-11-28,1723.1
2019-11-29,1718.1
2019-12-02,1698.51
2019-12-03,1688.55
2019-12-04,1708.72
2019-12-05,1707.09
2019-12-06,1720.49
2019-12-09,1719.81
2019-12-10,1718.6
2019-12-11,1722.05
2019-12-12,1732.69
2019-12-13,1753.39
2019-12-16,1777.9
2019-12-17,1769.49
2019-12-18,1763.16
2019-12-19,1764.8
2019-12-20,1773.66
2019-12-23,1773.45
2019-12-24,1776.34
2019-12-25,1776.34
2019-12-26,1778.16
2019-12-27,1791.26
2019-12-30,1781.98
2019-12-31,1784.16
2020-01-01,1784.16
2020-01-02,1796.81
2020-01-03,1786.37
2020-01-06,1783.64
2020-01-07,1779.85
2020-01-08,1779.58
2020-01-09,1781.58
2020-01-10,1781.05
2020-01-13,1781.11
2020-01-14,1784.2
2020-01-15,1789.61
2020-01-16,1791.76
2020-01-17,1801.31
2020-01-20,1796.69
2020-01-21,1796.33
2020-01-22,1790.98
2020-01-23,1774.07
2020-01-24,1785.66
2020-01-27,1743.52
2020-01-28,1756.1
2020-01-29,1762.85
2020-01-30,1750.9
2020-01-31,1738.44
2020-02-03,1737.98
2020-02-04,1762.97
2020-02-05,1778.82
2020-02-06,1782.81
2020-02-07,1775.84
2020-02-10,1770.32
2020-02-11,1784.46
2020-02-12,1792.47
2020-02-13,1782.99
2020-02-14,1779.1
2020-02-17,1782.5
2020-02-18,1774.44
2020-02-19,1784.19
2020-02-20,1770.54
2020-02-21,1768.97
2020-02-24,1703.17
2020-02-25,1674.63
2020-02-26,1674.99
2020-02-27,1630.44
2020-02-28,1573.27
2020-03-02,1596.86
2020-03-03,1623.21
2020-03-04,1641.63
2020-03-05,1624.76
2020-03-06,1581.93
2020-03-09,1476.22
2020-03-10,1451.38
2020-03-11,1431.81
2020-03-12,1243.98
2020-03-13,1260.71
2020-03-16,1208.16
2020-03-17,1219.42
2020-03-18,1156.1
2020-03-19,1177.27
2020-03-20,1195.64
2020-03-23,1152.7
2020-03-24,1255.26
2020-03-25,1299.2
2020-03-26,1355.02
2020-03-27,1313.08
2020-03-30,1327.29
2020-03-31,1341.52
2020-04-01,1297.58
2020-04-02,1297.45
2020-04-03,1276.95
2020-04-06,1321.87
2020-04-07,1357.33
2020-04-08,1354.37
2020-04-09,1384.0
2020-04-10,1384.0
2020-04-13,1381.34
2020-04-14,1396.44
2020-04-15,1343.34
2020-04-16,1344.08
2020-04-17,1384.16
2020-04-20,1392.25
2020-04-21,1341.77
2020-04-22,1362.85
2020-04-23,1375.14
2020-04-24,1357.91
2020-04-27,1386.12
2020-04-28,1408.74
2020-04-29,1436.2
2020-04-30,1417.46
2020-05-01,1411.71
2020-05-04,1364.3
2020-05-05,1384.36
2020-05-06,1373.64
2020-05-07,1385.28
2020-05-08,1409.88
2020-05-11,1398.2
2020-05-12,1408.52
2020-05-13,1375.88
2020-05-14,1343.35
2020-05-15,1349.29
2020-05-18,1409.99
2020-05-19,1411.43
2020-05-20,1431.23
2020-05-21,1413.37
2020-05-22,1405.64
2020-05-25,1426.11
2020-05-26,1453.41
2020-05-27,1457.02
2020-05-28,1490.62
2020-05-29,1476.53
2020-06-01,1494.43
2020-06-02,1524.01
2020-06-03,1568.01
2020-06-04,1573.76
2020-06-05,1607.88
2020-06-08,1602.28
2020-06-09,1590.57
2020-06-10,1584.85
2020-06-11,1523.95
2020-06-12,1510.33
2020-06-15,1509.52
2020-06-16,1547.9
2020-06-17,1557.57
2020-06-18,1545.73
2020-06-19,1549.97
2020-06-22,1546.78
2020-06-23,1578.9
2020-06-24,1526.89
2020-06-25,1529.98
2020-06-26,1522.02
2020-06-29,1534.36
2020-06-30,1533.79
2020-07-01,1540.87
2020-07-02,1566.6
2020-07-03,1555.65
2020-07-06,1591.03
2020-07-07,1576.33
2020-07-08,1572.35
2020-07-09,1555.24
2020-07-10,1572.44
2020-07-13,1595.18
2020-07-14,1586.99
2020-07-15,1616.95
2020-07-16,1611.32
2020-07-17,1612.44
2020-07-20,1626.06
2020-07-21,1637.81
2020-07-22,1637.52
2020-07-23,1638.5
2020-07-24,1614.88
2020-07-27,1630.56
2020-07-28,1630.14
2020-07-29,1635.55
2020-07-30,1602.38
2020-07-31,1590.32
2020-08-03,1611.05
2020-08-04,1612.73
2020-08-05,1636.9
2020-08-06,1619.4
2020-08-07,1615.9
2020-08-10,1618.55
2020-08-11,1646.03
2020-08-12,1671.06
2020-08-13,1664.21
2020-08-14,1642.77
2020-08-17,1653.45
2020-08-18,1651.87
2020-08-19,1660.24
2020-08-20,1633.83
2020-08-21,1622.51
2020-08-24,1653.48
2020-08-25,1649.56
2020-08-26,1663.01
2020-08-27,1648.3
2020-08-28,1654.24
2020-08-31,1652.28
2020-09-01,1646.88
2020-09-02,1656.93
2020-09-03,1634.43
2020-09-04,1611.05
2020-09-07,1641.22
2020-09-08,1617.98
2020-09-09,1647.34
2020-09-10,1646.14
2020-09-11,1642.94
2020-09-14,1650.77
2020-09-15,1658.75
2020-09-16,1665.26
2020-09-17,1653.21
2020-09-18,1649.35
2020-09-21,1580.91
2020-09-22,1579.09
2020-09-23,1583.91
2020-09-24,1563.35
2020-09-25,1558.59
2020-09-28,1596.39
2020-09-29,1599.51
2020-09-30,1596.25
2020-10-01,1600.03
2020-10-02,1601.38
2020-10-05,1625.21
2020-10-06,1626.06
2020-10-07,1620.02
2020-10-08,1630.94
2020-10-09,1649.25
2020-10-12,1660.13
2020-10-13,1642.12
2020-10-14,1642.52
2020-10-15,1599.78
2020-10-16,1623.68
2020-10-19,1628.53
2020-10-20,1630.51
2020-10-21,1614.85
2020-10-22,1606.75
2020-10-23,1618.35
2020-10-26,1587.95
2020-10-27,1574.44
2020-10-28,1517.89
2020-10-29,1503.61
2020-10-30,1504.84
2020-11-02,1527.87
2020-11-03,1575.8
2020-11-04,1604.59
2020-11-05,1636.17
2020-11-06,1639.72
2020-11-09,1700.39
2020-11-10,1716.4
2020-11-11,1725.19
2020-11-12,1717.27
2020-11-13,1719.05
2020-11-16,1741.95
2020-11-17,1743.97
2020-11-18,1751.54
2020-11-19,1733.04
2020-11-20,1743.72
2020-11-23,1735.47
2020-11-24,1760.91
2020-11-25,1763.76
2020-11-26,1761.43
2020-11-27,1775.11
2020-11-30,1758.87
2020-12-01,1780.29
2020-12-02,1787.39
2020-12-03,1799.15
2020-12-04,1807.62
2020-12-07,1800.92
2020-12-08,1801.93
2020-12-09,1802.91
2020-12-10,1802.78
2020-12-11,1785.29
2020-12-14,1794.86
2020-12-15,1803.15
2020-12-16,1823.43
2020-12-17,1836.48
2020-12-18,1829.02
2020-12-21,1782.53
2020-12-22,1796.27
2020-12-23,1817.82
2020-12-24,1819.16
2020-12-25,1819.16
2020-12-28,1835.61
2020-12-29,1852.95
2020-12-30,1855.74
2020-12-31,1840.22
2021-01-01,1840.22
2021-01-04,1858.37
2021-01-05,1855.93
2021-01-06,1882.84
2021-01-07,1889.17
2021-01-08,1901.16
2021-01-11,1872.8
2021-01-12,1875.21
2021-01-13,1877.03
2021-01-14,1886.78
2021-01-15,1861.52
2021-01-18,1861.65
2021-01-19,1866.45
2021-01-20,1876.03
2021-01-21,1883.17
2021-01-22,1876.27
2021-01-25,1854.96
2021-01-26,1871.28
2021-01-27,1839.17
2021-01-28,1844.01
2021-01-29,1812.8
2021-02-01,1824.98
2021-02-02,1839.54
2021-02-03,1843.58
2021-02-04,1848.44
2021-02-05,1855.23
2021-02-08,1864.09
2021-02-09,1871.06
2021-02-10,1872.24
2021-02-11,1880.01
2021-02-12,1890.74
2021-02-15,1918.56
2021-02-16,1914.91
2021-02-17,1888.45
2021-02-18,1879.59
2021-02-19,1897.38
2021-02-22,1891.16
2021-02-23,1886.81
2021-02-24,1889.59
2021-02-25,1899.69
2021-02-26,1854.48
2021-03-01,1874.72
2021-03-02,1880.59
2021-03-03,1883.71
2021-03-04,1872.81
2021-03-05,1838.9
2021-03-08,1868.51
2021-03-09,1885.8
2021-03-10,1895.84
2021-03-11,1914.7
2021-03-12,1906.75
2021-03-15,1902.86
2021-03-16,1915.31
2021-03-17,1909.79
2021-03-18,1920.88
2021-03-19,1903.1
2021-03-22,1910.81
2021-03-23,1896.78
2021-03-24,1890.46
2021-03-25,1880.5
2021-03-26,1900.97
2021-03-29,1898.94
2021-03-30,1906.26
2021-03-31,1905.02
2021-04-01,1916.74
2021-04-02,1916.74
2021-04-05,1924.58
2021-04-06,1942.82
2021-04-07,1948.64
2021-04-08,1959.9
2021-04-09,1960.1
2021-04-12,1954.56
2021-04-13,1958.38
2021-04-14,1969.18
2021-04-15,1978.63
2021-04-16,1998.29
2021-04-19,2003.39
2021-04-20,1969.62
2021-04-21,1980.39
2021-04-22,1992.0
2021-04-23,1993.67
2021-04-26,2003.49
2021-04-27,2002.17
2021-04-28,2003.75
2021-04-29,2002.03
2021-04-30,1983.16
2021-05-03,2000.42
2021-05-04,1965.89
2021-05-05,1997.98
2021-05-06,2004.95
2021-05-07,2035.54
2021-05-10,2040.85
2021-05-11,2000.63
2021-05-12,1994.22
2021-05-13,1990.93
2021-05-14,2024.96
2021-05-17,2026.72
2021-05-18,2041.63
2021-05-19,2009.8
2021-05-20,2035.29
2021-05-21,2042.6
2021-05-24,2050.42
2021-05-25,2054.39
2021-05-26,2050.02
2021-05-27,2051.84
2021-05-28,2060.11
2021-05-31,2056.97
2021-06-01,2075.62
2021-06-02,2075.59
2021-06-03,2061.94
2021-06-04,2074.04
2021-06-07,2083.68
2021-06-08,2085.23
2021-06-09,2087.39
2021-06-10,2086.33
2021-06-11,2089.66
2021-06-14,2095.97
2021-06-15,2100.01
2021-06-16,2103.22
2021-06-17,2071.07
2021-06-18,2022.64
2021-06-21,2046.48
2021-06-22,2049.38
2021-06-23,2043.2
2021-06-24,2057.64
2021-06-25,2064.76
2021-06-28,2047.52
2021-06-29,2050.22
2021-06-30,2026.34
2021-07-01,2039.8
2021-07-02,2040.02
2021-07-05,2049.75
2021-07-06,2033.31
2021-07-07,2043.9
2021-07-08,2018.7
2021-07-09,2047.43
2021-07-12,2062.09
2021-07-13,2055.31
2021-07-14,2053.14
2021-07-15,2033.2
2021-07-16,2024.93
2021-07-19,1977.79
2021-07-20,1980.53
2021-07-21,2017.28
2021-07-22,2027.34
2021-07-23,2044.43
2021-07-26,2050.9
2021-07-27,2042.71
2021-07-28,2051.51
2021-07-29,2077.06
2021-07-30,2062.24
2021-08-02,2078.03
2021-08-03,2078.96
2021-08-04,2088.53
2021-08-05,2094.75
2021-08-06,2081.54
2021-08-09,2082.84
2021-08-10,2085.52
2021-08-11,2097.7
2021-08-12,2098.09
2021-08-13,2113.19
2021-08-16,2100.66
2021-08-17,2089.81
2021-08-18,2090.66
2021-08-19,2052.89
2021-08-20,2058.88
2021-08-23,2083.18
2021-08-24,2086.54
2021-08-25,2084.55
2021-08-26,2078.28
2021-08-27,2092.39
2021-08-30,2095.78
2021-08-31,2088.28
2021-09-01,2107.38
2021-09-02,2115.95
2021-09-03,2106.02
2021-09-06,2117.18
2021-09-07,2104.83
2021-09-08,2077.48
2021-09-09,2075.72
2021-09-10,2073.52
2021-09-13,2075.59
2021-09-14,2077.57
2021-09-15,2061.28
2021-09-16,2059.75
2021-09-17,2036.33
2021-09-20,2000.69
2021-09-21,2022.42
2021-09-22,2043.89
2021-09-23,2065.45
2021-09-24,2041.23
2021-09-27,2036.37
2021-09-28,1989.87
2021-09-29,1992.65
2021-09-30,1986.96
2021-10-01,1979.51
2021-10-04,1976.0
2021-10-05,1993.6
2021-10-06,1964.92
2021-10-07,1999.78
2021-10-08,1997.43
2021-10-11,1999.1
2021-10-12,1993.28
2021-10-13,2010.32
2021-10-14,2036.21
2021-10-15,2054.61
2021-10-18,2043.21
2021-10-19,2057.43
2021-10-20,2064.6
2021-10-21,2062.54
2021-10-22,2072.08
2021-10-25,2067.77
2021-10-26,2079.8
2021-10-27,2072.21
2021-10-28,2091.3
2021-10-29,2074.04
2021-11-01,2092.63
2021-11-02,2093.61
2021-11-03,2102.18
2021-11-04,2102.02
2021-11-05,2104.74
2021-11-08,2111.31
2021-11-09,2107.07
2021-11-10,2100.05
2021-11-11,2098.01
2021-11-12,2099.3
2021-11-15,2102.25
2021-11-16,2093.15
2021-11-17,2089.18
2021-11-18,2086.71
2021-11-19,2072.83
2021-11-22,2057.96
2021-11-23,2036.12
2021-11-24,2026.65
2021-11-25,2036.93
2021-11-26,1979.95
2021-11-29,1985.14
2021-11-30,1964.47
2021-12-01,2012.23
2021-12-02,1987.08
2021-12-03,1970.15
2021-12-06,1995.28
2021-12-07,2039.1
2021-12-08,2042.98
2021-12-09,2032.35
2021-12-10,2030.29
2021-12-13,2016.58
2021-12-14,1999.47
2021-12-15,2000.8
2021-12-16,2035.84
2021-12-17,2017.98
2021-12-20,1993.21
2021-12-21,2016.97
2021-12-22,2045.92
2021-12-23,2063.05
2021-12-24,2064.56
2021-12-27,2075.12
2021-12-28,2083.7
2021-12-29,2090.52
2021-12-30,2089.47
2021-12-31,2093.27
2022-01-03,2088.57
2022-01-04,2110.29
2022-01-05,2116.55
2022-01-06,2083.35
2022-01-07,2086.56
2022-01-10,2052.0
2022-01-11,2073.59
2022-01-12,2101.54
2022-01-13,2109.16
2022-01-14,2085.14
2022-01-17,2094.16
2022-01-18,2064.65
2022-01-19,2069.03
2022-01-20,2079.76
2022-01-21,2042.47
2022-01-24,1959.57
2022-01-25,1967.99
2022-01-26,2002.54
2022-01-27,1992.6
2022-01-28,1975.5
2022-01-31,1996.54
2022-02-01,2028.96
2022-02-02,2045.85
2022-02-03,2032.66
2022-02-04,2011.09
2022-02-07,2025.91
2022-02-08,2021.36
2022-02-09,2056.93
2022-02-10,2058.9
2022-02-11,2035.96
2022-02-14,1982.49
2022-02-15,2018.73
2022-02-16,2021.33
2022-02-17,2008.81
2022-02-18,1988.74
2022-02-21,1962.76
2022-02-22,1963.54
2022-02-23,1957.22
2022-02-24,1858.22
2022-02-25,1942.09
2022-02-28,1937.56
2022-03-01,1877.34
2022-03-02,1881.03
2022-03-03,1842.96
2022-03-04,1754.7
2022-03-07,1728.97
2022-03-08,1720.88
2022-03-09,1827.87
2022-03-10,1791.98
2022-03-11,1799.49
2022-03-14,1822.12
2022-03-15,1816.85
2022-03-16,1874.16
2022-03-17,1902.47
2022-03-18,1909.18
2022-03-21,1910.28
2022-03-22,1921.92
2022-03-23,1899.36
2022-03-24,1896.43
2022-03-25,1893.75
2022-03-28,1893.55
2022-03-29,1949.0
2022-03-30,1952.32
2022-03-31,1927.37
2022-04-01,1922.38
2022-04-04,1931.26
2022-04-05,1924.58
2022-04-06,1893.33
2022-04-07,1888.05
2022-04-08,1906.6
2022-04-11,1899.52
2022-04-12,1888.16
2022-04-13,1884.42
2022-04-14,1884.11
2022-04-15,1884.11
2022-04-18,1884.06
2022-04-19,1871.4
2022-04-20,1900.3
2022-04-21,1901.35
2022-04-22,1856.8
2022-04-25,1811.99
2022-04-26,1786.64
2022-04-27,1778.01
2022-04-28,1788.8
2022-04-29,1807.6
2022-05-02,1778.02
2022-05-03,1789.46
2022-05-04,1772.63
2022-05-05,1757.86
2022-05-06,1733.79
2022-05-09,1675.31
2022-05-10,1689.3
2022-05-11,1718.92
2022-05-12,1683.97
2022-05-13,1715.68
2022-05-16,1718.05
2022-05-17,1760.58
2022-05-18,1736.61
2022-05-19,1724.4
2022-05-20,1731.79
2022-05-23,1771.82
2022-05-24,1762.61
2022-05-25,1765.88
2022-05-26,1785.82
2022-05-27,1809.74
2022-05-30,1832.5
2022-05-31,1808.41
2022-06-01,1782.78
2022-06-02,1801.08
2022-06-03,1796.96
2022-06-06,1812.59
2022-06-07,1805.62
2022-06-08,1799.96
2022-06-09,1762.25
2022-06-10,1696.82
2022-06-13,1640.2
2022-06-14,1618.28
2022-06-15,1640.47
2022-06-16,1614.13
2022-06-17,1608.2
2022-06-20,1636.45
2022-06-21,1646.34
2022-06-22,1639.9
2022-06-23,1615.96
2022-06-24,1661.65
2022-06-27,1678.7
2022-06-28,1670.04
2022-06-29,1655.07
2022-06-30,1626.39
2022-07-01,1616.61
2022-07-04,1631.64
2022-07-05,1569.35
2022-07-06,1587.52
2022-07-07,1612.94
2022-07-08,1621.94
2022-07-11,1599.92
2022-07-12,1602.32
2022-07-13,1595.67
2022-07-14,1554.07
2022-07-15,1594.45
2022-07-18,1627.41
2022-07-19,1658.2
2022-07-20,1648.26
2022-07-21,1651.64
2022-07-22,1662.35
2022-07-25,1663.09
2022-07-26,1650.24
2022-07-27,1655.43
2022-07-28,1678.07
2022-07-29,1705.59
2022-08-01,1715.37
2022-08-02,1698.83
2022-08-03,1694.95
2022-08-04,1710.91
2022-08-05,1690.77
2022-08-08,1711.52
2022-08-09,1701.84
2022-08-10,1737.44
2022-08-11,1737.03
2022-08-12,1722.31
2022-08-15,1720.14
2022-08-16,1720.39
2022-08-17,1702.91
2022-08-18,1703.74
2022-08-19,1677.57
2022-08-22,1650.14
2022-08-23,1646.5
2022-08-24,1650.0
2022-08-25,1653.59
2022-08-26,1631.87
2022-08-29,1612.68
2022-08-30,1603.4
2022-08-31,1595.21
2022-09-01,1548.67
2022-09-02,1594.34
2022-09-05,1568.58
2022-09-06,1569.12
2022-09-07,1566.6
2022-09-08,1575.61
2022-09-09,1612.91
2022-09-12,1655.43
2022-09-13,1612.23
2022-09-14,1595.96
2022-09-15,1584.7
2022-09-16,1565.6
2022-09-19,1561.28
2022-09-20,1542.15
2022-09-21,1537.22
2022-09-22,1500.77
2022-09-23,1449.64
2022-09-26,1435.62
2022-09-27,1430.51
2022-09-28,1436.77
2022-09-29,1433.31
2022-09-30,1454.9
2022-10-03,1468.8
2022-10-04,1536.11
2022-10-05,1505.98
2022-10-06,1493.65
2022-10-07,1468.49
2022-10-10,1450.01
2022-10-11,1442.85
2022-10-12,1434.51
2022-10-13,1447.89
2022-10-14,1461.01
2022-10-17,1496.94
2022-10-18,1507.32
2022-10-19,1490.84
2022-10-20,1502.25
2022-10-21,1486.37
2022-10-24,1520.27
2022-10-25,1553.9
2022-10-26,1577.26
2022-10-27,1568.44
2022-10-28,1563.16
2022-10-31,1558.12
2022-11-01,1565.3
2022-11-02,1560.32
2022-11-03,1528.3
2022-11-04,1578.39
2022-11-07,1599.1
2022-11-08,1621.72
2022-11-09,1610.9
2022-11-10,1678.84
2022-11-11,1703.8
2022-11-14,1707.36
2022-11-15,1719.48
2022-11-16,1709.98
2022-11-17,1690.57
2022-11-18,1715.02
2022-11-21,1693.26
2022-11-22,1713.29
2022-11-23,1738.08
2022-11-24,1751.19
2022-11-25,1750.89
2022-11-28,1738.51
2022-11-29,1730.59
2022-11-30,1732.53
2022-12-01,1779.11
2022-12-02,1773.9
2022-12-05,1775.95
2022-12-06,1761.43
2022-12-07,1750.27
2022-12-08,1754.26
2022-12-09,1767.98
2022-12-12,1755.9
2022-12-13,1797.55
2022-12-14,1798.48
2022-12-15,1747.96
2022-12-16,1721.64
2022-12-19,1720.4
2022-12-20,1723.58
2022-12-21,1749.07
2022-12-22,1730.02
2022-12-23,1732.27
2022-12-27,1740.36
2022-12-28,1733.51
2022-12-29,1752.88
2022-12-30,1731.58
2023-01-02,1748.1
2023-01-03,1751.44
2023-01-04,1784.25
2023-01-05,1767.39
2023-01-06,1801.65
2023-01-09,1840.57
2023-01-10,1827.34
2023-01-11,1838.38
2023-01-12,1859.17
2023-01-13,1872.41
2023-01-16,1880.53
2023-01-17,1884.21
2023-01-18,1894.37
2023-01-19,1858.1
2023-01-20,1871.7
2023-01-23,1887.09
2023-01-24,1884.01
2023-01-25,1884.0
2023-01-26,1882.79
2023-01-27,1884.48
2023-01-30,1887.12
2023-01-31,1880.6
2023-02-01,1890.25
2023-02-02,1916.88
2023-02-03,1910.1
2023-02-06,1873.74
2023-02-07,1871.05
2023-02-08,1880.96
2023-02-09,1899.99
2023-02-10,1867.65
2023-02-13,1892.01
2023-02-14,1893.76
2023-02-15,1894.21
2023-02-16,1898.41
2023-02-17,1892.4
2023-02-20,1898.12
2023-02-21,1893.91
2023-02-22,1878.14
2023-02-23,1872.45
2023-02-24,1842.26
2023-02-27,1872.2
2023-02-28,1866.32
2023-03-01,1864.14
2023-03-02,1863.88
2023-03-03,1878.6
2023-03-06,1892.2
2023-03-07,1861.73
2023-03-08,1857.28
2023-03-09,1856.51
2023-03-10,1852.68
2023-03-13,1816.56
2023-03-14,1842.44
2023-03-15,1757.95
2023-03-16,1793.42
2023-03-17,1776.33
2023-03-20,1806.48
2023-03-21,1838.38
2023-03-22,1845.76
2023-03-23,1858.22
2023-03-24,1812.7
2023-03-27,1835.08
2023-03-28,1843.12
2023-03-29,1866.06
2023-03-30,1898.45
2023-03-31,1902.85
2023-04-03,1906.98
2023-04-04,1919.38
2023-04-05,1907.52
2023-04-06,1919.25
2023-04-07,1919.25
2023-04-10,1904.8
2023-04-11,1928.59
2023-04-12,1942.67
2023-04-13,1962.78
2023-04-14,1966.62
2023-04-17,1949.9
2023-04-18,1965.69
2023-04-19,1963.2
2023-04-20,1964.35
2023-04-21,1970.3
2023-04-24,1980.29
2023-04-25,1963.76
2023-04-26,1958.27
2023-04-27,1955.58
2023-04-28,1971.69
2023-05-01,1962.23
2023-05-02,1937.87
2023-05-03,1957.34
2023-05-04,1939.13
2023-05-05,1960.46
2023-05-08,1968.65
2023-05-09,1952.23
2023-05-10,1947.29
2023-05-11,1937.69
2023-05-12,1935.65
2023-05-15,1940.79
2023-05-16,1932.56
2023-05-17,1921.52
2023-05-18,1920.1
2023-05-19,1935.92
2023-05-22,1938.02
2023-05-23,1922.37
2023-05-24,1885.46
2023-05-25,1873.42
2023-05-26,1891.35
2023-05-29,1889.71
2023-05-30,1874.96
2023-05-31,1843.05
2023-06-01,1868.95
2023-06-02,1895.48
2023-06-05,1883.64
2023-06-06,1886.97
2023-06-07,1886.2
2023-06-08,1896.97
2023-06-09,1891.07
2023-06-12,1892.46
2023-06-13,1913.03
2023-06-14,1928.8
2023-06-15,1937.05
2023-06-16,1949.81
2023-06-19,1930.19
2023-06-20,1915.09
2023-06-21,1914.99
2023-06-22,1906.46
2023-06-23,1887.38
2023-06-26,1890.12
2023-06-27,1898.43
2023-06-28,1902.41
2023-06-29,1902.49
2023-06-30,1928.43
2023-07-03,1923.67
2023-07-04,1924.05
2023-07-05,1905.67
2023-07-06,1859.99
2023-07-07,1874.87
2023-07-10,1882.66
2023-07-11,1898.37
2023-07-12,1949.1
2023-07-13,1974.44
2023-07-14,1981.05
2023-07-17,1966.83
2023-07-18,1979.37
2023-07-19,1975.17
2023-07-20,1976.62
2023-07-21,1977.3
2023-07-24,1972.46
2023-07-25,1975.24
2023-07-26,1967.68
2023-07-27,1981.35
2023-07-28,1985.44
2023-07-31,1985.86
2023-08-01,1960.03
2023-08-02,1924.6
2023-08-03,1912.87
2023-08-04,1933.74
2023-08-07,1932.18
2023-08-08,1918.62
2023-08-09,1933.53
2023-08-10,1955.03
2023-08-11,1925.54
2023-08-14,1916.45
2023-08-15,1904.26
2023-08-16,1897.71
2023-08-17,1878.82
2023-08-18,1865.11
2023-08-21,1869.04
2023-08-22,1875.38
2023-08-23,1882.2
2023-08-24,1873.39
2023-08-25,1860.77
2023-08-28,1882.94
2023-08-29,1905.42
2023-08-30,1919.5
2023-08-31,1901.81
2023-09-01,1893.62
2023-09-04,1889.42
2023-09-05,1871.69
2023-09-06,1861.28
2023-09-07,1859.17
2023-09-08,1864.72
2023-09-11,1876.43
2023-09-12,1867.54
2023-09-13,1865.65
2023-09-14,1881.43
2023-09-15,1886.14
2023-09-18,1867.65
2023-09-19,1869.23
2023-09-20,1890.67
2023-09-21,1855.84
2023-09-22,1849.81
2023-09-25,1824.53
2023-09-26,1814.64
2023-09-27,1799.0
2023-09-28,1814.45
2023-09-29,1824.94
2023-10-02,1791.23
2023-10-03,1768.71
2023-10-04,1769.17
2023-10-05,1780.29
2023-10-06,1795.97
2023-10-09,1792.97
2023-10-10,1836.68
2023-10-11,1844.24
2023-10-12,1834.68
2023-10-13,1808.71
2023-10-16,1819.87
2023-10-17,1822.73
2023-10-18,1797.38
2023-10-19,1781.15
2023-10-20,1760.36
2023-10-23,1764.91
2023-10-24,1767.85
2023-10-25,1767.42
2023-10-26,1751.16
2023-10-27,1741.58
2023-10-30,1754.22
2023-10-31,1755.54
2023-11-01,1762.19
2023-11-02,1803.02
2023-11-03,1824.41
2023-11-06,1823.96
2023-11-07,1811.15
2023-11-08,1819.58
2023-11-09,1835.37
2023-11-10,1809.55
2023-11-13,1826.49
2023-11-14,1873.83
2023-11-15,1886.72
2023-11-16,1876.22
2023-11-17,1896.49
2023-11-20,1906.99
2023-11-21,1905.13
2023-11-22,1899.04
2023-11-23,1911.95
2023-11-24,1923.32
2023-11-27,1915.27
2023-11-28,1917.56
2023-11-29,1925.0
2023-11-30,1925.41
2023-12-01,1930.4
2023-12-04,1925.75
2023-12-05,1930.91
2023-12-06,1937.9
2023-12-07,1931.65
2023-12-08,1943.24
2023-12-11,1944.62
2023-12-12,1947.64
2023-12-13,1949.32
2023-12-14,2000.15
2023-12-15,1986.25
2023-12-18,1980.84
2023-12-19,2000.74
2023-12-20,2001.7
2023-12-21,2000.53
2023-12-22,2007.56
2023-12-25,2007.56
2023-12-26,2008.57
2023-12-27,2028.27
2023-12-28,2026.46
2023-12-29,2020.4
2024-01-01,2020.4
2024-01-02,1999.71
2024-01-03,1976.33
2024-01-04,1999.34
2024-01-05,1998.31
2024-01-08,2003.89
2024-01-09,1990.54
2024-01-10,1996.09
2024-01-11,1977.25
2024-01-12,1997.08
2024-01-15,1983.77
2024-01-16,1966.52
2024-01-17,1939.94
2024-01-18,1951.42
2024-01-19,1952.29
2024-01-22,1967.48
2024-01-23,1952.53
2024-01-24,1987.86
2024-01-25,1980.96
2024-01-26,2009.32
2024-01-29,2002.1
2024-01-30,2012.44
2024-01-31,2016.94
2024-02-01,2003.5
2024-02-02,1999.06
2024-02-05,1984.69
2024-02-06,2000.4
2024-02-07,1997.98
2024-02-08,1996.52
2024-02-09,1999.04
2024-02-12,2005.62
2024-02-13,1978.03
2024-02-14,1988.15
2024-02-15,2009.2
2024-02-16,2023.57
2024-02-19,2026.51
2024-02-20,2035.33
2024-02-21,2028.33
2024-02-22,2045.38
2024-02-23,2056.47
2024-02-26,2054.5
2024-02-27,2057.53
2024-02-28,2047.93
2024-02-29,2045.27
2024-03-01,2059.77
2024-03-04,2064.91
2024-03-05,2061.96
2024-03-06,2076.1
2024-03-07,2101.78
2024-03-08,2107.73
2024-03-11,2094.1
2024-03-12,2113.33
2024-03-13,2121.69
2024-03-14,2107.13
2024-03-15,2099.98
2024-03-18,2095.77
2024-03-19,2095.44
2024-03-20,2094.37
2024-03-21,2113.96
2024-03-22,2105.2
2024-03-25,2110.62
2024-03-26,2113.17
2024-03-27,2114.18
2024-03-28,2113.34
2024-04-01,2101.83
2024-04-02,2089.92
2024-04-03,2106.71
2024-04-04,2118.73
2024-04-05,2091.44
2024-04-08,2107.29
2024-04-09,2095.76
2024-04-10,2079.02
2024-04-11,2061.8
2024-04-12,2051.29
2024-04-15,2053.16
2024-04-16,2023.23
2024-04-17,2024.99
2024-04-18,2032.59
2024-04-19,2034.32
2024-04-22,2042.01
2024-04-23,2074.3
2024-04-24,2064.46
2024-04-25,2056.55
2024-04-26,2073.3
2024-04-29,2080.08
2024-04-30,2061.89
2024-05-01,2057.15
2024-05-02,2053.79
2024-05-03,2078.6
2024-05-06,2091.24
2024-05-07,2115.59
2024-05-08,2117.22
2024-05-09,2125.94
2024-05-10,2140.39
2024-05-13,2148.36
2024-05-14,2155.35
2024-05-15,2173.71
2024-05-16,2171.57
2024-05-17,2169.94
2024-05-20,2171.9
2024-05-21,2167.59
2024-05-22,2154.56
2024-05-23,2154.97
2024-05-24,2154.36
2024-05-27,2163.3
2024-05-28,2153.33
2024-05-29,2118.79
2024-05-30,2136.49
2024-05-31,2146.61
2024-06-03,2155.85
2024-06-04,2147.7
2024-06-05,2163.1
2024-06-06,2180.42
2024-06-07,2163.38
2024-06-10,2142.31
2024-06-11,2120.45
2024-06-12,2167.13
2024-06-13,2124.71
2024-06-14,2088.81
2024-06-17,2095.67
2024-06-18,2114.26
2024-06-19,2112.47
2024-06-20,2126.72
2024-06-21,2103.62
2024-06-24,2127.71
2024-06-25,2118.14
2024-06-26,2102.97
2024-06-27,2099.07
2024-06-28,2095.46
2024-07-01,2104.22
2024-07-02,2098.11
2024-07-03,2124.68
2024-07-04,2137.48
2024-07-05,2136.04
2024-07-08,2136.92
2024-07-09,2114.3
2024-07-10,2135.1
2024-07-11,2157.78
2024-07-12,2183.28
2024-07-15,2162.05
2024-07-16,2148.44
2024-07-17,2147.85
2024-07-18,2140.04
2024-07-19,2118.88
2024-07-22,2137.87
2024-07-23,2133.25
2024-07-24,2121.6
2024-07-25,2106.82
2024-07-26,2123.94
2024-07-29,2111.84
2024-07-30,2118.36
2024-07-31,2139.1
2024-08-01,2107.68
2024-08-02,2075.28
2024-08-05,2041.46
2024-08-06,2039.17
2024-08-07,2069.83
2024-08-08,2067.23
2024-08-09,2081.61
2024-08-12,2082.01
2024-08-13,2097.78
2024-08-14,2123.24
2024-08-15,2138.06
2024-08-16,2145.38
2024-08-19,2173.19
2024-08-20,2172.81
2024-08-21,2182.58
2024-08-22,2188.1
2024-08-23,2210.05
2024-08-26,2209.01
2024-08-27,2211.4
2024-08-28,2211.63
2024-08-29,2217.18
2024-08-30,2218.54
2024-09-02,2217.68
2024-09-03,2191.03
2024-09-04,2178.49
2024-09-05,2163.52
2024-09-06,2148.67
2024-09-09,2151.1
2024-09-10,2133.83
2024-09-11,2133.73
2024-09-12,2156.32
2024-09-13,2181.78
2024-09-16,2184.98
2024-09-17,2192.97
2024-09-18,2180.14
2024-09-19,2212.22
2024-09-20,2183.5
2024-09-23,2190.6
2024-09-24,2209.53
2024-09-25,2211.34
2024-09-26,2237.38
2024-09-27,2250.56
2024-09-30,2225.64
2024-10-01,2200.7
2024-10-02,2194.16
2024-10-03,2170.69
2024-10-04,2169.71
2024-10-07,2175.8
2024-10-08,2162.8
2024-10-09,2172.41
2024-10-10,2163.87
2024-10-11,2179.91
2024-10-14,2186.16
2024-10-15,2164.57
2024-10-16,2155.68
2024-10-17,2163.76
2024-10-18,2174.34
2024-10-21,2155.87
2024-10-22,2146.23
2024-10-23,2132.9
2024-10-24,2138.17
2024-10-25,2144.3
2024-10-28,2150.08
2024-10-29,2133.69
2024-10-30,2118.89
2024-10-31,2092.6
2024-11-01,2114.05
2024-11-04,2116.35
2024-11-05,2118.28
2024-11-06,2074.55
2024-11-07,2100.37
2024-11-08,2074.59
2024-11-11,2078.38
2024-11-12,2029.88
2024-11-13,2024.18
2024-11-14,2043.09
2024-11-15,2019.4
2024-11-18,2026.14
2024-11-19,2020.2
2024-11-20,2007.54
2024-11-21,2013.98
2024-11-22,2018.31
2024-11-25,2034.02
2024-11-26,2021.64
2024-11-27,2034.51
2024-11-28,2040.2
2024-11-29,2053.91
2024-12-02,2050.17
2024-12-03,2067.71
2024-12-04,2077.16
2024-12-05,2093.43
2024-12-06,2095.2
2024-12-09,2103.41
2024-12-10,2074.83
2024-12-11,2078.02
2024-12-12,2072.62
2024-12-13,2064.51
2024-12-16,2066.15
2024-12-17,2056.55
2024-12-18,2052.66
2024-12-19,2004.24
2024-12-20,1989.43
2024-12-23,1991.34
2024-12-24,1995.22
2024-12-25,1995.22
2024-12-26,1996.49
2024-12-27,2014.2
2024-12-30,1996.94
2024-12-31,2002.92
2025-01-02,1999.53
2025-01-03,1992.58
2025-01-06,2032.18
2025-01-07,2034.95
2025-01-08,2018.64
2025-01-09,2027.34
2025-01-10,2000.43
2025-01-13,1979.88
2025-01-14,1997.17
2025-01-15,2024.86
2025-01-16,2044.16
2025-01-17,2057.66
2025-01-20,2078.24
2025-01-21,2086.13
2025-01-22,2098.09
2025-01-23,2102.68
2025-01-24,2126.53
2025-01-27,2121.81
2025-01-28,2114.25
2025-01-29,2124.6
2025-01-30,2144.47
2025-01-31,2139.61
2025-02-03,2104.95
2025-02-04,2124.99
2025-02-05,2143.58
2025-02-06,2157.63
2025-02-07,2143.95
2025-02-10,2150.43
2025-02-11,2160.5
2025-02-12,2170.53
2025-02-13,2206.9
2025-02-14,2216.73
2025-02-17,2222.75
2025-02-18,2226.99
2025-02-19,2199.19
2025-02-20,2205.24
2025-02-21,2211.6
2025-02-24,2213.3
2025-02-25,2222.97
2025-02-26,2246.57
2025-02-27,2216.3
2025-02-28,2215.04
2025-03-03,2256.9
2025-03-04,2218.74
2025-03-05,2286.58
2025-03-06,2294.4
2025-03-07,2294.5
2025-03-10,2257.61
2025-03-11,2236.98
2025-03-12,2254.27
2025-03-13,2238.61
2025-03-14,2266.83
2025-03-17,2295.8
2025-03-18,2309.45
2025-03-19,2303.45
2025-03-20,2287.9
2025-03-21,2266.8
2025-03-24,2260.11
2025-03-25,2276.65
2025-03-26,2255.88
