date,UTI – Gold Fund,SBI – Gold Fund
2016-04-01,25.63,9.4092
2016-04-02,25.63,9.4092
2016-04-03,25.63,9.4092
2016-04-04,25.63,9.4092
2016-04-05,25.94,9.4824
2016-04-06,25.95,9.5164
2016-04-07,26.09,9.5673
2016-04-08,26.1225,9.5944
2016-04-09,26.155,9.6215
2016-04-10,26.1875,9.6486
2016-04-11,26.22,9.6757
2016-04-12,26.5,9.7423
2016-04-13,26.32,9.727
2016-04-14,26.308,9.72804
2016-04-15,26.296,9.72908
2016-04-16,26.284,9.73012
2016-04-17,26.272,9.73116
2016-04-18,26.26,9.7322
2016-04-19,26.37,9.7367
2016-04-20,26.48,9.7412
2016-04-21,26.71,9.8452
2016-04-22,26.63,9.803
2016-04-23,26.556666666666665,9.7791
2016-04-24,26.48333333333333,9.7552
2016-04-25,26.41,9.7313
2016-04-26,26.33,9.7132
2016-04-27,26.56,9.7514
2016-04-28,26.74,9.8832
2016-04-29,27.03,10.007
2016-04-30,27.09,10.038166666666667
2016-05-01,27.15,10.069333333333333
2016-05-02,27.21,10.1005
2016-05-03,27.19,10.0996
2016-05-04,27.06,10.0084
2016-05-05,27.05,9.9315
2016-05-06,27.14,10.0019
2016-05-07,27.1,10.0009
2016-05-08,27.06,9.9999
2016-05-09,27.02,9.9989
2016-05-10,26.92,9.9205
2016-05-11,27.05,9.9532
2016-05-12,26.98,9.9137
2016-05-13,27.1,9.9947
2016-05-14,27.10666666666667,9.993533333333334
2016-05-15,27.113333333333333,9.992366666666666
2016-05-16,27.12,9.9912
2016-05-17,27.12,9.9746
2016-05-18,27.09,9.9661
2016-05-19,26.99,9.9001
2016-05-20,27.12,9.9202
2016-05-21,27.07333333333333,9.904866666666669
2016-05-22,27.026666666666667,9.889533333333333
2016-05-23,26.98,9.8742
2016-05-24,26.91,9.8462
2016-05-25,26.54,9.6626
2016-05-26,26.44,9.6563
2016-05-27,26.23,9.5585
2016-05-28,26.183333333333334,9.566433333333334
2016-05-29,26.136666666666667,9.574366666666666
2016-05-30,26.09,9.5823
2016-05-31,26.11,9.5424
2016-06-01,26.24,9.5883
2016-06-02,26.07,9.5946
2016-06-03,26.08,9.5915
2016-06-04,26.21,9.629966666666666
2016-06-05,26.34,9.668433333333333
2016-06-06,26.47,9.7069
2016-06-07,26.33,9.661
2016-06-08,26.36,9.713
2016-06-09,26.51,9.7705
2016-06-10,26.61,9.8132
2016-06-11,26.706666666666667,9.848933333333331
2016-06-12,26.80333333333333,9.884666666666668
2016-06-13,26.9,9.9204
2016-06-14,26.88,9.9128
2016-06-15,26.85,9.9156
2016-06-16,27.03,9.9875
2016-06-17,26.8,9.9215
2016-06-18,26.80666666666667,9.925633333333334
2016-06-19,26.813333333333333,9.929766666666666
2016-06-20,26.82,9.9339
2016-06-21,26.87,9.987
2016-06-22,26.7,9.9032
2016-06-23,26.64,9.8099
2016-06-24,26.97,10.1337
2016-06-25,27.07,10.1686
2016-06-26,27.17,10.2035
2016-06-27,27.27,10.2384
2016-06-28,27.27,10.1792
2016-06-29,27.34,10.1726
2016-06-30,27.21,10.1764
2016-07-01,27.3,10.241
2016-07-02,27.383333333333333,10.277166666666666
2016-07-03,27.46666666666667,10.313333333333334
2016-07-04,27.55,10.3495
2016-07-05,27.49,10.3329
2016-07-06,27.865,10.4043
2016-07-07,28.24,10.4757
2016-07-08,28.39,10.367
2016-07-09,28.42,10.3694
2016-07-10,28.45,10.3718
2016-07-11,28.48,10.3742
2016-07-12,28.38,10.4698
2016-07-13,28.32,10.3835
2016-07-14,28.08,10.2261
2016-07-15,28.01,10.2397
2016-07-16,28.05333333333333,10.2363
2016-07-17,28.096666666666668,10.2329
2016-07-18,28.14,10.2295
2016-07-19,28.0,10.252
2016-07-20,27.92,10.228
2016-07-21,27.93,10.2294
2016-07-22,28.03,10.2212
2016-07-23,28.02,10.221
2016-07-24,28.01,10.2208
2016-07-25,28.0,10.2206
2016-07-26,28.05,10.2581
2016-07-27,28.02,10.2369
2016-07-28,28.07,10.2897
2016-07-29,28.07,10.2812
2016-07-30,28.12,10.304266666666669
2016-07-31,28.17,10.327333333333334
2016-08-01,28.22,10.3504
2016-08-02,28.3,10.3773
2016-08-03,28.57,10.4691
2016-08-04,28.38,10.3865
2016-08-05,28.41,10.4201
2016-08-06,28.293333333333333,10.365666666666666
2016-08-07,28.176666666666662,10.311233333333334
2016-08-08,28.06,10.2568
2016-08-09,28.1,10.2896
2016-08-10,28.48,10.4323
2016-08-11,28.41,10.4621
2016-08-12,28.34,10.3558
2016-08-13,28.35,10.3804
2016-08-14,28.36,10.405
2016-08-15,28.37,10.4296
2016-08-16,28.38,10.4542
2016-08-17,28.52,10.42835
2016-08-18,28.66,10.4025
2016-08-19,29.09,10.4757
2016-08-20,28.886666666666667,10.4637
2016-08-21,28.683333333333334,10.4517
2016-08-22,28.48,10.4397
2016-08-23,28.43,10.4284
2016-08-24,28.47,10.435
2016-08-25,28.32,10.3358
2016-08-26,28.37,10.3416
2016-08-27,28.293333333333333,10.324033333333333
2016-08-28,28.21666666666667,10.306466666666669
2016-08-29,28.14,10.2889
2016-08-30,28.28,10.3184
2016-08-31,28.15,10.3092
2016-09-01,27.99,10.209
2016-09-02,27.97,10.2368
2016-09-03,27.9625,10.26195
2016-09-04,27.955,10.2871
2016-09-05,27.9475,10.31225
2016-09-06,27.94,10.3374
2016-09-07,28.22,10.3878
2016-09-08,28.07,10.3955
2016-09-09,28.07,10.3472
2016-09-10,28.09,10.3512
2016-09-11,28.11,10.3552
2016-09-12,28.13,10.3592
2016-09-13,28.125,10.36445
2016-09-14,28.12,10.3697
2016-09-15,28.51,10.3223
2016-09-16,28.17,10.3617
2016-09-17,28.21,10.369266666666666
2016-09-18,28.25,10.376833333333334
2016-09-19,28.29,10.3844
2016-09-20,28.33,10.3137
2016-09-21,28.39,10.3641
2016-09-22,28.49,10.4068
2016-09-23,28.43,10.4285
2016-09-24,28.42333333333333,10.408633333333333
2016-09-25,28.416666666666668,10.388766666666667
2016-09-26,28.41,10.3689
2016-09-27,28.32,10.3911
2016-09-28,28.15,10.3182
2016-09-29,28.42,10.3953
2016-09-30,28.3,10.3786
2016-10-01,28.276666666666667,10.3565
2016-10-02,28.25333333333333,10.3344
2016-10-03,28.23,10.3123
2016-10-04,28.16,10.2865
2016-10-05,27.88,10.0316
2016-10-06,27.84,10.0123
2016-10-07,27.63,9.8822
2016-10-08,27.656666666666663,9.9053
2016-10-09,27.683333333333334,9.9284
2016-10-10,27.71,9.9515
2016-10-11,27.686666666666667,9.961833333333333
2016-10-12,27.66333333333333,9.972166666666666
2016-10-13,27.64,9.9825
2016-10-14,27.55,9.9256
2016-10-15,27.516666666666666,9.893133333333331
2016-10-16,27.48333333333333,9.860666666666669
2016-10-17,27.45,9.8282
2016-10-18,27.41,9.899
2016-10-19,27.4,9.9532
2016-10-20,27.47,9.9527
2016-10-21,27.39,9.9556
2016-10-22,27.30666666666667,9.947866666666666
2016-10-23,27.223333333333333,9.940133333333334
2016-10-24,27.14,9.9324
2016-10-25,27.01,9.9392
2016-10-26,26.98,9.9756
2016-10-27,27.14,9.9833
2016-10-28,27.1,9.965
2016-10-29,27.1125,9.988275
2016-10-30,27.125,10.01155
2016-10-31,27.1375,10.034825
2016-11-01,27.15,10.0581
2016-11-02,27.34,10.1538
2016-11-03,27.31,10.103
2016-11-04,27.45,10.1651
2016-11-05,27.41,10.1456
2016-11-06,27.37,10.1261
2016-11-07,27.33,10.1066
2016-11-08,27.48,10.0892
2016-11-09,27.89,10.1592
2016-11-10,27.75,10.1
2016-11-11,27.39,9.9486
2016-11-12,27.3125,9.919825
2016-11-13,27.235,9.89105
2016-11-14,27.1575,9.862275
2016-11-15,27.08,9.8335
2016-11-16,26.9,9.8062
2016-11-17,26.77,9.7569
2016-11-18,26.23,9.6132
2016-11-19,26.27,9.632433333333331
2016-11-20,26.31,9.651666666666667
2016-11-21,26.35,9.6709
2016-11-22,26.61,9.6991
2016-11-23,26.51,9.7033
2016-11-24,26.27,9.6007
2016-11-25,26.02,9.5622
2016-11-26,26.11,9.577466666666668
2016-11-27,26.2,9.592733333333332
2016-11-28,26.29,9.608
2016-11-29,26.27,9.5615
2016-11-30,26.2,9.5184
2016-12-01,25.85,9.3814
2016-12-02,25.74,9.3521
2016-12-03,25.703333333333333,9.3445
2016-12-04,25.666666666666664,9.3369
2016-12-05,25.63,9.3293
2016-12-06,25.65,9.3194
2016-12-07,25.59,9.3535
2016-12-08,25.53,9.3157
2016-12-09,25.49,9.2984
2016-12-10,25.4625,9.273925
2016-12-11,25.435,9.24945
2016-12-12,25.4075,9.224975
2016-12-13,25.38,9.2005
2016-12-14,25.44,9.2274
2016-12-15,25.13,9.1809
2016-12-16,25.0,9.1761
2016-12-17,24.99333333333333,9.181966666666666
2016-12-18,24.986666666666668,9.187833333333334
2016-12-19,24.98,9.1937
2016-12-20,24.91,9.2817
2016-12-21,24.93,9.2302
2016-12-22,24.85,9.2836
2016-12-23,24.84,9.3152
2016-12-24,24.84,9.3183
2016-12-25,24.84,9.3214
2016-12-26,24.84,9.3245
2016-12-27,24.87,9.3017
2016-12-28,24.89,9.2927
2016-12-29,24.95,9.2471
2016-12-30,24.98,9.1998
2016-12-31,24.996666666666663,9.199666666666667
2017-01-01,25.01333333333333,9.199533333333331
2017-01-02,25.03,9.1994
2017-01-03,25.0,9.1992
2017-01-04,25.13,9.3187
2017-01-05,25.11,9.3505
2017-01-06,25.1,9.3666
2017-01-07,25.093333333333334,9.381466666666666
2017-01-08,25.086666666666662,9.396333333333333
2017-01-09,25.08,9.4112
2017-01-10,25.19,9.483
2017-01-11,26.04,9.5524
2017-01-12,26.26,9.6296
2017-01-13,26.08,9.5373
2017-01-14,26.16333333333333,9.573066666666668
2017-01-15,26.246666666666663,9.608833333333331
2017-01-16,26.33,9.6446
2017-01-17,26.42,9.6824
2017-01-18,26.44,9.6455
2017-01-19,26.35,9.602
2017-01-20,26.33,9.675
2017-01-21,26.346666666666664,9.662633333333334
2017-01-22,26.363333333333333,9.650266666666669
2017-01-23,26.38,9.6379
2017-01-24,26.39,9.6081
2017-01-25,26.34,9.5661
2017-01-26,26.2,9.4915
2017-01-27,26.06,9.4169
2017-01-28,26.066666666666663,9.455066666666667
2017-01-29,26.07333333333333,9.493233333333333
2017-01-30,26.08,9.5314
2017-01-31,26.14,9.538
2017-02-01,26.36,9.5968
2017-02-02,26.42,9.571
2017-02-03,26.27,9.554
2017-02-04,26.306666666666665,9.575833333333334
2017-02-05,26.343333333333334,9.597666666666669
2017-02-06,26.38,9.6195
2017-02-07,26.63,9.6837
2017-02-08,26.71,9.7011
2017-02-09,26.64,9.7516
2017-02-10,26.37,9.6129
2017-02-11,26.406666666666663,9.6256
2017-02-12,26.44333333333333,9.6383
2017-02-13,26.48,9.651
2017-02-14,26.38,9.6422
2017-02-15,26.29,9.6245
2017-02-16,26.52,9.6624
2017-02-17,26.63,9.7425
2017-02-18,26.606666666666666,9.7206
2017-02-19,26.58333333333333,9.6987
2017-02-20,26.56,9.6768
2017-02-21,26.585,9.6833
2017-02-22,26.61,9.6898
2017-02-23,26.39,9.6385
2017-02-24,26.4675,9.6789
2017-02-25,26.545,9.7193
2017-02-26,26.6225,9.7597
2017-02-27,26.7,9.8001
2017-02-28,26.77,9.7825
2017-03-01,26.62,9.7221
2017-03-02,26.56,9.7297
2017-03-03,26.37,9.6249
2017-03-04,26.39666666666667,9.634133333333333
2017-03-05,26.42333333333333,9.643366666666669
2017-03-06,26.45,9.6526
2017-03-07,26.32,9.6117
2017-03-08,26.05,9.4824
2017-03-09,25.96,9.4755
2017-03-10,25.81,9.3912
2017-03-11,25.755,9.38395
2017-03-12,25.7,9.3767
2017-03-13,25.645,9.36945
2017-03-14,25.59,9.3622
2017-03-15,25.43,9.3103
2017-03-16,25.67,9.4017
2017-03-17,25.73,9.4124
2017-03-18,25.74333333333333,9.407333333333334
2017-03-19,25.756666666666668,9.402266666666666
2017-03-20,25.77,9.3972
2017-03-21,25.76,9.3875
2017-03-22,26.02,9.5158
2017-03-23,26.0,9.5037
2017-03-24,25.95,9.4999
2017-03-25,25.98333333333333,9.513933333333334
2017-03-26,26.016666666666666,9.527966666666666
2017-03-27,26.05,9.542
2017-03-28,26.01,9.50805
2017-03-29,25.97,9.4741
2017-03-30,25.93,9.4753
2017-03-31,25.84,9.4129
2017-04-01,25.826666666666668,9.4223
2017-04-02,25.813333333333333,9.4317
2017-04-03,25.8,9.4411
2017-04-04,25.880000000000003,9.4856
2017-04-05,25.96,9.5301
2017-04-06,25.94,9.5227
2017-04-07,26.0,9.5096
2017-04-08,25.956666666666667,9.490933333333334
2017-04-09,25.91333333333333,9.472266666666666
2017-04-10,25.87,9.4536
2017-04-11,25.84,9.4587
2017-04-12,26.22,9.6331
2017-04-13,26.41,9.6881
2017-04-14,26.44,9.698075
2017-04-15,26.47,9.70805
2017-04-16,26.5,9.718025
2017-04-17,26.53,9.728
2017-04-18,26.36,9.6844
2017-04-19,26.33,9.6417
2017-04-20,26.27,9.6604
2017-04-21,26.33,9.65
2017-04-22,26.266666666666666,9.625033333333334
2017-04-23,26.203333333333333,9.600066666666669
2017-04-24,26.14,9.5751
2017-04-25,26.14,9.5892
2017-04-26,26.06,9.5163
2017-04-27,26.02,9.4985
2017-04-28,26.15,9.5642
2017-04-29,26.0975,9.535075
2017-04-30,26.045,9.50595
2017-05-01,25.9925,9.476825
2017-05-02,25.94,9.4477
2017-05-03,25.87,9.4334
2017-05-04,25.61,9.3118
2017-05-05,25.64,9.3561
2017-05-06,25.58,9.344433333333331
2017-05-07,25.52,9.332766666666666
2017-05-08,25.46,9.3211
2017-05-09,25.46,9.2518
2017-05-10,25.36,9.23785
2017-05-11,25.26,9.2239
2017-05-12,25.36,9.1981
2017-05-13,25.35333333333333,9.2059
2017-05-14,25.346666666666668,9.2137
2017-05-15,25.34,9.2215
2017-05-16,25.4,9.2577
2017-05-17,25.55,9.3214
2017-05-18,26.05,9.4871
2017-05-19,25.87,9.4393
2017-05-20,25.87333333333333,9.441433333333332
2017-05-21,25.876666666666665,9.443566666666667
2017-05-22,25.88,9.4457
2017-05-23,25.96,9.5131
2017-05-24,25.94,9.4391
2017-05-25,25.86,9.4161
2017-05-26,26.01,9.5042
2017-05-27,26.006666666666668,9.489833333333332
2017-05-28,26.00333333333333,9.475466666666668
2017-05-29,26.0,9.4611
2017-05-30,25.99,9.5009
2017-05-31,25.91,9.5446
2017-06-01,25.99,9.4957
2017-06-02,25.92,9.4616
2017-06-03,26.00333333333333,9.505433333333334
2017-06-04,26.08666666666667,9.549266666666666
2017-06-05,26.17,9.5931
2017-06-06,26.15,9.64
2017-06-07,26.15,9.6698
2017-06-08,26.18,9.6382
2017-06-09,25.9,9.512
2017-06-10,25.916666666666664,9.530033333333334
2017-06-11,25.933333333333334,9.548066666666667
2017-06-12,25.95,9.5661
2017-06-13,25.9,9.4992
2017-06-14,25.92,9.5008
2017-06-15,25.86,9.5119
2017-06-16,25.89,9.4292
2017-06-17,25.866666666666667,9.433
2017-06-18,25.843333333333334,9.4368
2017-06-19,25.82,9.4406
2017-06-20,25.83,9.3904
2017-06-21,25.92,9.4673
2017-06-22,25.95,9.4754
2017-06-23,25.86,9.4467
2017-06-24,25.85,9.441625
2017-06-25,25.84,9.43655
2017-06-26,25.83,9.431475
2017-06-27,25.82,9.4264
2017-06-28,25.69,9.3887
2017-06-29,25.61,9.3326
2017-06-30,25.55,9.3234
2017-07-01,25.53333333333333,9.314666666666666
2017-07-02,25.516666666666666,9.305933333333334
2017-07-03,25.5,9.2972
2017-07-04,25.31,9.3501
2017-07-05,25.35,9.3043
2017-07-06,25.35,9.2665
2017-07-07,25.28,9.1987
2017-07-08,25.206666666666667,9.1823
2017-07-09,25.133333333333333,9.1659
2017-07-10,25.06,9.1495
2017-07-11,24.94,9.1407
2017-07-12,24.96,9.2264
2017-07-13,24.97,9.1837
2017-07-14,24.95,9.1714
2017-07-15,25.00333333333333,9.1925
2017-07-16,25.056666666666665,9.2136
2017-07-17,25.11,9.2347
2017-07-18,25.16,9.2906
2017-07-19,25.17,9.2731
2017-07-20,25.17,9.3357
2017-07-21,25.21,9.3462
2017-07-22,25.25333333333333,9.364066666666666
2017-07-23,25.296666666666667,9.381933333333334
2017-07-24,25.34,9.3998
2017-07-25,25.36,9.3334
2017-07-26,25.22,9.33
2017-07-27,25.36,9.375
2017-07-28,25.24,9.3029
2017-07-29,25.273333333333333,9.306233333333331
2017-07-30,25.306666666666665,9.309566666666669
2017-07-31,25.34,9.3129
2017-08-01,25.26,9.3323
2017-08-02,25.21,9.3563
2017-08-03,25.17,9.3992
2017-08-04,25.37,9.467
2017-08-05,25.30333333333333,9.438766666666668
2017-08-06,25.236666666666668,9.410533333333332
2017-08-07,25.17,9.3823
2017-08-08,25.18,9.3868
2017-08-09,25.27,9.3804
2017-08-10,25.45,9.4481
2017-08-11,25.62,9.5386
2017-08-12,25.566666666666663,9.5223
2017-08-13,25.51333333333333,9.506
2017-08-14,25.46,9.4897
2017-08-15,25.47,9.4491
2017-08-16,25.48,9.4085
2017-08-17,25.695,9.48235
2017-08-18,25.91,9.5562
2017-08-19,25.85333333333333,9.532633333333331
2017-08-20,25.796666666666667,9.509066666666667
2017-08-21,25.74,9.4855
2017-08-22,25.75,9.4255
2017-08-23,25.72,9.4836
2017-08-24,25.71,9.4696
2017-08-25,25.75,9.4989
2017-08-26,25.79,9.5282
2017-08-27,25.83,9.5575
2017-08-28,25.87,9.5868
2017-08-29,26.23,9.7715
2017-08-30,26.12,9.7406
2017-08-31,26.21,9.7121
2017-09-01,26.37,9.7929
2017-09-02,26.50333333333333,9.825933333333332
2017-09-03,26.636666666666667,9.858966666666666
2017-09-04,26.77,9.892
2017-09-05,26.66,9.8643
2017-09-06,26.88,9.9853
2017-09-07,26.71,9.9118
2017-09-08,26.91,10.0177
2017-09-09,26.826666666666668,9.9798
2017-09-10,26.74333333333333,9.9419
2017-09-11,26.66,9.904
2017-09-12,26.64,9.8331
2017-09-13,26.7,9.9132
2017-09-14,26.63,9.8155
2017-09-15,26.77,9.8413
2017-09-16,26.686666666666667,9.819633333333334
2017-09-17,26.60333333333333,9.797966666666667
2017-09-18,26.52,9.7763
2017-09-19,26.41,9.8236
2017-09-20,26.43,9.802
2017-09-21,26.49,9.7312
2017-09-22,26.58,9.7463
2017-09-23,26.636666666666667,9.752033333333332
2017-09-24,26.69333333333333,9.757766666666669
2017-09-25,26.75,9.7635
2017-09-26,26.93,9.8908
2017-09-27,27.03,9.8593
2017-09-28,26.85,9.7402
2017-09-29,26.73,9.731
2017-09-30,26.6925,9.725225
2017-10-01,26.655,9.71945
2017-10-02,26.6175,9.713675
2017-10-03,26.58,9.7079
2017-10-04,26.5,9.6785
2017-10-05,26.56,9.6605
2017-10-06,26.37,9.669
2017-10-07,26.42,9.703533333333334
2017-10-08,26.47,9.738066666666668
2017-10-09,26.52,9.7726
2017-10-10,26.53,9.7739
2017-10-11,26.66,9.79
2017-10-12,26.62,9.7995
2017-10-13,26.64,9.7567
2017-10-14,26.65333333333333,9.783166666666666
2017-10-15,26.666666666666668,9.809633333333334
2017-10-16,26.68,9.8361
2017-10-17,26.71,9.7812
2017-10-18,26.62,9.6925
2017-10-19,26.58,9.68764
2017-10-20,26.540000000000003,9.68278
2017-10-21,26.5,9.67792
2017-10-22,26.46,9.67306
2017-10-23,26.42,9.6682
2017-10-24,26.63,9.6774
2017-10-25,26.45,9.6511
2017-10-26,26.28,9.5977
2017-10-27,26.28,9.5894
2017-10-28,26.276666666666667,9.585233333333331
2017-10-29,26.273333333333333,9.581066666666668
2017-10-30,26.27,9.5769
2017-10-31,26.25,9.6182
2017-11-01,26.36,9.6178
2017-11-02,26.2,9.5677
2017-11-03,26.13,9.5825
2017-11-04,26.12333333333333,9.568566666666666
2017-11-05,26.116666666666667,9.554633333333332
2017-11-06,26.11,9.5407
2017-11-07,26.17,9.6371
2017-11-08,26.23,9.6466
2017-11-09,26.29,9.6806
2017-11-10,26.41,9.697
2017-11-11,26.38,9.695266666666669
2017-11-12,26.35,9.693533333333331
2017-11-13,26.32,9.6918
2017-11-14,26.28,9.6657
2017-11-15,26.32,9.6843
2017-11-16,26.05,9.6151
2017-11-17,26.3,9.6539
2017-11-18,26.383333333333333,9.679066666666667
2017-11-19,26.46666666666667,9.704233333333333
2017-11-20,26.55,9.7294
2017-11-21,26.54,9.663
2017-11-22,26.49,9.6498
2017-11-23,26.51,9.6575
2017-11-24,26.37,9.6659
2017-11-25,26.406666666666663,9.669333333333334
2017-11-26,26.44333333333333,9.672766666666666
2017-11-27,26.48,9.6762
2017-11-28,26.44,9.6726
2017-11-29,26.36,9.6511
2017-11-30,26.31,9.6018
2017-12-01,26.275,9.588975
2017-12-02,26.24,9.57615
2017-12-03,26.205,9.563325
2017-12-04,26.17,9.5505
2017-12-05,26.03,9.5319
2017-12-06,25.99,9.468
2017-12-07,26.03,9.4139
2017-12-08,25.82,9.3286
2017-12-09,25.80333333333333,9.326633333333334
2017-12-10,25.786666666666665,9.324666666666666
2017-12-11,25.77,9.3227
2017-12-12,25.58,9.2853
2017-12-13,25.51,9.3073
2017-12-14,25.58,9.3509
2017-12-15,25.55,9.3627
2017-12-16,25.516666666666666,9.353266666666666
2017-12-17,25.48333333333333,9.343833333333334
2017-12-18,25.45,9.3344
2017-12-19,25.6,9.3603
2017-12-20,25.6,9.3705
2017-12-21,25.64,9.4194
2017-12-22,25.66,9.3853
2017-12-23,25.7175,9.405
2017-12-24,25.775,9.4247
2017-12-25,25.8325,9.4444
2017-12-26,25.89,9.4641
2017-12-27,25.96,9.5471
2017-12-28,26.16,9.6272
2017-12-29,26.1,9.5569
2017-12-30,26.133333333333333,9.579533333333334
2017-12-31,26.166666666666668,9.602166666666667
2018-01-01,26.2,9.6248
2018-01-02,26.33,9.6735
2018-01-03,26.27,9.6506
2018-01-04,26.26,9.6274
2018-01-05,26.26,9.6565
2018-01-06,26.276666666666667,9.660366666666668
2018-01-07,26.293333333333333,9.664233333333334
2018-01-08,26.31,9.6681
2018-01-09,26.32,9.6783
2018-01-10,26.38,9.6849
2018-01-11,26.4,9.7015
2018-01-12,26.45,9.7738
2018-01-13,26.523333333333333,9.790466666666669
2018-01-14,26.596666666666668,9.807133333333333
2018-01-15,26.67,9.8238
2018-01-16,26.69,9.8618
2018-01-17,26.67,9.8788
2018-01-18,26.49,9.7576
2018-01-19,26.58,9.828
2018-01-20,26.543333333333333,9.822533333333332
2018-01-21,26.506666666666664,9.817066666666667
2018-01-22,26.47,9.8116
2018-01-23,26.54,9.9032
2018-01-24,26.6,9.8875
2018-01-25,27.03,9.963
2018-01-26,26.950000000000003,9.94375
2018-01-27,26.87,9.924499999999998
2018-01-28,26.79,9.90525
2018-01-29,26.71,9.886
2018-01-30,26.57,9.871
2018-01-31,26.53,9.8423
2018-02-01,26.91,9.8872
2018-02-02,27.03,9.9385
2018-02-03,27.02,9.934
2018-02-04,27.01,9.9295
2018-02-05,27.0,9.925
2018-02-06,27.26,9.9917
2018-02-07,27.01,9.8842
2018-02-08,27.19,9.7682
2018-02-09,27.15,9.8023
2018-02-10,27.08333333333333,9.8172
2018-02-11,27.016666666666666,9.8321
2018-02-12,26.95,9.847
2018-02-13,27.095,9.87645
2018-02-14,27.24,9.9059
2018-02-15,27.49,10.0267
2018-02-16,27.6,10.0888
2018-02-17,27.575000000000003,10.075425
2018-02-18,27.55,10.06205
2018-02-19,27.525,10.048675
2018-02-20,27.5,10.0353
2018-02-21,27.28,9.9895
2018-02-22,27.31,9.9467
2018-02-23,27.35,9.9528
2018-02-24,27.37666666666667,9.9704
2018-02-25,27.40333333333333,9.988
2018-02-26,27.43,10.0056
2018-02-27,27.43,9.9922
2018-02-28,27.33,9.9467
2018-03-01,27.18,9.8904
2018-03-02,27.24,9.91805
2018-03-03,27.3,9.9457
2018-03-04,27.36,9.97335
2018-03-05,27.42,10.001
2018-03-06,27.32,9.9433
2018-03-07,27.45,9.9995
2018-03-08,27.45,9.9565
2018-03-09,27.24,9.9234
2018-03-10,27.183333333333334,9.915033333333334
2018-03-11,27.126666666666665,9.906666666666668
2018-03-12,27.07,9.8983
2018-03-13,27.06,9.9004
2018-03-14,27.26,9.9283
2018-03-15,27.25,9.8998
2018-03-16,27.2,9.8772
2018-03-17,27.15,9.879833333333334
2018-03-18,27.1,9.882466666666666
2018-03-19,27.05,9.8851
2018-03-20,27.2,9.9051
2018-03-21,27.15,9.8968
2018-03-22,27.31,9.9855
2018-03-23,27.61,10.033
2018-03-24,27.59,10.04
2018-03-25,27.57,10.047
2018-03-26,27.55,10.054
2018-03-27,27.67,10.0462
2018-03-28,27.4,10.02
2018-03-29,27.405,10.026
2018-03-30,27.41,10.032
2018-03-31,27.415,10.038
2018-04-01,27.42,10.044
2018-04-02,27.425,10.05
2018-04-03,27.43,10.056
2018-04-04,27.7,10.0839
2018-04-05,27.41,9.9683
2018-04-06,27.47,9.9382
2018-04-07,27.46333333333333,9.9493
2018-04-08,27.456666666666667,9.9604
2018-04-09,27.45,9.9715
2018-04-10,27.5,10.0246
2018-04-11,27.76,10.1218
2018-04-12,27.89,10.1561
2018-04-13,27.73,10.088
2018-04-14,27.796666666666667,10.1168
2018-04-15,27.863333333333333,10.1456
2018-04-16,27.93,10.1744
2018-04-17,28.08,10.1749
2018-04-18,28.2,10.25
2018-04-19,28.15,10.2239
2018-04-20,28.28,10.2212
2018-04-21,28.26,10.2193
2018-04-22,28.24,10.2174
2018-04-23,28.22,10.2155
2018-04-24,28.08,10.1869
2018-04-25,28.12,10.229
2018-04-26,28.2,10.233
2018-04-27,28.2,10.167
2018-04-28,28.164,10.15724
2018-04-29,28.128,10.14748
2018-04-30,28.092,10.13772
2018-05-01,28.056,10.12796
2018-05-02,28.02,10.1182
2018-05-03,27.92,10.0831
2018-05-04,27.76,10.1259
2018-05-05,27.82,10.1458
2018-05-06,27.880000000000003,10.1657
2018-05-07,27.94,10.1856
2018-05-08,28.08,10.1509
2018-05-09,28.04,10.1748
2018-05-10,28.08,10.2033
2018-05-11,28.2,10.2631
2018-05-12,28.256666666666668,10.2579
2018-05-13,28.313333333333333,10.2527
2018-05-14,28.37,10.2475
2018-05-15,28.33,10.2425
2018-05-16,28.24,10.0976
2018-05-17,27.95,10.0926
2018-05-18,27.86,10.0801
2018-05-19,27.89333333333333,10.0817
2018-05-20,27.926666666666662,10.0833
2018-05-21,27.96,10.0849
2018-05-22,28.01,10.1347
2018-05-23,28.11,10.1858
2018-05-24,28.23,10.1699
2018-05-25,28.3,10.1434
2018-05-26,28.51333333333333,10.1152
2018-05-27,28.726666666666667,10.087
2018-05-28,28.94,10.0588
2018-05-29,28.34,10.1729
2018-05-30,28.81,10.1
2018-05-31,28.8,10.1328
2018-06-01,28.03,10.0796
2018-06-02,27.906666666666663,10.057
2018-06-03,27.78333333333333,10.0344
2018-06-04,27.66,10.0118
2018-06-05,27.73,10.0151
2018-06-06,27.73,9.999
2018-06-07,27.73,10.0305
2018-06-08,27.85,10.1137
2018-06-09,27.89333333333333,10.098033333333332
2018-06-10,27.936666666666667,10.082366666666667
2018-06-11,27.98,10.0667
2018-06-12,27.8,10.0499
2018-06-13,27.91,10.0632
2018-06-14,27.92,10.114
2018-06-15,28.14,10.1064
2018-06-16,28.14666666666667,10.0783
2018-06-17,28.15333333333333,10.0502
2018-06-18,28.16,10.0221
2018-06-19,27.86,10.0477
2018-06-20,27.8,9.9783
2018-06-21,27.66,9.9116
2018-06-22,27.49,9.9392
2018-06-23,27.466666666666665,9.9481
2018-06-24,27.44333333333333,9.957
2018-06-25,27.42,9.9659
2018-06-26,27.32,9.909
2018-06-27,27.43,9.9424
2018-06-28,27.52,9.9191
2018-06-29,27.58,9.8532
2018-06-30,27.51,9.863033333333332
2018-07-01,27.44,9.872866666666669
2018-07-02,27.37,9.8827
2018-07-03,27.32,9.8538
2018-07-04,27.43,9.9277
2018-07-05,27.43,9.9543
2018-07-06,27.45,9.9325
2018-07-07,27.456666666666667,9.9513
2018-07-08,27.46333333333333,9.9701
2018-07-09,27.47,9.9889
2018-07-10,27.39,9.9267
2018-07-11,27.48,9.9229
2018-07-12,27.48,9.8599
2018-07-13,27.24,9.7903
2018-07-14,27.196666666666665,9.803733333333334
2018-07-15,27.15333333333333,9.817166666666669
2018-07-16,27.11,9.8306
2018-07-17,27.21,9.8115
2018-07-18,27.08,9.6492
2018-07-19,26.79,9.707
2018-07-20,26.81,9.6914
2018-07-21,26.813333333333333,9.706033333333334
2018-07-22,26.816666666666663,9.720666666666666
2018-07-23,26.82,9.7353
2018-07-24,26.92,9.7385
2018-07-25,26.85,9.7677
2018-07-26,26.79,9.6215
2018-07-27,26.94,9.6767
2018-07-28,26.94666666666667,9.668766666666668
2018-07-29,26.953333333333333,9.660833333333334
2018-07-30,26.96,9.6529
2018-07-31,26.86,9.6569
2018-08-01,26.7,9.6456
2018-08-02,26.73,9.6385
2018-08-03,26.65,9.5732
2018-08-04,26.613333333333333,9.580666666666666
2018-08-05,26.576666666666664,9.588133333333332
2018-08-06,26.54,9.5956
2018-08-07,26.52,9.605
2018-08-08,26.53,9.6126
2018-08-09,26.52,9.5835
2018-08-10,26.57,9.5916
2018-08-11,26.593333333333334,9.608433333333332
2018-08-12,26.616666666666667,9.625266666666668
2018-08-13,26.64,9.6421
2018-08-14,26.48,9.5941
2018-08-15,26.450000000000003,9.5741
2018-08-16,26.42,9.5541
2018-08-17,26.380000000000003,9.55345
2018-08-18,26.340000000000003,9.5528
2018-08-19,26.3,9.55215
2018-08-20,26.26,9.5515
2018-08-21,26.33,9.5763
2018-08-22,26.39,9.58935
2018-08-23,26.45,9.6024
2018-08-24,26.51,9.632
2018-08-25,26.593333333333334,9.6603
2018-08-26,26.67666666666667,9.6886
2018-08-27,26.76,9.7169
2018-08-28,26.97,9.8027
2018-08-29,26.9,9.7739
2018-08-30,26.98,9.7967
2018-08-31,27.15,9.8533
2018-09-01,27.166666666666664,9.836066666666667
2018-09-02,27.183333333333334,9.818833333333334
2018-09-03,27.2,9.8016
2018-09-04,27.14,9.8272
2018-09-05,27.16,9.8483
2018-09-06,27.43,9.9283
2018-09-07,27.49,9.8842
2018-09-08,27.46,9.895866666666668
2018-09-09,27.43,9.907533333333332
2018-09-10,27.4,9.9192
2018-09-11,27.59,9.9406
2018-09-12,27.44,9.8925
2018-09-13,27.6,9.8978
2018-09-14,27.76,9.9031
2018-09-15,27.686666666666667,9.914866666666668
2018-09-16,27.613333333333333,9.926633333333331
2018-09-17,27.54,9.9384
2018-09-18,27.6,9.9951
2018-09-19,27.66,10.0101
2018-09-20,27.735,9.9959
2018-09-21,27.81,9.9817
2018-09-22,27.7,9.9804
2018-09-23,27.59,9.9791
2018-09-24,27.48,9.9778
2018-09-25,27.45,9.967
2018-09-26,27.83,9.9425
2018-09-27,27.81,9.9221
2018-09-28,27.44,9.8111
2018-09-29,27.406666666666663,9.830266666666668
2018-09-30,27.37333333333333,9.849433333333334
2018-10-01,27.34,9.8686
2018-10-02,27.615,9.9667
2018-10-03,27.89,10.0648
2018-10-04,27.9,10.052
2018-10-05,27.99,10.1228
2018-10-06,28.023333333333333,10.124166666666666
2018-10-07,28.056666666666665,10.125533333333331
2018-10-08,28.09,10.1269
2018-10-09,28.06,10.0976
2018-10-10,27.84,10.0728
2018-10-11,28.01,10.1667
2018-10-12,28.2,10.2778
2018-10-13,28.343333333333334,10.307633333333332
2018-10-14,28.486666666666665,10.337466666666666
2018-10-15,28.63,10.3673
2018-10-16,28.95,10.2883
2018-10-17,28.66,10.2648
2018-10-18,28.625,10.26815
2018-10-19,28.59,10.2715
2018-10-20,28.526666666666667,10.267633333333333
2018-10-21,28.46333333333333,10.263766666666667
2018-10-22,28.4,10.2599
2018-10-23,28.69,10.3716
2018-10-24,28.46,10.2826
2018-10-25,28.41,10.2996
2018-10-26,28.57,10.3079
2018-10-27,28.5,10.290666666666668
2018-10-28,28.43,10.273433333333331
2018-10-29,28.36,10.2562
2018-10-30,28.39,10.3061
2018-10-31,28.28,10.2804
2018-11-01,28.39,10.2885
2018-11-02,28.3,10.2443
2018-11-03,28.366666666666667,10.271466666666669
2018-11-04,28.433333333333334,10.298633333333331
2018-11-05,28.5,10.3258
2018-11-06,28.4,10.2879
2018-11-07,28.3,10.247833333333334
2018-11-08,28.2,10.207766666666666
2018-11-09,28.1,10.1677
2018-11-10,28.046666666666667,10.147766666666667
2018-11-11,27.993333333333336,10.127833333333331
2018-11-12,27.94,10.1079
2018-11-13,27.72,10.0754
2018-11-14,27.5,9.989
2018-11-15,27.7,10.0313
2018-11-16,27.62,9.9914
2018-11-17,27.65333333333333,10.005133333333331
2018-11-18,27.686666666666667,10.018866666666668
2018-11-19,27.72,10.0326
2018-11-20,27.67,10.019
2018-11-21,27.65,10.0005
2018-11-22,27.63,9.982
2018-11-23,27.5825,9.98035
2018-11-24,27.535,9.9787
2018-11-25,27.4875,9.97705
2018-11-26,27.44,9.9754
2018-11-27,27.41,9.9261
2018-11-28,27.15,9.8682
2018-11-29,27.36,9.8467
2018-11-30,27.07,9.7998
2018-12-01,27.156666666666663,9.838866666666666
2018-12-02,27.24333333333333,9.877933333333331
2018-12-03,27.33,9.917
2018-12-04,27.62,10.0409
2018-12-05,27.54,9.9786
2018-12-06,27.77,10.0652
2018-12-07,27.71,10.0341
2018-12-08,27.83,10.087366666666666
2018-12-09,27.95,10.140633333333334
2018-12-10,28.07,10.1939
2018-12-11,28.24,10.2569
2018-12-12,28.21,10.2167
2018-12-13,28.04,10.19
2018-12-14,28.01,10.2017
2018-12-15,27.97,10.192966666666669
2018-12-16,27.93,10.184233333333331
2018-12-17,27.89,10.1755
2018-12-18,27.89,10.101
2018-12-19,27.76,10.0603
2018-12-20,27.74,10.0576
2018-12-21,27.95,10.0982
2018-12-22,27.953333333333333,10.0977
2018-12-23,27.956666666666667,10.0972
2018-12-24,27.96,10.0967
2018-12-25,28.005000000000003,10.14815
2018-12-26,28.05,10.1996
2018-12-27,28.11,10.2094
2018-12-28,28.16,10.2196
2018-12-29,28.166666666666668,10.217733333333332
2018-12-30,28.17333333333333,10.215866666666669
2018-12-31,28.18,10.214
2019-01-01,28.12,10.2075
2019-01-02,28.34,10.2604
2019-01-03,28.53,10.3437
2019-01-04,28.4,10.3158
2019-01-05,28.406666666666663,10.311166666666669
2019-01-06,28.41333333333333,10.306533333333332
2019-01-07,28.42,10.3019
2019-01-08,28.36,10.2646
2019-01-09,28.45,10.3381
2019-01-10,28.65,10.439
2019-01-11,28.7,10.3965
2019-01-12,28.726666666666667,10.415366666666666
2019-01-13,28.75333333333333,10.434233333333331
2019-01-14,28.78,10.4531
2019-01-15,28.85,10.4531
2019-01-16,28.91,10.4928
2019-01-17,29.01,10.5057
2019-01-18,28.92,10.45
2019-01-19,28.85,10.440533333333333
2019-01-20,28.78,10.431066666666666
2019-01-21,28.71,10.4216
2019-01-22,28.94,10.4694
2019-01-23,28.88,10.4558
2019-01-24,28.88,10.4204
2019-01-25,28.79,10.4484
2019-01-26,28.88,10.4975
2019-01-27,28.97,10.5466
2019-01-28,29.06,10.5957
2019-01-29,29.17,10.6273
2019-01-30,29.16,10.6354
2019-01-31,29.16,10.6705
2019-02-01,29.58,10.7574
2019-02-02,29.59,10.7518
2019-02-03,29.6,10.7462
2019-02-04,29.61,10.7406
2019-02-05,29.56,10.7668
2019-02-06,29.61,10.7635
2019-02-07,29.47,10.6659
2019-02-08,29.43,10.6243
2019-02-09,29.43,10.6237
2019-02-10,29.43,10.6231
2019-02-11,29.43,10.6225
2019-02-12,29.3,10.6348
2019-02-13,29.31,10.5952
2019-02-14,29.36,10.6197
2019-02-15,29.6,10.7227
2019-02-16,29.683333333333334,10.747233333333334
2019-02-17,29.76666666666667,10.771766666666666
2019-02-18,29.85,10.7963
2019-02-19,29.96,10.85095
2019-02-20,30.07,10.9056
2019-02-21,29.88,10.833
2019-02-22,29.68,10.8008
2019-02-23,29.69,10.785266666666669
2019-02-24,29.7,10.769733333333336
2019-02-25,29.71,10.7542
2019-02-26,29.72,10.8202
2019-02-27,29.86,10.7791
2019-02-28,29.64,10.7413
2019-03-01,29.27,10.5691
2019-03-02,29.1775,10.53125
2019-03-03,29.085,10.4934
2019-03-04,28.9925,10.45555
2019-03-05,28.9,10.4177
2019-03-06,28.82,10.4098
2019-03-07,28.96,10.3238
2019-03-08,28.88,10.3789
2019-03-09,28.81,10.379466666666666
2019-03-10,28.74,10.380033333333332
2019-03-11,28.67,10.3806
2019-03-12,28.53,10.3351
2019-03-13,28.77,10.4135
2019-03-14,28.52,10.3641
2019-03-15,28.51,10.3716
2019-03-16,28.433333333333334,10.326766666666668
2019-03-17,28.35666666666667,10.281933333333331
2019-03-18,28.28,10.2371
2019-03-19,28.43,10.322
2019-03-20,28.33,10.2532
2019-03-21,28.415,10.305
2019-03-22,28.5,10.3568
2019-03-23,28.536666666666665,10.357266666666666
2019-03-24,28.57333333333333,10.357733333333334
2019-03-25,28.61,10.3582
2019-03-26,28.54,10.351
2019-03-27,28.57,10.3377
2019-03-28,28.47,10.3139
2019-03-29,28.23,10.2527
2019-03-30,28.2125,10.238600000000002
2019-03-31,28.195,10.2245
2019-04-01,28.1775,10.2104
2019-04-02,28.16,10.1963
2019-04-03,28.12,10.1836
2019-04-04,28.3,10.194
2019-04-05,28.31,10.1991
2019-04-06,28.366666666666667,10.233633333333334
2019-04-07,28.42333333333333,10.268166666666666
2019-04-08,28.48,10.3027
2019-04-09,28.47,10.3109
2019-04-10,28.46,10.3019
2019-04-11,28.5,10.2858
2019-04-12,28.47,10.2489
2019-04-13,28.453333333333333,10.235733333333334
2019-04-14,28.436666666666667,10.222566666666667
2019-04-15,28.42,10.2094
2019-04-16,28.34,10.2119
2019-04-17,28.285,10.1859
2019-04-18,28.23,10.1599
2019-04-19,28.2325,10.16585
2019-04-20,28.235,10.1718
2019-04-21,28.2375,10.17775
2019-04-22,28.24,10.1837
2019-04-23,28.1,10.1985
2019-04-24,28.1,10.1861
2019-04-25,28.33,10.2625
2019-04-26,28.27,10.2572
2019-04-27,28.2775,10.2678
2019-04-28,28.285,10.2784
2019-04-29,28.2925,10.289
2019-04-30,28.3,10.2996
2019-05-01,28.11,10.21925
2019-05-02,27.92,10.1389
2019-05-03,27.91,10.1646
2019-05-04,27.966666666666665,10.186466666666666
2019-05-05,28.023333333333333,10.208333333333334
2019-05-06,28.08,10.2302
2019-05-07,28.74,10.3394
2019-05-08,28.2,10.317
2019-05-09,28.24,10.3395
2019-05-10,28.24,10.2899
2019-05-11,28.296666666666667,10.2942
2019-05-12,28.35333333333333,10.2985
2019-05-13,28.41,10.3028
2019-05-14,28.77,10.5277
2019-05-15,28.72,10.4915
2019-05-16,28.66,10.4297
2019-05-17,28.37,10.3254
2019-05-18,28.30666666666667,10.284433333333334
2019-05-19,28.24333333333333,10.243466666666666
2019-05-20,28.18,10.2025
2019-05-21,28.1,10.2201
2019-05-22,28.1,10.1829
2019-05-23,28.22,10.2033
2019-05-24,28.27,10.2309
2019-05-25,28.25333333333333,10.231966666666668
2019-05-26,28.236666666666665,10.233033333333331
2019-05-27,28.22,10.2341
2019-05-28,28.31,10.241
2019-05-29,28.36,10.2643
2019-05-30,28.22,10.2062
2019-05-31,28.58,10.3401
2019-06-01,28.6,10.360266666666666
2019-06-02,28.62,10.380433333333334
2019-06-03,28.64,10.4006
2019-06-04,28.85,10.4374
2019-06-05,28.935,10.46965
2019-06-06,29.02,10.5019
2019-06-07,29.09,10.5297
2019-06-08,29.023333333333333,10.5111
2019-06-09,28.956666666666667,10.4925
2019-06-10,28.89,10.4739
2019-06-11,28.8,10.397
2019-06-12,29.01,10.5283
2019-06-13,29.05,10.5049
2019-06-14,29.33,10.6637
2019-06-15,29.27,10.6472
2019-06-16,29.21,10.6307
2019-06-17,29.15,10.6142
2019-06-18,29.23,10.6223
2019-06-19,29.25,10.6323
2019-06-20,29.92,10.8346
2019-06-21,30.1,10.8681
2019-06-22,30.12666666666667,10.885533333333331
2019-06-23,30.15333333333333,10.902966666666668
2019-06-24,30.18,10.9204
2019-06-25,30.62,11.0315
2019-06-26,30.06,10.8756
2019-06-27,29.97,10.84
2019-06-28,30.1,10.8795
2019-06-29,30.00333333333333,10.8374
2019-06-30,29.906666666666663,10.7953
2019-07-01,29.81,10.7532
2019-07-02,29.82,10.7518
2019-07-03,30.2,10.9078
2019-07-04,30.22,10.8363
2019-07-05,30.57,10.9482
2019-07-06,30.58333333333333,10.956533333333333
2019-07-07,30.596666666666668,10.964866666666667
2019-07-08,30.61,10.9732
2019-07-09,30.45,10.9127
2019-07-10,30.35,10.9697
2019-07-11,30.81,11.1252
2019-07-12,30.54,11.0498
2019-07-13,30.586666666666662,11.0751
2019-07-14,30.633333333333333,11.1004
2019-07-15,30.68,11.1257
2019-07-16,30.78,11.1187
2019-07-17,30.72,11.0869
2019-07-18,31.02,11.2157
2019-07-19,31.35,11.3044
2019-07-20,31.25333333333333,11.283066666666668
2019-07-21,31.156666666666663,11.261733333333332
2019-07-22,31.06,11.2404
2019-07-23,30.95,11.2072
2019-07-24,30.99,11.2078
2019-07-25,31.1,11.2326
2019-07-26,30.98,11.1725
2019-07-27,30.953333333333333,11.1701
2019-07-28,30.926666666666662,11.1677
2019-07-29,30.9,11.1653
2019-07-30,30.98,11.2034
2019-07-31,30.86,11.1803
2019-08-01,30.85,11.1695
2019-08-02,31.43,11.3569
2019-08-03,31.666666666666668,11.438833333333331
2019-08-04,31.90333333333333,11.520766666666669
2019-08-05,32.14,11.6027
2019-08-06,32.3,11.6939
2019-08-07,32.77,12.0146
2019-08-08,32.81,12.0056
2019-08-09,32.93,11.9569
2019-08-10,33.065,12.001175
2019-08-11,33.2,12.04545
2019-08-12,33.335,12.089725
2019-08-13,33.47,12.134
2019-08-14,33.2,11.9453
2019-08-15,33.285,12.06195
2019-08-16,33.37,12.1786
2019-08-17,33.35666666666666,12.145466666666666
2019-08-18,33.343333333333334,12.112333333333334
2019-08-19,33.33,12.0792
2019-08-20,33.53,12.1687
2019-08-21,33.44,12.0777
2019-08-22,33.49,12.1416
2019-08-23,33.63,12.1349
2019-08-24,33.96,12.232466666666667
2019-08-25,34.29,12.330033333333333
2019-08-26,34.62,12.4276
2019-08-27,34.79,12.4624
2019-08-28,34.54,12.4945
2019-08-29,34.62,12.5193
2019-08-30,34.43,12.3854
2019-08-31,34.5475,12.44385
2019-09-01,34.665,12.5023
2019-09-02,34.7825,12.56075
2019-09-03,34.9,12.6192
2019-09-04,35.16,12.6452
2019-09-05,35.29,12.6041
2019-09-06,34.38,12.3013
2019-09-07,34.32,12.328366666666666
2019-09-08,34.260000000000005,12.355433333333334
2019-09-09,34.2,12.3825
2019-09-10,33.995000000000005,12.29935
2019-09-11,33.79,12.2162
2019-09-12,35.79,12.0976
2019-09-13,34.19,12.1205
2019-09-14,34.27,12.1349
2019-09-15,34.35,12.1493
2019-09-16,34.43,12.1637
2019-09-17,34.61,12.2072
2019-09-18,34.37,12.12
2019-09-19,34.09,12.0499
2019-09-20,33.4,12.0404
2019-09-21,33.43333333333333,12.052266666666666
2019-09-22,33.46666666666667,12.064133333333334
2019-09-23,33.5,12.076
2019-09-24,33.5,12.1479
2019-09-25,33.9,12.1954
2019-09-26,33.76,12.106
2019-09-27,33.53,12.073
2019-09-28,33.49,12.0741
2019-09-29,33.45,12.0752
2019-09-30,33.41,12.0763
2019-10-01,33.1,11.9077
2019-10-02,33.47,12.04575
2019-10-03,33.84,12.1838
2019-10-04,33.98,12.2573
2019-10-05,33.96666666666666,12.2688
2019-10-06,33.95333333333333,12.2803
2019-10-07,33.94,12.2918
2019-10-08,33.955,12.2797
2019-10-09,33.97,12.2676
2019-10-10,34.17,12.3934
2019-10-11,33.91,12.3671
2019-10-12,33.94,12.3533
2019-10-13,33.97,12.3395
2019-10-14,34.0,12.3257
2019-10-15,34.13,12.3932
2019-10-16,33.97,12.3166
2019-10-17,33.96,12.36
2019-10-18,34.0,12.3631
2019-10-19,33.9975,12.35875
2019-10-20,33.995000000000005,12.3544
2019-10-21,33.9925,12.35005
2019-10-22,33.99,12.3457
2019-10-23,34.0,12.3487
2019-10-24,33.99,12.3559
2019-10-25,34.5,12.5843
2019-10-26,34.36,12.5327
2019-10-27,34.22,12.4811
2019-10-28,34.08,12.4295
2019-10-29,33.94,12.3779
2019-10-30,33.92,12.3052
2019-10-31,34.29,12.4144
2019-11-01,34.31,12.5477
2019-11-02,34.306666666666665,12.5244
2019-11-03,34.303333333333335,12.5011
2019-11-04,34.3,12.4778
2019-11-05,34.25,12.4826
2019-11-06,34.02,12.3964
2019-11-07,34.04,12.4389
2019-11-08,33.88,12.3246
2019-11-09,33.806666666666665,12.319633333333334
2019-11-10,33.733333333333334,12.314666666666666
2019-11-11,33.66,12.3097
2019-11-12,33.76,12.33895
2019-11-13,33.86,12.3682
2019-11-14,33.9,12.3983
2019-11-15,33.78,12.2788
2019-11-16,33.723333333333336,12.2911
2019-11-17,33.666666666666664,12.3034
2019-11-18,33.61,12.3157
2019-11-19,33.82,12.3098
2019-11-20,33.99,12.3315
2019-11-21,33.79,12.3082
2019-11-22,33.86,12.3556
2019-11-23,33.79,12.322566666666669
2019-11-24,33.72,12.289533333333337
2019-11-25,33.65,12.2565
2019-11-26,33.61,12.2364
2019-11-27,33.71,12.2269
2019-11-28,33.6,12.2163
2019-11-29,33.56,12.2593
2019-11-30,33.56333333333333,12.257766666666669
2019-12-01,33.56666666666667,12.256233333333332
2019-12-02,33.57,12.2547
2019-12-03,33.6,12.3007
2019-12-04,34.01,12.3496
2019-12-05,33.84,12.3178
2019-12-06,33.7,12.3073
2019-12-07,33.63,12.261533333333333
2019-12-08,33.56,12.215766666666669
2019-12-09,33.49,12.17
2019-12-10,33.39,12.1848
2019-12-11,33.56,12.186
2019-12-12,33.68,12.1647
2019-12-13,33.68,12.1509
2019-12-14,33.64,12.166733333333331
2019-12-15,33.6,12.182566666666666
2019-12-16,33.56,12.1984
2019-12-17,33.59,12.2481
2019-12-18,33.67,12.2925
2019-12-19,33.6,12.2901
2019-12-20,33.75,12.2656
2019-12-21,33.77,12.2882
2019-12-22,33.79,12.3108
2019-12-23,33.81,12.3334
2019-12-24,33.92,12.3509
2019-12-25,34.095,12.4074
2019-12-26,34.27,12.4639
2019-12-27,34.3,12.4814
2019-12-28,34.336666666666666,12.4998
2019-12-29,34.37333333333333,12.5182
2019-12-30,34.41,12.5366
2019-12-31,34.6,12.5925
2020-01-01,34.51,12.61
2020-01-02,34.66,12.6001
2020-01-03,35.42,12.8861
2020-01-04,35.800000000000004,13.0083
2020-01-05,36.18,13.1305
2020-01-06,36.56,13.2527
2020-01-07,36.7,13.1186
2020-01-08,37.14,13.2424
2020-01-09,36.32,12.902
2020-01-10,35.54,12.8309
2020-01-11,35.62,12.8213
2020-01-12,35.7,12.8117
2020-01-13,35.78,12.8021
2020-01-14,35.68,12.81035
2020-01-15,35.58,12.8186
2020-01-16,35.57,12.8427
2020-01-17,35.49,12.8587
2020-01-18,35.53333333333333,12.885866666666669
2020-01-19,35.57666666666667,12.913033333333336
2020-01-20,35.62,12.9402
2020-01-21,35.69,12.9349
2020-01-22,35.64,12.8736
2020-01-23,35.53,12.8879
2020-01-24,35.54,12.8883
2020-01-25,35.723333333333336,12.964666666666666
2020-01-26,35.906666666666666,13.041033333333331
2020-01-27,36.09,13.1174
2020-01-28,35.92,13.1106
2020-01-29,35.69,13.055
2020-01-30,36.11,13.1722
2020-01-31,36.06,13.1226
2020-02-01,36.05,13.144733333333331
2020-02-02,36.04,13.166866666666667
2020-02-03,36.03,13.189
2020-02-04,35.76,13.0766
2020-02-05,35.39,13.0621
2020-02-06,35.79,13.0377
2020-02-07,35.9,13.0718
2020-02-08,35.92333333333333,13.097566666666667
2020-02-09,35.946666666666665,13.123333333333331
2020-02-10,35.97,13.1491
2020-02-11,35.82,13.1055
2020-02-12,35.76,13.0989
2020-02-13,35.99,13.1565
2020-02-14,35.98,13.1624
2020-02-15,36.04333333333333,13.178466666666669
2020-02-16,36.10666666666667,13.194533333333332
2020-02-17,36.17,13.2106
2020-02-18,36.29,13.2639
2020-02-19,36.545,13.3503
2020-02-20,36.8,13.4367
2020-02-21,37.2475,13.57305
2020-02-22,37.695,13.7094
2020-02-23,38.1425,13.84575
2020-02-24,38.59,13.9821
2020-02-25,37.75,13.7623
2020-02-26,37.83,13.7151
2020-02-27,37.88,13.7308
2020-02-28,38.09,13.692
2020-02-29,37.940000000000005,13.612866666666667
2020-03-01,37.79,13.533733333333332
2020-03-02,37.64,13.4546
2020-03-03,37.59,13.5348
2020-03-04,38.27,13.9444
2020-03-05,38.37,13.921
2020-03-06,39.06,14.2689
2020-03-07,38.91666666666667,14.194333333333333
2020-03-08,38.77333333333333,14.119766666666669
2020-03-09,38.63,14.0452
2020-03-10,38.415000000000006,14.01575
2020-03-11,38.2,13.9863
2020-03-12,38.0,13.9216
2020-03-13,37.04,13.4654
2020-03-14,36.76,13.388266666666668
2020-03-15,36.48,13.311133333333334
2020-03-16,36.2,13.234
2020-03-17,35.39,12.6993
2020-03-18,35.83,12.8388
2020-03-19,35.43,12.9369
2020-03-20,36.04,13.2508
2020-03-21,35.973333333333336,13.427466666666666
2020-03-22,35.906666666666666,13.604133333333332
2020-03-23,35.84,13.7808
2020-03-24,36.48,14.0367
2020-03-25,36.685,14.0758
2020-03-26,36.89,14.1149
2020-03-27,38.3,14.2992
2020-03-28,38.41333333333333,14.505166666666668
2020-03-29,38.52666666666666,14.711133333333333
2020-03-30,38.64,14.9171
2020-03-31,38.26,14.4622
2020-04-01,38.406666666666666,14.584933333333332
2020-04-02,38.553333333333335,14.707666666666666
2020-04-03,38.7,14.8304
2020-04-04,38.870000000000005,14.924775
2020-04-05,39.040000000000006,15.01915
2020-04-06,39.21,15.113525
2020-04-07,39.38,15.2079
2020-04-08,39.67,15.495
2020-04-09,40.72,15.7168
2020-04-10,41.0875,16.0111
2020-04-11,41.455,16.3054
2020-04-12,41.8225,16.5997
2020-04-13,42.19,16.894
2020-04-14,42.715,16.847949999999997
2020-04-15,43.24,16.8019
2020-04-16,43.54,16.9251
2020-04-17,43.34,16.9753
2020-04-18,43.24,16.96506666666667
2020-04-19,43.14,16.954833333333333
2020-04-20,43.04,16.9446
2020-04-21,43.15,16.7118
2020-04-22,43.15,15.4671
2020-04-23,43.48,15.7619
2020-04-24,43.86,15.7226
2020-04-25,43.92666666666667,15.699766666666669
2020-04-26,43.99333333333333,15.676933333333332
2020-04-27,44.06,15.6541
2020-04-28,43.79,15.5849
2020-04-29,44.01,15.5255
2020-04-30,43.88,15.4181
2020-05-01,43.89,15.485825
2020-05-02,43.900000000000006,15.55355
2020-05-03,43.91,15.621275
2020-05-04,43.92,15.689
2020-05-05,43.57,15.2671
2020-05-06,43.3,15.1293
2020-05-07,43.22,15.1158
2020-05-08,43.14,15.1023
2020-05-09,42.97,15.117333333333333
2020-05-10,42.8,15.132366666666666
2020-05-11,42.63,15.1474
2020-05-12,42.78,15.4115
2020-05-13,42.59,15.0155
2020-05-14,42.79,15.1389
2020-05-15,42.91,15.2675
2020-05-16,43.23,15.3473
2020-05-17,43.55,15.4271
2020-05-18,43.87,15.5069
2020-05-19,43.13,15.1535
2020-05-20,43.28,15.2855
2020-05-21,43.15,15.1639
2020-05-22,43.03,15.2606
2020-05-23,43.0325,15.221475
2020-05-24,43.035,15.18235
2020-05-25,43.0375,15.143225
2020-05-26,43.04,15.1041
2020-05-27,42.44,14.9651
2020-05-28,42.58,15.0769
2020-05-29,42.54,14.9767
2020-05-30,42.49333333333333,15.016066666666664
2020-05-31,42.446666666666665,15.055433333333331
2020-06-01,42.4,15.0948
2020-06-02,42.49,15.0869
2020-06-03,42.39,14.9547
2020-06-04,42.37,14.9391
2020-06-05,42.37,15.0529
2020-06-06,42.25333333333333,15.001433333333331
2020-06-07,42.13666666666667,14.949966666666668
2020-06-08,42.02,14.8985
2020-06-09,42.16,15.0418
2020-06-10,42.15,15.1097
2020-06-11,42.34,15.2841
2020-06-12,42.4,15.2775
2020-06-13,42.553333333333335,15.231833333333332
2020-06-14,42.70666666666666,15.186166666666669
2020-06-15,42.86,15.1405
2020-06-16,42.81,15.31
2020-06-17,42.53,15.2311
2020-06-18,42.87,15.303
2020-06-19,42.91,15.29
2020-06-20,42.98333333333333,15.349433333333332
2020-06-21,43.056666666666665,15.408866666666666
2020-06-22,43.13,15.4683
2020-06-23,43.22,15.4638
2020-06-24,43.61,15.6143
2020-06-25,43.67,15.5249
2020-06-26,43.74,15.4868
2020-06-27,43.85666666666667,15.5038
2020-06-28,43.973333333333336,15.5208
2020-06-29,44.09,15.5378
2020-06-30,44.25,15.5845
2020-07-01,44.45,15.7024
2020-07-02,43.98,15.4917
2020-07-03,43.89,15.5035
2020-07-04,43.88666666666667,15.4947
2020-07-05,43.88333333333333,15.4859
2020-07-06,43.88,15.4771
2020-07-07,43.98,15.5093
2020-07-08,44.19,15.7359
2020-07-09,44.39,15.8341
2020-07-10,44.38,15.809
2020-07-11,44.36666666666667,15.8152
2020-07-12,44.35333333333334,15.8214
2020-07-13,44.34,15.8276
2020-07-14,44.49,15.7701
2020-07-15,44.15,15.8216
2020-07-16,44.26,15.7957
2020-07-17,44.18,15.7202
2020-07-18,44.14,15.731966666666668
2020-07-19,44.1,15.743733333333331
2020-07-20,44.06,15.7555
2020-07-21,44.25,15.8201
2020-07-22,44.66,16.0828
2020-07-23,44.98,16.3927
2020-07-24,46.32,16.4165
2020-07-25,46.79333333333334,16.574866666666665
2020-07-26,47.266666666666666,16.733233333333335
2020-07-27,47.74,16.8916
2020-07-28,48.05,16.8903
2020-07-29,48.28,17.0482
2020-07-30,48.29,17.0416
2020-07-31,48.88,17.2311
2020-08-01,48.92666666666667,17.263133333333336
2020-08-02,48.973333333333336,17.295166666666667
2020-08-03,49.02,17.3272
2020-08-04,48.98,17.2721
2020-08-05,49.49,17.6926
2020-08-06,50.71,17.8608
2020-08-07,51.59,17.976
2020-08-08,51.38,17.902766666666665
2020-08-09,51.17,17.829533333333334
2020-08-10,50.96,17.7563
2020-08-11,49.25,17.3894
2020-08-12,47.78,16.7378
2020-08-13,47.89,16.7574
2020-08-14,47.82,16.9409
2020-08-15,47.806666666666665,16.916233333333334
2020-08-16,47.79333333333334,16.891566666666666
2020-08-17,47.78,16.8669
2020-08-18,48.79,17.2916
2020-08-19,48.27,17.147
2020-08-20,47.72,16.7775
2020-08-21,47.32,16.7354
2020-08-22,47.34333333333333,16.723699999999997
2020-08-23,47.36666666666667,16.712
2020-08-24,47.39,16.7003
2020-08-25,46.92,16.4631
2020-08-26,46.8,16.4202
2020-08-27,46.91,16.4638
2020-08-28,46.77,16.497
2020-08-29,46.836666666666666,16.52563333333333
2020-08-30,46.903333333333336,16.554266666666667
2020-08-31,46.97,16.5829
2020-09-01,47.33,16.6648
2020-09-02,46.94,16.479
2020-09-03,46.38,16.3131
2020-09-04,46.29,16.3672
2020-09-05,46.29333333333333,16.357766666666667
2020-09-06,46.29666666666667,16.348333333333333
2020-09-07,46.3,16.3389
2020-09-08,46.34,16.3741
2020-09-09,46.56,16.432
2020-09-10,46.69,16.5363
2020-09-11,46.4,16.5389
2020-09-12,46.446666666666665,16.526566666666668
2020-09-13,46.49333333333333,16.514233333333333
2020-09-14,46.54,16.5019
2020-09-15,46.95,16.6859
2020-09-16,47.04,16.6046
2020-09-17,46.75,16.4711
2020-09-18,47.03,16.5596
2020-09-19,46.86666666666667,16.524033333333332
2020-09-20,46.70333333333333,16.488466666666667
2020-09-21,46.54,16.4529
2020-09-22,45.99,16.2136
2020-09-23,45.54,16.0973
2020-09-24,45.18,15.9184
2020-09-25,45.37,16.0126
2020-09-26,45.27333333333333,15.972133333333332
2020-09-27,45.17666666666666,15.931666666666668
2020-09-28,45.08,15.8912
2020-09-29,45.49,16.1944
2020-09-30,45.71,16.136
2020-10-01,45.68,16.144
2020-10-02,45.69,16.1597
2020-10-03,45.7,16.1754
2020-10-04,45.71,16.1911
2020-10-05,45.72,16.2068
2020-10-06,46.08,16.3673
2020-10-07,45.66,16.226
2020-10-08,45.55,16.1306
2020-10-09,45.64,16.2846
2020-10-10,45.70666666666667,16.322
2020-10-11,45.77333333333333,16.3594
2020-10-12,45.84,16.3968
2020-10-13,45.91,16.3796
2020-10-14,45.83,16.1801
2020-10-15,45.57,16.2044
2020-10-16,46.07,16.2958
2020-10-17,46.07333333333333,16.300766666666668
2020-10-18,46.07666666666667,16.305733333333333
2020-10-19,46.08,16.3107
2020-10-20,45.84,16.2842
2020-10-21,46.02,16.433
2020-10-22,46.1,16.3948
2020-10-23,46.02,16.3611
2020-10-24,46.05666666666667,16.341166666666666
2020-10-25,46.09333333333333,16.321233333333335
2020-10-26,46.13,16.3013
2020-10-27,46.13,16.32
2020-10-28,46.24,16.3588
2020-10-29,45.72,16.283
2020-10-30,45.7825,16.29835
2020-10-31,45.845,16.3137
2020-11-01,45.9075,16.329050000000002
2020-11-02,45.97,16.3444
2020-11-03,46.01,16.3615
2020-11-04,46.18,16.4324
2020-11-05,45.93,16.4155
2020-11-06,46.19,16.7053
2020-11-07,46.22333333333333,16.7301
2020-11-08,46.25666666666667,16.7549
2020-11-09,46.29,16.7797
2020-11-10,45.79,16.2279
2020-11-11,45.82,16.1731
2020-11-12,45.88,16.2309
2020-11-13,46.11,16.2551
2020-11-14,46.0875,16.27075
2020-11-15,46.065,16.2864
2020-11-16,46.0425,16.302049999999998
2020-11-17,46.02,16.3177
2020-11-18,45.68,16.207
2020-11-19,45.58,16.0388
2020-11-20,45.51,16.0675
2020-11-21,45.47666666666667,16.082166666666666
2020-11-22,45.44333333333333,16.096833333333333
2020-11-23,45.41,16.1115
2020-11-24,44.79,15.7808
2020-11-25,44.34,15.7221
2020-11-26,44.29,15.7222
2020-11-27,44.21,15.667
2020-11-28,44.1025,15.622775
2020-11-29,43.995000000000005,15.57855
2020-11-30,43.8875,15.534325
2020-12-01,43.78,15.4901
2020-12-02,44.21,15.6577
2020-12-03,44.54,15.8054
2020-12-04,44.59,15.7867
2020-12-05,44.54666666666667,15.756233333333332
2020-12-06,44.50333333333334,15.725766666666669
2020-12-07,44.46,15.6953
2020-12-08,44.97,15.9391
2020-12-09,44.98,15.8813
2020-12-10,44.33,15.6967
2020-12-11,44.41,15.7
2020-12-12,44.35666666666666,15.685366666666669
2020-12-13,44.303333333333335,15.670733333333333
2020-12-14,44.25,15.6561
2020-12-15,44.3,15.6959
2020-12-16,44.46,15.9097
2020-12-17,44.51,16.0052
2020-12-18,44.65,16.0432
2020-12-19,44.81,16.0896
2020-12-20,44.97,16.136
2020-12-21,45.13,16.1824
2020-12-22,44.79,16.0372
2020-12-23,44.93,16.0173
2020-12-24,44.88,16.0122
2020-12-25,44.945,16.023675
2020-12-26,45.010000000000005,16.03515
2020-12-27,45.075,16.046625
2020-12-28,45.14,16.0581
2020-12-29,45.79,16.0497
2020-12-30,45.2,15.9827
2020-12-31,45.32,16.1
2021-01-01,45.42,16.063
2021-01-02,45.53333333333333,16.15063333333333
2021-01-03,45.64666666666667,16.238266666666668
2021-01-04,45.76,16.3259
2021-01-05,45.98,16.4702
2021-01-06,46.23,16.5547
2021-01-07,46.12,16.3217
2021-01-08,45.61,16.1038
2021-01-09,45.31666666666666,16.0157
2021-01-10,45.02333333333333,15.9276
2021-01-11,44.73,15.8395
2021-01-12,44.79,15.8872
2021-01-13,44.54,15.7946
2021-01-14,44.36,15.6834
2021-01-15,44.66,15.8005
2021-01-16,44.52,15.748366666666666
2021-01-17,44.38,15.696233333333334
2021-01-18,44.24,15.6441
2021-01-19,44.24,15.7028
2021-01-20,44.46,15.7313
2021-01-21,44.49,15.857
2021-01-22,44.46,15.7748
2021-01-23,44.41,15.745666666666668
2021-01-24,44.36,15.716533333333334
2021-01-25,44.31,15.6874
2021-01-26,44.21,15.6589
2021-01-27,44.11,15.6304
2021-01-28,44.08,15.6323
2021-01-29,44.0,15.616
2021-01-30,43.98333333333333,15.5874
2021-01-31,43.96666666666667,15.5588
2021-02-01,43.95,15.5302
2021-02-02,43.6,15.4081
2021-02-03,43.19,15.3093
2021-02-04,42.97,15.158
2021-02-05,42.7,15.1008
2021-02-06,42.70666666666667,15.1162
2021-02-07,42.71333333333333,15.1316
2021-02-08,42.72,15.147
2021-02-09,43.33,15.3434
2021-02-10,43.24,15.3203
2021-02-11,43.05,15.3146
2021-02-12,42.72,15.1318
2021-02-13,42.68666666666667,15.123633333333334
2021-02-14,42.65333333333333,15.115466666666666
2021-02-15,42.62,15.1073
2021-02-16,42.74,15.1641
2021-02-17,42.06,14.9286
2021-02-18,41.94,14.8935
2021-02-19,41.945,14.8852
2021-02-20,41.95,14.8769
2021-02-21,41.955,14.8686
2021-02-22,41.96,14.8603
2021-02-23,42.28,14.947
2021-02-24,42.12,14.9329
2021-02-25,41.97,14.8353
2021-02-26,41.72,14.7702
2021-02-27,41.63666666666666,14.751333333333331
2021-02-28,41.553333333333335,14.732466666666667
2021-03-01,41.47,14.7136
2021-03-02,40.87,14.5446
2021-03-03,40.85,14.4538
2021-03-04,40.41,14.3464
2021-03-05,40.13,14.2226
2021-03-06,40.126666666666665,14.228233333333334
2021-03-07,40.123333333333335,14.233866666666666
2021-03-08,40.12,14.2395
2021-03-09,40.04,14.2843
2021-03-10,40.27,14.3112
2021-03-11,40.16,14.2655
2021-03-12,40.05,14.2198
2021-03-13,40.18333333333333,14.2708
2021-03-14,40.31666666666667,14.3218
2021-03-15,40.45,14.3728
2021-03-16,40.48,14.3994
2021-03-17,40.49,14.3753
2021-03-18,40.53,14.3697
2021-03-19,40.56,14.3955
2021-03-20,40.46,14.3544
2021-03-21,40.36,14.3133
2021-03-22,40.26,14.2722
2021-03-23,40.39,14.3113
2021-03-24,40.42,14.3122
2021-03-25,40.45,14.2947
2021-03-26,40.25,14.2825
2021-03-27,40.15,14.249625
2021-03-28,40.05,14.21675
2021-03-29,39.95,14.183875
2021-03-30,39.85,14.151
2021-03-31,39.55,14.1088
2021-04-01,39.71,14.17604
2021-04-02,39.87,14.24328
2021-04-03,40.03,14.31052
2021-04-04,40.19,14.37776
2021-04-05,40.35,14.445
2021-04-06,40.35,14.4949
2021-04-07,40.8,14.7152
2021-04-08,40.95,14.8011
2021-04-09,41.3,14.8546
2021-04-10,41.33333333333333,14.8476
2021-04-11,41.36666666666667,14.8406
2021-04-12,41.4,14.8336
2021-04-13,41.4,14.873066666666666
2021-04-14,41.4,14.912533333333334
2021-04-15,41.4,14.952
2021-04-16,41.85,14.9809
2021-04-17,42.11666666666667,15.063933333333331
2021-04-18,42.38333333333333,15.146966666666668
2021-04-19,42.65,15.23
2021-04-20,42.35,15.0989
2021-04-21,42.525000000000006,15.16025
2021-04-22,42.7,15.2216
2021-04-23,42.8,15.2296
2021-04-24,42.58333333333333,15.1949
2021-04-25,42.36666666666667,15.1602
2021-04-26,42.15,15.1255
2021-04-27,42.15,15.1098
2021-04-28,41.65,14.943
2021-04-29,41.75,14.9265
2021-04-30,41.65,14.9031
2021-05-01,41.7,14.9188
2021-05-02,41.75,14.9345
2021-05-03,41.8,14.9502
2021-05-04,41.85,14.9777
2021-05-05,41.85,14.9058
2021-05-06,42.05,15.0008
2021-05-07,42.35,15.142
2021-05-08,42.41666666666666,15.168133333333332
2021-05-09,42.48333333333333,15.194266666666666
2021-05-10,42.55,15.2204
2021-05-11,42.4,15.2082
2021-05-12,42.35,15.2036
2021-05-13,42.6,15.20775
2021-05-14,42.85,15.2119
2021-05-15,42.86666666666667,15.254233333333334
2021-05-16,42.88333333333333,15.296566666666669
2021-05-17,42.9,15.3389
2021-05-18,43.0,15.431
2021-05-19,42.9,15.3942
2021-05-20,43.0,15.4726
2021-05-21,43.0,15.4643
2021-05-22,42.98333333333333,15.465833333333332
2021-05-23,42.96666666666667,15.467366666666669
2021-05-24,42.95,15.4689
2021-05-25,42.85,15.466
2021-05-26,42.875,15.48755
2021-05-27,42.9,15.5091
2021-05-28,42.8,15.4749
2021-05-29,42.83333333333333,15.5219
2021-05-30,42.86666666666667,15.5689
2021-05-31,42.9,15.6159
2021-06-01,43.2,15.723
2021-06-02,43.1,15.6162
2021-06-03,42.95,15.5734
2021-06-04,42.45,15.4514
2021-06-05,42.46666666666667,15.467833333333331
2021-06-06,42.48333333333333,15.484266666666668
2021-06-07,42.5,15.5007
2021-06-08,42.65,15.5639
2021-06-09,42.65,15.5758
2021-06-10,42.6,15.5348
2021-06-11,42.75,15.6361
2021-06-12,42.56666666666667,15.562
2021-06-13,42.38333333333333,15.4879
2021-06-14,42.2,15.4138
2021-06-15,42.3,15.4476
2021-06-16,42.3,15.4201
2021-06-17,41.7,15.1583
2021-06-18,41.15,15.0592
2021-06-19,41.15,15.040266666666668
2021-06-20,41.15,15.021333333333333
2021-06-21,41.15,15.0024
2021-06-22,41.0,14.9972
2021-06-23,41.1,15.0159
2021-06-24,41.1,15.0001
2021-06-25,41.05,15.0177
2021-06-26,41.016666666666666,15.005466666666669
2021-06-27,40.98333333333333,14.993233333333333
2021-06-28,40.95,14.981
2021-06-29,40.9,14.9215
2021-06-30,40.65,14.8408
2021-07-01,41.0,14.9893
2021-07-02,41.25,15.1049
2021-07-03,41.25,15.113266666666668
2021-07-04,41.25,15.121633333333332
2021-07-05,41.25,15.13
2021-07-06,41.6,15.2648
2021-07-07,41.65,15.2941
2021-07-08,41.7,15.2897
2021-07-09,41.7,15.2728
2021-07-10,41.65,15.253266666666669
2021-07-11,41.6,15.233733333333332
2021-07-12,41.55,15.2142
2021-07-13,41.55,15.255
2021-07-14,41.65,15.2997
2021-07-15,42.05,15.3864
2021-07-16,41.9,15.368
2021-07-17,41.81666666666666,15.332033333333332
2021-07-18,41.73333333333333,15.296066666666666
2021-07-19,41.65,15.2601
2021-07-20,41.7,15.2728
2021-07-21,41.475,15.21705
2021-07-22,41.25,15.1613
2021-07-23,41.4,15.1928
2021-07-24,41.43333333333333,15.1903
2021-07-25,41.46666666666667,15.1878
2021-07-26,41.5,15.1853
2021-07-27,41.3,15.1823
2021-07-28,41.45,15.1715
2021-07-29,41.75,15.3149
2021-07-30,41.9,15.3769
2021-07-31,41.766666666666666,15.337266666666666
2021-08-01,41.63333333333333,15.297633333333332
2021-08-02,41.5,15.258
2021-08-03,41.5,15.2882
2021-08-04,41.65,15.2906
2021-08-05,41.5,15.2572
2021-08-06,41.3,15.2038
2021-08-07,41.03333333333333,15.080266666666668
2021-08-08,40.766666666666666,14.956733333333332
2021-08-09,40.5,14.8332
2021-08-10,40.5,14.7736
2021-08-11,40.4,14.8045
2021-08-12,40.95,14.9178
2021-08-13,41.15,14.8876
2021-08-14,41.3875,14.946000000000002
2021-08-15,41.625,15.0044
2021-08-16,41.8625,15.0628
2021-08-17,42.1,15.1212
2021-08-18,41.75,15.0768
2021-08-19,41.425,15.06745
2021-08-20,41.1,15.0581
2021-08-21,41.11666666666667,15.0549
2021-08-22,41.13333333333333,15.0517
2021-08-23,41.15,15.0485
2021-08-24,41.3,15.1118
2021-08-25,41.2,15.0622
2021-08-26,41.05,14.9676
2021-08-27,41.05,15.0176
2021-08-28,41.1,15.0322
2021-08-29,41.15,15.0468
2021-08-30,41.2,15.0614
2021-08-31,41.1,15.0083
2021-09-01,41.05,15.0294
2021-09-02,41.1,15.051
2021-09-03,41.05,15.0206
2021-09-04,41.516666666666666,15.058833333333334
2021-09-05,41.98333333333333,15.097066666666668
2021-09-06,42.45,15.1353
2021-09-07,41.75,15.0934
2021-09-08,41.55,15.0177
2021-09-09,41.35,14.9853
2021-09-10,41.35,14.97955
2021-09-11,41.35,14.9738
2021-09-12,41.35,14.968050000000002
2021-09-13,41.35,14.9623
2021-09-14,41.25,14.957
2021-09-15,41.3,15.0481
2021-09-16,41.5,14.8921
2021-09-17,41.2,14.781
2021-09-18,41.23333333333333,14.7799
2021-09-19,41.266666666666666,14.7788
2021-09-20,41.3,14.7777
2021-09-21,41.1,14.7845
2021-09-22,41.4,14.9129
2021-09-23,41.2,14.8091
2021-09-24,41.15,14.7001
2021-09-25,41.16666666666666,14.694633333333334
2021-09-26,41.18333333333334,14.689166666666669
2021-09-27,41.2,14.6837
2021-09-28,41.2,14.6892
2021-09-29,41.25,14.7181
2021-09-30,40.85,14.622
2021-10-01,41.1,14.784
2021-10-02,41.03333333333333,14.776166666666668
2021-10-03,40.96666666666667,14.768333333333334
2021-10-04,40.9,14.7605
2021-10-05,40.85,14.8502
2021-10-06,40.75,14.8628
2021-10-07,41.25,14.8981
2021-10-08,41.1,14.9042
2021-10-09,41.05,14.914533333333331
2021-10-10,41.0,14.924866666666668
2021-10-11,40.95,14.9352
2021-10-12,41.05,15.0126
2021-10-13,41.25,15.0244
2021-10-14,41.7,15.2137
2021-10-15,41.5625,15.170625
2021-10-16,41.425,15.12755
2021-10-17,41.2875,15.084475
2021-10-18,41.15,15.0414
2021-10-19,41.225,15.0656
2021-10-20,41.3,15.0898
2021-10-21,41.4,15.0944
2021-10-22,41.5,15.1334
2021-10-23,41.6,15.1634
2021-10-24,41.7,15.1934
2021-10-25,41.8,15.2234
2021-10-26,41.95,15.2886
2021-10-27,41.55,15.1483
2021-10-28,41.7,15.228
2021-10-29,41.65,15.233
2021-10-30,41.56666666666666,15.2049
2021-10-31,41.48333333333333,15.1768
2021-11-01,41.4,15.1487
2021-11-02,41.85,15.2317
2021-11-03,41.5,15.0618
2021-11-04,41.54,15.09596
2021-11-05,41.58,15.13012
2021-11-06,41.620000000000005,15.16428
2021-11-07,41.66,15.19844
2021-11-08,41.7,15.2326
2021-11-09,41.9,15.3153
2021-11-10,41.95,15.3376
2021-11-11,42.7,15.6645
2021-11-12,42.65,15.5888
2021-11-13,42.65,15.600666666666667
2021-11-14,42.65,15.612533333333332
2021-11-15,42.65,15.6244
2021-11-16,42.85,15.7149
2021-11-17,42.5,15.6217
2021-11-18,42.6,15.6582
2021-11-19,42.5,15.622825
2021-11-20,42.400000000000006,15.58745
2021-11-21,42.3,15.552075
2021-11-22,42.2,15.5167
2021-11-23,41.4,15.1866
2021-11-24,41.25,15.1521
2021-11-25,41.25,15.1914
2021-11-26,41.6,15.3308
2021-11-27,41.6,15.3275
2021-11-28,41.6,15.3242
2021-11-29,41.6,15.3209
2021-11-30,41.5,15.2491
2021-12-01,41.4,15.1293
2021-12-02,41.2,15.088
2021-12-03,41.25,15.0913
2021-12-04,41.266666666666666,15.117766666666666
2021-12-05,41.28333333333333,15.144233333333334
2021-12-06,41.3,15.1707
2021-12-07,41.2,15.1186
2021-12-08,41.45,15.2561
2021-12-09,41.35,15.1742
2021-12-10,41.4,15.1498
2021-12-11,41.43333333333333,15.1898
2021-12-12,41.46666666666667,15.2298
2021-12-13,41.5,15.2698
2021-12-14,41.55,15.2648
2021-12-15,41.5,15.2234
2021-12-16,41.7,15.3579
2021-12-17,42.05,15.4572
2021-12-18,41.98333333333333,15.4256
2021-12-19,41.91666666666666,15.394
2021-12-20,41.85,15.3624
2021-12-21,41.7,15.2812
2021-12-22,41.5,15.2772
2021-12-23,41.7,15.3214
2021-12-24,41.65,15.2837
2021-12-25,41.63333333333333,15.285333333333334
2021-12-26,41.61666666666667,15.286966666666666
2021-12-27,41.6,15.2886
2021-12-28,41.6,15.3382
2021-12-29,41.5,15.2489
2021-12-30,41.2,15.145
2021-12-31,41.4,15.2398
2022-01-01,41.46666666666667,15.2609
2022-01-02,41.53333333333333,15.282
2022-01-03,41.6,15.3031
2022-01-04,41.4,15.2277
2022-01-05,41.5,15.2472
2022-01-06,41.2,15.1579
2022-01-07,41.1,15.0864
2022-01-08,41.05,15.0804
2022-01-09,41.0,15.0744
2022-01-10,40.95,15.0684
2022-01-11,41.15,15.1578
2022-01-12,41.3,15.19
2022-01-13,41.35,15.2007
2022-01-14,41.5,15.2651
2022-01-15,41.5,15.254333333333332
2022-01-16,41.5,15.243566666666666
2022-01-17,41.5,15.2328
2022-01-18,41.5,15.2291
2022-01-19,41.5,15.247
2022-01-20,41.95,15.4224
2022-01-21,41.8,15.3437
2022-01-22,41.83333333333333,15.3759
2022-01-23,41.86666666666667,15.4081
2022-01-24,41.9,15.4403
2022-01-25,42.0,15.4331
2022-01-26,41.8,15.374
2022-01-27,41.6,15.3149
2022-01-28,41.2,15.1824
2022-01-29,41.16666666666667,15.152533333333333
2022-01-30,41.13333333333333,15.122666666666667
2022-01-31,41.1,15.0928
2022-02-01,41.4,15.2645
2022-02-02,41.35,15.2394
2022-02-03,41.4,15.2608
2022-02-04,41.4,15.2787
2022-02-05,41.45,15.295675
2022-02-06,41.5,15.31265
2022-02-07,41.55,15.329625
2022-02-08,41.6,15.3466
2022-02-09,41.85,15.3931
2022-02-10,42.0,15.4539
2022-02-11,42.1,15.4753
2022-02-12,42.31666666666667,15.564733333333336
2022-02-13,42.53333333333333,15.654166666666669
2022-02-14,42.75,15.7436
2022-02-15,42.6,15.6685
2022-02-16,42.4,15.6219
2022-02-17,43.3,15.8904
2022-02-18,43.0,15.8224
2022-02-19,43.0,15.808066666666669
2022-02-20,43.0,15.793733333333334
2022-02-21,43.0,15.7794
2022-02-22,43.25,15.8975
2022-02-23,43.0,15.8045
2022-02-24,44.5,16.352
2022-02-25,43.6,15.9696
2022-02-26,43.53333333333333,15.964233333333333
2022-02-27,43.46666666666667,15.958866666666667
2022-02-28,43.4,15.9535
2022-03-01,43.825,16.108
2022-03-02,44.25,16.2625
2022-03-03,44.15,16.2594
2022-03-04,44.45,16.3387
2022-03-05,44.93333333333334,16.5244
2022-03-06,45.41666666666666,16.7101
2022-03-07,45.9,16.8958
2022-03-08,45.95,16.8105
2022-03-09,44.6,16.7071
2022-03-10,44.85,16.3418
2022-03-11,45.2,16.4856
2022-03-12,44.95,16.416966666666667
2022-03-13,44.7,16.348333333333333
2022-03-14,44.45,16.2797
2022-03-15,44.25,16.2158
2022-03-16,44.05,16.177
2022-03-17,44.1,16.2204
2022-03-18,44.0875,16.202150000000003
2022-03-19,44.075,16.1839
2022-03-20,44.0625,16.16565
2022-03-21,44.05,16.1474
2022-03-22,44.25,16.2231
2022-03-23,44.25,16.2523
2022-03-24,44.45,16.3244
2022-03-25,44.65,16.3644
2022-03-26,44.53333333333333,16.329933333333333
2022-03-27,44.41666666666666,16.295466666666666
2022-03-28,44.3,16.261
2022-03-29,44.0,16.2001
2022-03-30,43.9,16.2323
2022-03-31,44.0,16.2609
2022-04-01,44.0,16.2483
2022-04-02,44.0,16.2357
2022-04-03,44.0,16.2231
2022-04-04,44.0,16.2105
2022-04-05,44.1,16.3037
2022-04-06,44.35,16.3502
2022-04-07,44.4,16.3466
2022-04-08,44.4,16.4003
2022-04-09,44.61666666666667,16.467100000000002
2022-04-10,44.83333333333333,16.5339
2022-04-11,45.05,16.6007
2022-04-12,45.15,16.5828
2022-04-13,45.55,16.7653
2022-04-14,45.64,16.79464
2022-04-15,45.73,16.82398
2022-04-16,45.82,16.85332
2022-04-17,45.91,16.882659999999998
2022-04-18,46.0,16.912
2022-04-19,45.85,16.9012
2022-04-20,45.35,16.6112
2022-04-21,45.1,16.6398
2022-04-22,45.35,16.7078
2022-04-23,45.21666666666667,16.650666666666666
2022-04-24,45.083333333333336,16.593533333333333
2022-04-25,44.95,16.5364
2022-04-26,44.6,16.4613
2022-04-27,44.4,16.4076
2022-04-28,44.25,16.2894
2022-04-29,44.6,16.4755
2022-04-30,44.41666666666666,16.391933333333334
2022-05-01,44.23333333333333,16.308366666666664
2022-05-02,44.05,16.2248
2022-05-03,43.975,16.18895
2022-05-04,43.9,16.1531
2022-05-05,44.25,16.3426
2022-05-06,44.25,16.3856
2022-05-07,44.28333333333333,16.3784
2022-05-08,44.31666666666667,16.3712
2022-05-09,44.35,16.364
2022-05-10,44.1,16.2673
2022-05-11,43.8,16.2101
2022-05-12,43.85,16.2137
2022-05-13,43.35,15.945
2022-05-14,43.3625,15.961975
2022-05-15,43.375,15.97895
2022-05-16,43.3875,15.995925
2022-05-17,43.4,16.0129
2022-05-18,43.3,15.9736
2022-05-19,43.4,16.0416
2022-05-20,43.7,16.1811
2022-05-21,43.8,16.203733333333332
2022-05-22,43.9,16.226366666666667
2022-05-23,44.0,16.249
2022-05-24,44.0,16.2705
2022-05-25,43.9,16.2203
2022-05-26,43.65,16.1523
2022-05-27,43.9,16.2274
2022-05-28,43.9,16.2059
2022-05-29,43.9,16.1844
2022-05-30,43.9,16.1629
2022-05-31,43.8,16.1485
2022-06-01,43.35,15.9838
2022-06-02,43.85,16.22
2022-06-03,44.1,16.2414
2022-06-04,44.05,16.229433333333333
2022-06-05,44.0,16.217466666666667
2022-06-06,43.95,16.2055
2022-06-07,43.7,16.1338
2022-06-08,43.75,16.1803
2022-06-09,43.75,16.1874
2022-06-10,43.7,16.1731
2022-06-11,43.85,16.2076
2022-06-12,44.0,16.2421
2022-06-13,44.15,16.2766
2022-06-14,43.5,16.0439
2022-06-15,43.4,16.0367
2022-06-16,43.6,16.0975
2022-06-17,43.95,16.2084
2022-06-18,43.86666666666667,16.1833
2022-06-19,43.78333333333334,16.1582
2022-06-20,43.7,16.1331
2022-06-21,43.65,16.0901
2022-06-22,43.5,16.0723
2022-06-23,43.55,16.1154
2022-06-24,43.8,16.069
2022-06-25,43.8,16.101399999999998
2022-06-26,43.8,16.1338
2022-06-27,43.8,16.1662
2022-06-28,43.75,16.2021
2022-06-29,43.6,16.1593
2022-06-30,43.5,16.1308
2022-07-01,44.3,16.3672
2022-07-02,44.46666666666666,16.387633333333333
2022-07-03,44.63333333333333,16.408066666666667
2022-07-04,44.8,16.4285
2022-07-05,44.8,16.4606
2022-07-06,44.1,16.2746
2022-07-07,43.5,16.0671
2022-07-08,43.7,16.0779
2022-07-09,43.66666666666667,16.075666666666667
2022-07-10,43.63333333333333,16.073433333333334
2022-07-11,43.6,16.0712
2022-07-12,43.45,16.1358
2022-07-13,43.4,16.1717
2022-07-14,43.25,16.0931
2022-07-15,43.0,16.061
2022-07-16,43.1,16.094566666666665
2022-07-17,43.2,16.128133333333334
2022-07-18,43.3,16.1617
2022-07-19,43.35,16.1368
2022-07-20,43.3,16.1226
2022-07-21,43.0,16.1121
2022-07-22,43.45,16.1907
2022-07-23,43.46666666666667,16.18113333333333
2022-07-24,43.48333333333333,16.171566666666667
2022-07-25,43.5,16.162
2022-07-26,43.4,16.0868
2022-07-27,43.5,16.0582
2022-07-28,44.0,16.1799
2022-07-29,44.1,16.2049
2022-07-30,44.11666666666667,16.218
2022-07-31,44.13333333333333,16.231099999999998
2022-08-01,44.15,16.2442
2022-08-02,44.25,16.2513
2022-08-03,44.0,16.262
2022-08-04,44.4,16.3694
2022-08-05,44.5,16.416
2022-08-06,44.43333333333333,16.396866666666668
2022-08-07,44.36666666666667,16.37773333333333
2022-08-08,44.3,16.3586
2022-08-09,44.525,16.43375
2022-08-10,44.75,16.5089
2022-08-11,44.7,16.5267
2022-08-12,44.7,16.5804
2022-08-13,44.650000000000006,16.54238
2022-08-14,44.6,16.504360000000002
2022-08-15,44.55,16.46634
2022-08-16,44.5,16.42832
2022-08-17,44.45,16.3903
2022-08-18,44.35,16.4261
2022-08-19,44.25,16.2827
2022-08-20,44.16666666666666,16.254033333333332
2022-08-21,44.083333333333336,16.225366666666666
2022-08-22,44.0,16.1967
2022-08-23,43.95,16.2181
2022-08-24,44.15,16.2432
2022-08-25,44.55,16.3614
2022-08-26,44.25,16.3113
2022-08-27,44.083333333333336,16.238433333333333
2022-08-28,43.91666666666666,16.165566666666667
2022-08-29,43.75,16.0927
2022-08-30,43.75,16.1142
2022-08-31,43.55,16.0191
2022-09-01,43.35,15.924
2022-09-02,43.4,15.9168
2022-09-03,43.45,15.950166666666666
2022-09-04,43.5,15.983533333333334
2022-09-05,43.55,16.0169
2022-09-06,43.45,16.0097
2022-09-07,43.3,15.9775
2022-09-08,43.6,16.0097
2022-09-09,43.6,16.0526
2022-09-10,43.55,16.031066666666668
2022-09-11,43.5,16.009533333333334
2022-09-12,43.45,15.988
2022-09-13,43.4,15.9737
2022-09-14,43.15,15.841
2022-09-15,43.05,15.7872
2022-09-16,42.5,15.5579
2022-09-17,42.5,15.560233333333333
2022-09-18,42.5,15.562566666666669
2022-09-19,42.5,15.5649
2022-09-20,42.75,15.6115
2022-09-21,42.8,15.7045
2022-09-22,43.05,15.8621
2022-09-23,42.7,15.7009
2022-09-24,42.63333333333333,15.682966666666667
2022-09-25,42.56666666666667,15.665033333333334
2022-09-26,42.5,15.6471
2022-09-27,42.35,15.6614
2022-09-28,42.25,15.647
2022-09-29,42.9,15.79
2022-09-30,43.0,15.8651
2022-10-01,43.03333333333333,15.886533333333333
2022-10-02,43.06666666666667,15.907966666666669
2022-10-03,43.1,15.9294
2022-10-04,43.9,16.1835
2022-10-05,43.975,16.22505
2022-10-06,44.05,16.2666
2022-10-07,44.25,16.3668
2022-10-08,44.016666666666666,16.264133333333334
2022-10-09,43.78333333333333,16.16146666666667
2022-10-10,43.55,16.0588
2022-10-11,43.3,15.9944
2022-10-12,43.4,16.0373
2022-10-13,43.55,16.0981
2022-10-14,43.2,15.9477
2022-10-15,43.11666666666667,15.930966666666666
2022-10-16,43.03333333333334,15.914233333333334
2022-10-17,42.95,15.8975
2022-10-18,43.05,15.8903
2022-10-19,42.95,15.9118
2022-10-20,43.0,15.8688
2022-10-21,42.75,15.79
2022-10-22,42.875,15.8553
2022-10-23,43.0,15.9206
2022-10-24,43.125,15.9859
2022-10-25,43.25,16.0512
2022-10-26,43.3,16.03145
2022-10-27,43.35,16.0117
2022-10-28,43.3,15.9759
2022-10-29,43.3,15.954366666666669
2022-10-30,43.3,15.932833333333331
2022-10-31,43.3,15.9113
2022-11-01,43.35,15.9756
2022-11-02,43.5,16.0543
2022-11-03,43.2,15.8503
2022-11-04,43.35,15.9111
2022-11-05,43.46666666666667,15.9612
2022-11-06,43.583333333333336,16.0113
2022-11-07,43.7,16.0614
2022-11-08,43.775000000000006,16.0989
2022-11-09,43.85,16.1364
2022-11-10,44.05,16.2044
2022-11-11,44.8,16.4833
2022-11-12,44.81666666666666,16.486866666666668
2022-11-13,44.833333333333336,16.490433333333332
2022-11-14,44.85,16.494
2022-11-15,45.25,16.6337
2022-11-16,45.35,16.7267
2022-11-17,45.2,16.6158
2022-11-18,45.35,16.6229
2022-11-19,45.16666666666666,16.579933333333333
2022-11-20,44.98333333333333,16.536966666666668
2022-11-21,44.8,16.494
2022-11-22,44.85,16.5547
2022-11-23,45.0,16.4545
2022-11-24,44.95,16.6334
2022-11-25,45.0,16.551
2022-11-26,45.06666666666667,16.573633333333333
2022-11-27,45.13333333333333,16.596266666666665
2022-11-28,45.2,16.6189
2022-11-29,45.05,16.6296
2022-11-30,45.05,16.626
2022-12-01,45.4,16.694
2022-12-02,45.8,16.9337
2022-12-03,45.86666666666667,16.961100000000002
2022-12-04,45.93333333333333,16.9885
2022-12-05,46.0,17.0159
2022-12-06,46.05,16.8871
2022-12-07,45.85,16.8906
2022-12-08,46.0,16.9371
2022-12-09,46.0,16.9263
2022-12-10,46.03333333333333,16.94536666666667
2022-12-11,46.06666666666667,16.964433333333332
2022-12-12,46.1,16.9835
2022-12-13,46.1,17.0157
2022-12-14,46.5,17.1408
2022-12-15,46.05,16.976
2022-12-16,46.1,17.0261
2022-12-17,46.2,17.0547
2022-12-18,46.3,17.083299999999998
2022-12-19,46.4,17.1119
2022-12-20,46.6,17.1691
2022-12-21,46.75,17.2013
2022-12-22,46.9,17.2621
2022-12-23,46.7,17.1044
2022-12-24,46.61666666666667,17.110333333333333
2022-12-25,46.53333333333334,17.116266666666665
2022-12-26,46.45,17.1222
2022-12-27,46.7,17.2832
2022-12-28,46.55,17.1759
2022-12-29,46.75,17.1472
2022-12-30,46.95,17.2225
2022-12-31,47.03333333333334,17.260633333333335
2023-01-01,47.11666666666667,17.298766666666666
2023-01-02,47.2,17.3369
2023-01-03,47.6,17.555
2023-01-04,48.05,17.7194
2023-01-05,47.8,17.5082
2023-01-06,47.6,17.4294
2023-01-07,47.766666666666666,17.515233333333335
2023-01-08,47.93333333333334,17.601066666666668
2023-01-09,48.1,17.6869
2023-01-10,47.9,17.626
2023-01-11,48.1,17.6761
2023-01-12,48.0,17.6581
2023-01-13,48.2,17.7368
2023-01-14,48.333333333333336,17.7821
2023-01-15,48.46666666666667,17.827399999999997
2023-01-16,48.6,17.8727
2023-01-17,48.6,17.8762
2023-01-18,48.5,17.8118
2023-01-19,48.45,17.8332
2023-01-20,48.8,17.9548
2023-01-21,48.78333333333333,17.955966666666665
2023-01-22,48.766666666666666,17.957133333333335
2023-01-23,48.75,17.9583
2023-01-24,49.0,18.0333
2023-01-25,48.85,17.911
2023-01-26,48.8,17.921750000000003
2023-01-27,48.75,17.9325
2023-01-28,48.766666666666666,17.9253
2023-01-29,48.78333333333333,17.918100000000003
2023-01-30,48.8,17.9109
2023-01-31,48.75,17.8607
2023-02-01,49.3,18.1183
2023-02-02,50.4,18.5222
2023-02-03,49.4,18.2005
2023-02-04,49.28333333333333,18.1468
2023-02-05,49.16666666666666,18.0931
2023-02-06,49.05,18.0394
2023-02-07,48.95,18.0323
2023-02-08,49.25,18.1359
2023-02-09,49.15,18.1108
2023-02-10,48.7,17.9066
2023-02-11,48.68333333333334,17.905366666666666
2023-02-12,48.66666666666666,17.904133333333334
2023-02-13,48.65,17.9029
2023-02-14,48.8,17.9208
2023-02-15,48.25,17.7634
2023-02-16,48.2,17.7455
2023-02-17,47.85,17.6203
2023-02-18,48.03333333333333,17.6787
2023-02-19,48.21666666666667,17.7371
2023-02-20,48.4,17.7955
2023-02-21,48.15,17.7204
2023-02-22,48.25,17.6846
2023-02-23,47.95,17.6058
2023-02-24,47.8,17.5986
2023-02-25,47.68333333333333,17.5485
2023-02-26,47.56666666666667,17.4984
2023-02-27,47.45,17.4483
2023-02-28,47.45,17.4804
2023-03-01,48.0,17.5734
2023-03-02,48.0,17.6091
2023-03-03,47.9,17.627
2023-03-04,47.93333333333333,17.6174
2023-03-05,47.96666666666667,17.607799999999997
2023-03-06,48.0,17.5982
2023-03-07,47.675,17.496299999999998
2023-03-08,47.35,17.3944
2023-03-09,47.2,17.4659
2023-03-10,47.5,17.5374
2023-03-11,47.9,17.6494
2023-03-12,48.3,17.761400000000002
2023-03-13,48.7,17.8734
2023-03-14,49.15,18.0734
2023-03-15,48.75,18.0019
2023-03-16,49.5,18.2915
2023-03-17,49.65,18.2414
2023-03-18,50.016666666666666,18.37143333333333
2023-03-19,50.38333333333333,18.501466666666666
2023-03-20,50.75,18.6315
2023-03-21,50.5,18.5385
2023-03-22,50.5,18.524
2023-03-23,50.5,18.5095
2023-03-24,50.9,18.6991
2023-03-25,50.73333333333333,18.654933333333336
2023-03-26,50.56666666666666,18.610766666666667
2023-03-27,50.4,18.5666
2023-03-28,50.25,18.4485
2023-03-29,50.8,18.6668
2023-03-30,50.9,18.76685
2023-03-31,51.0,18.8669
2023-04-01,50.95,18.8052
2023-04-02,50.9,18.7435
2023-04-03,50.85,18.6818
2023-04-04,51.400000000000006,18.90515
2023-04-05,51.95,19.1285
2023-04-06,51.85,18.9704
2023-04-07,51.7625,18.953375
2023-04-08,51.675,18.93635
2023-04-09,51.5875,18.919325
2023-04-10,51.5,18.9023
2023-04-11,51.65,18.9524
2023-04-12,51.7,18.9917
2023-04-13,52.0,19.0668
2023-04-14,51.9625,19.05155
2023-04-15,51.925,19.0363
2023-04-16,51.8875,19.02105
2023-04-17,51.85,19.0058
2023-04-18,51.7,18.9808
2023-04-19,51.25,18.7841
2023-04-20,51.65,18.938
2023-04-21,51.45,18.9026
2023-04-22,51.4,18.8828
2023-04-23,51.35,18.863
2023-04-24,51.3,18.8432
2023-04-25,51.45,18.9151
2023-04-26,51.5,18.9549
2023-04-27,51.55,18.9446
2023-04-28,51.4,18.8842
2023-04-29,51.4125,18.890925
2023-04-30,51.425,18.89765
2023-05-01,51.4375,18.904375
2023-05-02,51.45,18.9111
2023-05-03,52.15,19.1366
2023-05-04,52.65,19.3265
2023-05-05,52.5125,19.29025
2023-05-06,52.375,19.254
2023-05-07,52.2375,19.21775
2023-05-08,52.1,19.1815
2023-05-09,52.45,19.2892
2023-05-10,52.55,19.3075
2023-05-11,52.6,19.265
2023-05-12,52.15,19.1117
2023-05-13,52.2,19.15863333333333
2023-05-14,52.25,19.205566666666662
2023-05-15,52.3,19.2525
2023-05-16,52.15,19.1993
2023-05-17,51.85,19.0352
2023-05-18,51.85,19.0285
2023-05-19,51.6,18.9288
2023-05-20,51.766666666666666,18.9921
2023-05-21,51.93333333333334,19.0554
2023-05-22,52.1,19.1187
2023-05-23,51.55,18.9542
2023-05-24,51.8,19.0579
2023-05-25,51.6,18.9648
2023-05-26,51.5,18.8501
2023-05-27,51.4,18.832166666666662
2023-05-28,51.3,18.81423333333333
2023-05-29,51.2,18.7963
2023-05-30,51.25,18.8177
2023-05-31,51.3,18.9035
2023-06-01,51.2,18.8319
2023-06-02,51.5,18.9785
2023-06-03,51.3,18.9332
2023-06-04,51.1,18.8879
2023-06-05,50.9,18.8426
2023-06-06,51.25,18.8818
2023-06-07,51.3,18.8389
2023-06-08,51.0,18.7101
2023-06-09,51.25,18.8031
2023-06-10,51.2,18.7971
2023-06-11,51.15,18.7911
2023-06-12,51.1,18.7851
2023-06-13,51.2,18.785
2023-06-14,50.85,18.6277
2023-06-15,50.4,18.4953
2023-06-16,50.8,18.6919
2023-06-17,50.78333333333333,18.651333333333334
2023-06-18,50.766666666666666,18.610766666666667
2023-06-19,50.75,18.5702
2023-06-20,50.65,18.5988
2023-06-21,50.35,18.4413
2023-06-22,50.0,18.3697
2023-06-23,49.75,18.3303
2023-06-24,49.86666666666667,18.345766666666663
2023-06-25,49.98333333333333,18.36123333333333
2023-06-26,50.1,18.3767
2023-06-27,49.85,18.3838
2023-06-28,49.75,18.2729
2023-06-29,49.575,18.21385
2023-06-30,49.4,18.1548
2023-07-01,49.5,18.17503333333333
2023-07-02,49.6,18.195266666666665
2023-07-03,49.7,18.2155
2023-07-04,49.9,18.3192
2023-07-05,50.2,18.4014
2023-07-06,50.05,18.4013
2023-07-07,50.2,18.3941
2023-07-08,50.16666666666667,18.4072
2023-07-09,50.13333333333333,18.4203
2023-07-10,50.1,18.4334
2023-07-11,50.25,18.4692
2023-07-12,50.25,18.4512
2023-07-13,50.7,18.5765
2023-07-14,50.55,18.6301
2023-07-15,50.53333333333333,18.6229
2023-07-16,50.516666666666666,18.6157
2023-07-17,50.5,18.6085
2023-07-18,50.65,18.6621
2023-07-19,51.05,18.7944
2023-07-20,51.1,18.8123
2023-07-21,50.75,18.6584
2023-07-22,50.7,18.658366666666662
2023-07-23,50.65,18.65833333333333
2023-07-24,50.6,18.6583
2023-07-25,50.75,18.6225
2023-07-26,50.8,18.7369
2023-07-27,50.95,18.7619
2023-07-28,50.55,18.6366
2023-07-29,50.58333333333333,18.6449
2023-07-30,50.61666666666667,18.6532
2023-07-31,50.65,18.6615
2023-08-01,50.65,18.6329
2023-08-02,50.7,18.64
2023-08-03,50.55,18.6077
2023-08-04,50.5,18.5826
2023-08-05,50.5,18.581366666666668
2023-08-06,50.5,18.580133333333333
2023-08-07,50.5,18.5789
2023-08-08,50.6,18.629
2023-08-09,50.5,18.5574
2023-08-10,50.3,18.4965
2023-08-11,50.25,18.4964
2023-08-12,50.266666666666666,18.48563333333333
2023-08-13,50.28333333333333,18.474866666666667
2023-08-14,50.3,18.4641
2023-08-15,50.2,18.43303333333333
2023-08-16,50.1,18.401966666666667
2023-08-17,50.0,18.3709
2023-08-18,49.95,18.3566
2023-08-19,49.93333333333334,18.337466666666668
2023-08-20,49.91666666666666,18.31833333333333
2023-08-21,49.9,18.2992
2023-08-22,49.95,18.3528
2023-08-23,49.95,18.3957
2023-08-24,50.1,18.4171
2023-08-25,50.25,18.3992
2023-08-26,50.2,18.397966666666665
2023-08-27,50.15,18.396733333333334
2023-08-28,50.1,18.3955
2023-08-29,50.2,18.4563
2023-08-30,50.5,18.6137
2023-08-31,50.55,18.6494
2023-09-01,50.6,18.6279
2023-09-02,50.65,18.62903333333333
2023-09-03,50.7,18.630166666666668
2023-09-04,50.75,18.6313
2023-09-05,50.7,18.5848
2023-09-06,50.55,18.5919
2023-09-07,50.3,18.5454
2023-09-08,50.55,18.531
2023-09-09,50.46666666666666,18.515466666666665
2023-09-10,50.38333333333333,18.49993333333333
2023-09-11,50.3,18.4844
2023-09-12,50.15,18.4199
2023-09-13,50.05,18.3554
2023-09-14,49.95,18.3482
2023-09-15,50.25,18.452
2023-09-16,50.333333333333336,18.4937
2023-09-17,50.41666666666666,18.535400000000003
2023-09-18,50.5,18.5771
2023-09-19,50.5,18.58245
2023-09-20,50.5,18.5878
2023-09-21,50.3,18.534
2023-09-22,50.4,18.5161
2023-09-23,50.4,18.514866666666663
2023-09-24,50.4,18.51363333333333
2023-09-25,50.4,18.5124
2023-09-26,50.1,18.4659
2023-09-27,49.95,18.3514
2023-09-28,49.7,18.245800000000003
2023-09-29,49.45,18.1402
2023-09-30,49.25,18.07575
2023-10-01,49.05,18.0113
2023-10-02,48.85,17.94685
2023-10-03,48.65,17.8824
2023-10-04,48.3,17.8574
2023-10-05,48.35,17.8609
2023-10-06,48.35,17.7822
2023-10-07,48.55,17.8537
2023-10-08,48.75,17.9252
2023-10-09,48.95,17.9967
2023-10-10,49.2,18.0324
2023-10-11,49.3,18.1181
2023-10-12,49.65,18.2254
2023-10-13,49.8,18.2647
2023-10-14,49.95,18.332666666666668
2023-10-15,50.1,18.40063333333333
2023-10-16,50.25,18.4686
2023-10-17,50.55,18.5651
2023-10-18,50.85,18.7225
2023-10-19,51.15,18.7153
2023-10-20,51.55,19.0265
2023-10-21,51.6,19.007366666666663
2023-10-22,51.65,18.988233333333334
2023-10-23,51.7,18.9691
2023-10-24,51.650000000000006,18.953000000000003
2023-10-25,51.6,18.9369
2023-10-26,51.95,19.0335
2023-10-27,51.85,19.0048
2023-10-28,51.95,19.04533333333333
2023-10-29,52.05,19.085866666666668
2023-10-30,52.15,19.1264
2023-10-31,52.2,19.1693
2023-11-01,51.8,19.0798
2023-11-02,51.9,19.1155
2023-11-03,51.95,19.1083
2023-11-04,51.98333333333333,19.1011
2023-11-05,52.016666666666666,19.0939
2023-11-06,52.05,19.0867
2023-11-07,51.65,18.9651
2023-11-08,51.6,18.9293
2023-11-09,51.1,18.7826
2023-11-10,51.5,18.8971
2023-11-11,51.35,18.8863
2023-11-12,51.2,18.8755
2023-11-13,51.05,18.8647
2023-11-14,51.4,18.9254
2023-11-15,51.75,18.9861
2023-11-16,51.45,18.9432
2023-11-17,52.05,19.0756
2023-11-18,52.03333333333333,19.054066666666667
2023-11-19,52.016666666666666,19.032533333333333
2023-11-20,52.0,19.011
2023-11-21,52.2,19.1076
2023-11-22,52.45,19.2042
2023-11-23,52.25,19.1719
2023-11-24,52.3,19.1719
2023-11-25,52.3625,19.195125
2023-11-26,52.425,19.21835
2023-11-27,52.4875,19.241575
2023-11-28,52.55,19.2648
2023-11-29,53.35,19.5118
2023-11-30,53.45,19.612
2023-12-01,53.45,19.6298
2023-12-02,53.65,19.69533333333333
2023-12-03,53.85,19.760866666666665
2023-12-04,54.05,19.8264
2023-12-05,53.25,19.5366
2023-12-06,53.0,19.4722
2023-12-07,53.1,19.5544
2023-12-08,53.25,19.4971
2023-12-09,52.95,19.3992
2023-12-10,52.65,19.3013
2023-12-11,52.35,19.2034
2023-12-12,52.2,19.1497
2023-12-13,52.05,19.1175
2023-12-14,53.05,19.4468
2023-12-15,53.0,19.479
2023-12-16,52.93333333333333,19.425266666666666
2023-12-17,52.86666666666667,19.37153333333333
2023-12-18,52.8,19.3178
2023-12-19,52.8,19.3608
2023-12-20,53.05,19.4323
2023-12-21,53.05,19.4824
2023-12-22,53.35,19.5754
2023-12-23,53.4125,19.601325
2023-12-24,53.475,19.62725
2023-12-25,53.5375,19.653175
2023-12-26,53.6,19.6791
2023-12-27,53.75,19.7578
2023-12-28,54.0,19.8222
2023-12-29,53.85,19.7073
2023-12-30,53.9,19.738266666666668
2023-12-31,53.95,19.76923333333333
2024-01-01,54.0,19.8002
2024-01-02,54.1,19.9003
2024-01-03,53.75,19.7358
2024-01-04,53.6,19.6392
2024-01-05,53.4,19.5926
2024-01-06,53.3,19.56276666666667
2024-01-07,53.2,19.53293333333333
2024-01-08,53.1,19.5031
2024-01-09,53.25,19.5567
2024-01-10,53.25,19.5245
2024-01-11,53.0,19.4815
2024-01-12,53.3,19.5244
2024-01-13,53.36666666666667,19.55773333333333
2024-01-14,53.43333333333333,19.591066666666663
2024-01-15,53.5,19.6244
2024-01-16,53.25,19.5493
2024-01-17,52.9,19.4205
2024-01-18,52.85,19.3883
2024-01-19,53.0,19.5135
2024-01-20,53.0625,19.517925
2024-01-21,53.125,19.52235
2024-01-22,53.1875,19.526775
2024-01-23,53.25,19.5312
2024-01-24,53.05,19.5347
2024-01-25,52.95,19.4595
2024-01-26,53.025000000000006,19.4845
2024-01-27,53.1,19.5095
2024-01-28,53.175,19.5345
2024-01-29,53.25,19.5595
2024-01-30,53.3,19.6882
2024-01-31,53.3,19.6417
2024-02-01,53.55,19.6344
2024-02-02,53.6,19.6988
2024-02-03,53.43333333333334,19.639133333333334
2024-02-04,53.266666666666666,19.579466666666665
2024-02-05,53.1,19.5198
2024-02-06,53.15,19.5269
2024-02-07,53.25,19.584
2024-02-08,53.25,19.5339
2024-02-09,53.2,19.5375
2024-02-10,53.15,19.499266666666667
2024-02-11,53.1,19.461033333333333
2024-02-12,53.05,19.4228
2024-02-13,53.0,19.412
2024-02-14,52.4,19.2043
2024-02-15,52.3,19.2651
2024-02-16,52.6,19.3223
2024-02-17,52.625,19.32315
2024-02-18,52.650000000000006,19.324
2024-02-19,52.675,19.32485
2024-02-20,52.7,19.3257
2024-02-21,52.8,19.4259
2024-02-22,52.9,19.4115
2024-02-23,52.65,19.3113
2024-02-24,52.71666666666667,19.3339
2024-02-25,52.78333333333333,19.3565
2024-02-26,52.85,19.3791
2024-02-27,53.0,19.4257
2024-02-28,52.75,19.3217
2024-02-29,53.0,19.4112
2024-03-01,53.1,19.472
2024-03-02,53.45,19.58523333333333
2024-03-03,53.8,19.698466666666665
2024-03-04,54.15,19.8117
2024-03-05,54.8,20.1014
2024-03-06,55.05,20.1336
2024-03-07,55.6,20.4019
2024-03-08,55.7875,20.454675
2024-03-09,55.975,20.50745
2024-03-10,56.1625,20.560225
2024-03-11,56.35,20.613
2024-03-12,56.1,20.5558
2024-03-13,55.65,20.3912
2024-03-14,55.95,20.5023
2024-03-15,55.8,20.5166
2024-03-16,55.8,20.4963
2024-03-17,55.8,20.476
2024-03-18,55.8,20.4557
2024-03-19,55.9,20.4485
2024-03-20,55.95,20.5272
2024-03-21,56.8,20.8529
2024-03-22,56.15,20.6524
2024-03-23,56.225,20.663075
2024-03-24,56.3,20.67375
2024-03-25,56.375,20.684425
2024-03-26,56.45,20.6951
2024-03-27,56.5,20.7345
2024-03-28,56.8,20.8954
2024-03-29,57.2125,20.895375
2024-03-30,57.625,20.89535
2024-03-31,58.0375,20.895325
2024-04-01,58.45,20.8953
2024-04-02,58.6,21.5355
2024-04-03,58.9,21.65
2024-04-04,59.25,21.8
2024-04-05,59.2,21.775
2024-04-06,59.6,21.91443333333333
2024-04-07,60.0,22.053866666666668
2024-04-08,60.4,22.1933
2024-04-09,60.675,22.27375
2024-04-10,60.95,22.3542
2024-04-11,61.575,22.558
2024-04-12,62.2,22.7618
2024-04-13,62.06666666666667,22.739266666666666
2024-04-14,61.93333333333333,22.71673333333333
2024-04-15,61.8,22.6942
2024-04-16,62.05,22.7938
2024-04-17,62.175,22.82955
2024-04-18,62.3,22.8653
2024-04-19,62.45,22.9796
2024-04-20,62.333333333333336,22.89013333333333
2024-04-21,62.21666666666667,22.800666666666668
2024-04-22,62.1,22.7112
2024-04-23,60.9,22.3043
2024-04-24,60.9,22.4215
2024-04-25,61.3,22.468
2024-04-26,61.9,22.6325
2024-04-27,61.833333333333336,22.6563
2024-04-28,61.766666666666666,22.6801
2024-04-29,61.7,22.7039
2024-04-30,61.45,22.4822
2024-05-01,61.25,22.475
2024-05-02,61.05,22.4678
2024-05-03,60.75,22.3822
2024-05-04,60.81666666666667,22.3786
2024-05-05,60.88333333333333,22.375
2024-05-06,60.95,22.3714
2024-05-07,61.0,22.4
2024-05-08,60.9,22.2962
2024-05-09,60.95,22.2604
2024-05-10,62.25,22.822
2024-05-11,61.95,22.733733333333333
2024-05-12,61.65,22.645466666666668
2024-05-13,61.35,22.5572
2024-05-14,61.45,22.5715
2024-05-15,62.25,22.786
2024-05-16,62.65,22.9184
2024-05-17,62.4,22.8396
2024-05-18,62.575,22.9182
2024-05-19,62.75,22.9968
2024-05-20,62.925,23.0754
2024-05-21,63.1,23.154
2024-05-22,63.05,23.1611
2024-05-23,62.25,22.8285
2024-05-24,61.45,22.4959
2024-05-25,61.48333333333333,22.492266666666666
2024-05-26,61.516666666666666,22.488633333333333
2024-05-27,61.55,22.485
2024-05-28,61.55,22.5279
2024-05-29,61.6,22.5922
2024-05-30,61.3,22.4526
2024-05-31,61.6,22.5885
2024-06-01,61.43333333333334,22.519266666666667
2024-06-02,61.266666666666666,22.450033333333334
2024-06-03,61.1,22.3808
2024-06-04,61.35,22.4666
2024-06-05,61.1,22.4236
2024-06-06,61.95,22.6666
2024-06-07,61.55,22.5164
2024-06-08,61.25,22.39353333333333
2024-06-09,60.95,22.270666666666667
2024-06-10,60.65,22.1478
2024-06-11,60.8,22.2301
2024-06-12,61.1,22.3266
2024-06-13,61.1,22.2729
2024-06-14,61.05,22.3193
2024-06-15,61.0125,22.316575
2024-06-16,60.975,22.31385
2024-06-17,60.9375,22.311125
2024-06-18,60.9,22.3084
2024-06-19,61.1,22.4156
2024-06-20,61.5,22.5122
2024-06-21,61.8,22.7124
2024-06-22,61.58333333333333,22.597866666666665
2024-06-23,61.36666666666667,22.48333333333333
2024-06-24,61.15,22.3688
2024-06-25,61.0,22.4081
2024-06-26,60.95,22.3258
2024-06-27,60.65,22.2435
2024-06-28,61.0,22.3794
2024-06-29,61.083333333333336,22.37933333333333
2024-06-30,61.16666666666666,22.379266666666663
2024-07-01,61.25,22.3792
2024-07-02,61.15,22.4292
2024-07-03,61.65,22.5257
2024-07-04,61.85,22.5471
2024-07-05,61.95,22.6402
2024-07-06,62.016666666666666,22.665166666666668
2024-07-07,62.083333333333336,22.69013333333333
2024-07-08,62.15,22.7151
2024-07-09,62.0,22.6507
2024-07-10,62.1,22.7294
2024-07-11,62.2,22.715
2024-07-12,62.4,22.8187
2024-07-13,62.45,22.83533333333333
2024-07-14,62.5,22.851966666666662
2024-07-15,62.55,22.8686
2024-07-16,62.95,23.0617
2024-07-17,63.175,23.13675
2024-07-18,63.4,23.2118
2024-07-19,63.0,23.0616
2024-07-20,62.96666666666667,23.0389
2024-07-21,62.93333333333333,23.0162
2024-07-22,62.9,22.9935
2024-07-23,60.7,22.3928
2024-07-24,60.05,22.0675
2024-07-25,61.35,22.139
2024-07-26,60.65,22.0179
2024-07-27,60.333333333333336,21.9132
2024-07-28,60.016666666666666,21.8085
2024-07-29,59.7,21.7038
2024-07-30,59.25,21.4862
2024-07-31,59.15,21.6615
2024-08-01,59.35,21.7831
2024-08-02,60.1,22.019
2024-08-03,59.88333333333333,21.8879
2024-08-04,59.66666666666667,21.7568
2024-08-05,59.45,21.6257
2024-08-06,59.8,21.6328
2024-08-07,59.1,21.4935
2024-08-08,58.65,21.3683
2024-08-09,58.95,21.6186
2024-08-10,59.15,21.669833333333333
2024-08-11,59.35,21.72106666666667
2024-08-12,59.55,21.7723
2024-08-13,59.8,21.9152
2024-08-14,60.0,21.9974
2024-08-15,59.95,21.96875
2024-08-16,59.9,21.9401
2024-08-17,60.21666666666667,22.056866666666668
2024-08-18,60.53333333333333,22.17363333333333
2024-08-19,60.85,22.2904
2024-08-20,61.1,22.3798
2024-08-21,61.0,22.2653
2024-08-22,60.9,22.2653
2024-08-23,60.7,22.2044
2024-08-24,60.86666666666667,22.285433333333334
2024-08-25,61.03333333333334,22.366466666666668
2024-08-26,61.2,22.4475
2024-08-27,61.0,22.3796
2024-08-28,61.0,22.3152
2024-08-29,61.1,22.3581
2024-08-30,61.25,22.3795
2024-08-31,61.15,22.3389
2024-09-01,61.05,22.2983
2024-09-02,60.95,22.2577
2024-09-03,60.9,22.315
2024-09-04,60.45,22.0684
2024-09-05,60.9,22.34
2024-09-06,60.9,22.3686
2024-09-07,60.833333333333336,22.3066
2024-09-08,60.766666666666666,22.2446
2024-09-09,60.7,22.1826
2024-09-10,60.75,22.2934
2024-09-11,61.15,22.3863
2024-09-12,61.15,22.3469
2024-09-13,62.2,22.7651
2024-09-14,62.3,22.8068
2024-09-15,62.4,22.8485
2024-09-16,62.5,22.8902
2024-09-17,62.4,22.7935
2024-09-18,62.475,22.85795
2024-09-19,62.55,22.9224
2024-09-20,62.9,23.0403
2024-09-21,63.016666666666666,23.089133333333333
2024-09-22,63.13333333333333,23.137966666666667
2024-09-23,63.25,23.1868
2024-09-24,63.6,23.2368
2024-09-25,64.15,23.4477
2024-09-26,64.45,23.5836
2024-09-27,64.1,23.4405
2024-09-28,64.1,23.4476
2024-09-29,64.1,23.4547
2024-09-30,64.1,23.4618
2024-10-01,64.2,23.4367
2024-10-02,64.275,23.46705
2024-10-03,64.35,23.4974
2024-10-04,64.7,23.5831
2024-10-05,64.60000000000001,23.55923333333333
2024-10-06,64.5,23.53536666666667
2024-10-07,64.4,23.5115
2024-10-08,63.95,23.3937
2024-10-09,63.55,23.2115
2024-10-10,63.55,23.1971
2024-10-11,64.1,23.4186
2024-10-12,64.23333333333333,23.47096666666667
2024-10-13,64.36666666666666,23.523333333333333
2024-10-14,64.5,23.5757
2024-10-15,64.4,23.5327
2024-10-16,64.9,23.7508
2024-10-17,65.1,23.7508
2024-10-18,65.75,24.0261
2024-10-19,65.95,24.0952
2024-10-20,66.14999999999999,24.1643
2024-10-21,66.35,24.2334
2024-10-22,66.3,24.2084
2024-10-23,66.75,24.3907
2024-10-24,66.3,24.2511
2024-10-25,65.95,24.133
2024-10-26,66.05,24.16873333333333
2024-10-27,66.15,24.20446666666667
2024-10-28,66.25,24.2402
2024-10-29,66.85,24.426
2024-10-30,67.4,24.6761
2024-10-31,67.2,24.6403
2024-11-01,67.0625,24.564275
2024-11-02,66.92500000000001,24.48825
2024-11-03,66.78750000000001,24.412225
2024-11-04,66.65,24.3362
2024-11-05,66.6,24.329
2024-11-06,66.25,24.2074
2024-11-07,65.05,23.6921
2024-11-08,65.6,23.9354
2024-11-09,65.41666666666666,23.8829
2024-11-10,65.23333333333333,23.8304
2024-11-11,65.05,23.7779
2024-11-12,63.55,23.1664
2024-11-13,63.7,23.3023
2024-11-14,62.5,22.8088
2024-11-15,62.7375,22.90175
2024-11-16,62.975,22.9947
2024-11-17,63.212500000000006,23.08765
2024-11-18,63.45,23.1806
2024-11-19,64.15,23.4809
2024-11-20,64.6,23.64
2024-11-21,65.05,23.7991
2024-11-22,65.8,24.0743
2024-11-23,65.51666666666667,23.9574
2024-11-24,65.23333333333333,23.8405
2024-11-25,64.95,23.7236
2024-11-26,64.0,23.3732
2024-11-27,64.6,23.6019
2024-11-28,64.6,23.5804
2024-11-29,64.95,23.7163
2024-11-30,64.78333333333333,23.657833333333333
2024-12-01,64.61666666666667,23.59936666666667
2024-12-02,64.45,23.5409
2024-12-03,64.75,23.6302
2024-12-04,64.6,23.5729
2024-12-05,64.75,23.6337
2024-12-06,64.7,23.5943
2024-12-07,64.71666666666667,23.63
2024-12-08,64.73333333333333,23.6657
2024-12-09,64.75,23.7014
2024-12-10,65.3,23.8443
2024-12-11,65.65,23.9265
2024-12-12,66.15,24.1376
2024-12-13,65.3,23.8156
2024-12-14,65.23333333333333,23.797666666666668
2024-12-15,65.16666666666666,23.779733333333333
2024-12-16,65.1,23.7618
2024-12-17,64.8,23.6544
2024-12-18,65.0,23.7367
2024-12-19,64.45,23.5184
2024-12-20,64.0,23.3824
2024-12-21,64.2,23.450266666666668
2024-12-22,64.39999999999999,23.51813333333333
2024-12-23,64.6,23.586
2024-12-24,64.3,23.4858
2024-12-25,64.425,23.5448
2024-12-26,64.55,23.6038
2024-12-27,64.75,23.6788
2024-12-28,64.68333333333334,23.65253333333333
2024-12-29,64.61666666666666,23.626266666666663
2024-12-30,64.55,23.6
2024-12-31,64.65,23.625
2025-01-01,64.9,23.7358
2025-01-02,65.2,23.8143
2025-01-03,65.65,23.975
2025-01-04,65.48333333333333,23.9249
2025-01-05,65.31666666666668,23.8748
2025-01-06,65.15,23.8247
2025-01-07,65.4,23.889
2025-01-08,65.7,23.9925
2025-01-09,65.9,24.064
2025-01-10,66.3,24.2034
2025-01-11,66.46666666666667,24.2677
2025-01-12,66.63333333333333,24.332
2025-01-13,66.8,24.3963
2025-01-14,66.6,24.3462
2025-01-15,66.9,24.4392
2025-01-16,67.35,24.5393
2025-01-17,67.4,24.6822
2025-01-18,67.38333333333334,24.6786
2025-01-19,67.36666666666666,24.675
2025-01-20,67.35,24.6714
2025-01-21,67.55,24.7214
2025-01-22,68.2,24.9431
2025-01-23,68.2,24.85
2025-01-24,68.45,24.9608
2025-01-25,68.35000000000001,24.955966666666665
2025-01-26,68.25,24.95113333333333
2025-01-27,68.15,24.9463
2025-01-28,68.15,24.8927
2025-01-29,68.6,25.0321
2025-01-30,68.9,25.1143
2025-01-31,69.75,25.4502
2025-02-01,69.93333333333334,25.5145
2025-02-02,70.11666666666666,25.5788
2025-02-03,70.3,25.6431
2025-02-04,70.8,25.7824
2025-02-05,71.95,26.318
2025-02-06,72.15,26.3038
2025-02-07,72.3,26.3324
2025-02-08,72.58333333333333,26.44913333333333
2025-02-09,72.86666666666667,26.56586666666667
2025-02-10,73.15,26.6826
2025-02-11,72.75,26.5396
2025-02-12,72.3,26.3538
2025-02-13,72.7,26.4539
2025-02-14,73.05,26.6612
2025-02-15,72.85,26.587333333333333
2025-02-16,72.65,26.513466666666663
2025-02-17,72.45,26.4396
2025-02-18,72.8,26.5502
2025-02-19,73.07499999999999,26.6448
2025-02-20,73.35,26.7394
2025-02-21,73.0,26.5894
2025-02-22,73.13333333333334,26.64056666666667
2025-02-23,73.26666666666667,26.69173333333333
2025-02-24,73.4,26.7429
2025-02-25,73.6,26.8323
2025-02-26,73.1,26.65895
2025-02-27,72.6,26.4856
2025-02-28,72.0,26.2784
2025-03-01,72.06666666666666,26.295066666666667
2025-03-02,72.13333333333334,26.311733333333333
2025-03-03,72.2,26.3284
2025-03-04,73.3,26.6823
2025-03-05,73.0,26.6571
2025-03-06,72.8,26.532
2025-03-07,72.95,26.6284
2025-03-08,72.93333333333334,26.62
2025-03-09,72.91666666666667,26.6116
2025-03-10,72.9,26.6032
2025-03-11,72.8,26.5603
2025-03-12,73.05,26.5816
2025-03-13,73.65,26.8177
2025-03-14,73.85000000000001,26.89005
2025-03-15,74.05000000000001,26.9624
2025-03-16,74.25,27.03475
2025-03-17,74.45,27.1071
2025-03-18,74.85,27.3035
2025-03-19,75.05,27.2963
2025-03-20,75.25,27.3927
2025-03-21,74.8,27.2641
2025-03-22,74.5,27.185366666666667
2025-03-23,74.2,27.10663333333333
2025-03-24,73.9,27.0279
2025-03-25,74.05,27.0208
2025-03-26,74.0,27.0136
