date,sbi_esg_exclusivory_fund_MF
2016-04-01,74.25
2016-04-02,74.4118
2016-04-03,74.5736
2016-04-04,74.7354
2016-04-05,73.4183
2016-04-06,73.4526
2016-04-07,73.0024
2016-04-08,72.9634
2016-04-09,73.34583333333333
2016-04-10,73.72826666666666
2016-04-11,74.1107
2016-04-12,74.4094
2016-04-13,75.4337
2016-04-14,75.53368
2016-04-15,75.63366
2016-04-16,75.73364
2016-04-17,75.83362
2016-04-18,75.9336
2016-04-19,75.94805
2016-04-20,75.9625
2016-04-21,76.0399
2016-04-22,75.8775
2016-04-23,75.8109
2016-04-24,75.7443
2016-04-25,75.6777
2016-04-26,76.4617
2016-04-27,76.5449
2016-04-28,75.5141
2016-04-29,75.5525
2016-04-30,75.38946666666666
2016-05-01,75.22643333333333
2016-05-02,75.0634
2016-05-03,74.6484
2016-05-04,74.078
2016-05-05,74.1844
2016-05-06,74.0823
2016-05-07,74.45293333333333
2016-05-08,74.82356666666666
2016-05-09,75.1942
2016-05-10,75.4327
2016-05-11,75.3754
2016-05-12,75.6723
2016-05-13,75.2857
2016-05-14,75.2964
2016-05-15,75.3071
2016-05-16,75.3178
2016-05-17,75.5302
2016-05-18,75.2716
2016-05-19,74.4188
2016-05-20,74.1726
2016-05-21,74.13743333333333
2016-05-22,74.10226666666667
2016-05-23,74.0671
2016-05-24,73.8513
2016-05-25,75.3156
2016-05-26,76.1194
2016-05-27,77.6745
2016-05-28,77.83713333333333
2016-05-29,77.99976666666667
2016-05-30,78.1624
2016-05-31,78.0998
2016-06-01,78.2861
2016-06-02,78.8159
2016-06-03,79.0585
2016-06-04,79.03016666666666
2016-06-05,79.00183333333334
2016-06-06,78.9735
2016-06-07,79.3615
2016-06-08,79.1625
2016-06-09,78.608
2016-06-10,78.1592
2016-06-11,78.05636666666666
2016-06-12,77.95353333333334
2016-06-13,77.8507
2016-06-14,77.8637
2016-06-15,78.6547
2016-06-16,78.2822
2016-06-17,78.4322
2016-06-18,78.63696666666667
2016-06-19,78.84173333333332
2016-06-20,79.0465
2016-06-21,78.8228
2016-06-22,78.7358
2016-06-23,79.3417
2016-06-24,77.9293
2016-06-25,78.00823333333334
2016-06-26,78.08716666666666
2016-06-27,78.1661
2016-06-28,78.2894
2016-06-29,78.8581
2016-06-30,79.5489
2016-07-01,79.9242
2016-07-02,80.13096666666667
2016-07-03,80.33773333333333
2016-07-04,80.5445
2016-07-05,80.3015
2016-07-06,80.19125
2016-07-07,80.081
2016-07-08,80.0473
2016-07-09,80.49346666666668
2016-07-10,80.93963333333333
2016-07-11,81.3858
2016-07-12,81.6428
2016-07-13,81.5063
2016-07-14,81.8602
2016-07-15,81.3312
2016-07-16,81.3591
2016-07-17,81.387
2016-07-18,81.4149
2016-07-19,81.7209
2016-07-20,82.4959
2016-07-21,82.2676
2016-07-22,82.6017
2016-07-23,82.93633333333332
2016-07-24,83.27096666666667
2016-07-25,83.6056
2016-07-26,83.4098
2016-07-27,83.9008
2016-07-28,84.2193
2016-07-29,84.4888
2016-07-30,84.52186666666667
2016-07-31,84.55493333333332
2016-08-01,84.588
2016-08-02,83.9246
2016-08-03,83.2223
2016-08-04,83.0094
2016-08-05,84.2957
2016-08-06,84.4619
2016-08-07,84.6281
2016-08-08,84.7943
2016-08-09,84.5409
2016-08-10,83.7035
2016-08-11,83.7984
2016-08-12,84.3394
2016-08-13,84.385525
2016-08-14,84.43164999999999
2016-08-15,84.477775
2016-08-16,84.5239
2016-08-17,84.6205
2016-08-18,84.981
2016-08-19,84.969
2016-08-20,84.87893333333334
2016-08-21,84.78886666666666
2016-08-22,84.6988
2016-08-23,84.5965
2016-08-24,85.067
2016-08-25,84.8198
2016-08-26,84.6003
2016-08-27,84.6803
2016-08-28,84.7603
2016-08-29,84.8403
2016-08-30,85.9703
2016-08-31,86.4335
2016-09-01,86.191
2016-09-02,86.3537
2016-09-03,86.66265
2016-09-04,86.9716
2016-09-05,87.28055
2016-09-06,87.5895
2016-09-07,87.2936
2016-09-08,87.6979
2016-09-09,87.141
2016-09-10,86.72766666666666
2016-09-11,86.31433333333334
2016-09-12,85.901
2016-09-13,85.8908
2016-09-14,85.8806
2016-09-15,85.9144
2016-09-16,86.4712
2016-09-17,86.51903333333333
2016-09-18,86.56686666666667
2016-09-19,86.6147
2016-09-20,86.202
2016-09-21,86.314
2016-09-22,87.357
2016-09-23,87.1669
2016-09-24,87.0273
2016-09-25,86.8877
2016-09-26,86.7481
2016-09-27,86.4579
2016-09-28,86.7739
2016-09-29,85.3395
2016-09-30,85.6771
2016-10-01,86.15756666666667
2016-10-02,86.63803333333333
2016-10-03,87.1185
2016-10-04,87.3171
2016-10-05,87.1279
2016-10-06,86.8021
2016-10-07,86.7912
2016-10-08,86.73446666666666
2016-10-09,86.67773333333334
2016-10-10,86.621
2016-10-11,86.20593333333333
2016-10-12,85.79086666666666
2016-10-13,85.3758
2016-10-14,85.5468
2016-10-15,85.32246666666667
2016-10-16,85.09813333333334
2016-10-17,84.8738
2016-10-18,86.3934
2016-10-19,86.2078
2016-10-20,86.4289
2016-10-21,86.6696
2016-10-22,86.7013
2016-10-23,86.733
2016-10-24,86.7647
2016-10-25,86.7906
2016-10-26,86.0098
2016-10-27,85.7939
2016-10-28,86.2006
2016-10-29,86.17977499999999
2016-10-30,86.15895
2016-10-31,86.138125
2016-11-01,86.1173
2016-11-02,84.8619
2016-11-03,84.3299
2016-11-04,83.749
2016-11-05,84.00793333333333
2016-11-06,84.26686666666667
2016-11-07,84.5258
2016-11-08,84.7765
2016-11-09,84.0569
2016-11-10,85.106
2016-11-11,82.9704
2016-11-12,82.435975
2016-11-13,81.90155
2016-11-14,81.367125
2016-11-15,80.8327
2016-11-16,80.8707
2016-11-17,80.5328
2016-11-18,80.5588
2016-11-19,80.06316666666667
2016-11-20,79.56753333333333
2016-11-21,79.0719
2016-11-22,79.8099
2016-11-23,80.0456
2016-11-24,79.3697
2016-11-25,80.7515
2016-11-26,80.84116666666667
2016-11-27,80.93083333333333
2016-11-28,81.0205
2016-11-29,81.0544
2016-11-30,81.401
2016-12-01,80.8755
2016-12-02,79.756
2016-12-03,79.8379
2016-12-04,79.9198
2016-12-05,80.0017
2016-12-06,80.1971
2016-12-07,79.9365
2016-12-08,81.1915
2016-12-09,81.3647
2016-12-10,81.01416666666667
2016-12-11,80.66363333333334
2016-12-12,80.3131
2016-12-13,80.7515
2016-12-14,80.508
2016-12-15,80.432
2016-12-16,80.257
2016-12-17,80.15486666666666
2016-12-18,80.05273333333334
2016-12-19,79.9506
2016-12-20,79.4883
2016-12-21,79.2177
2016-12-22,78.2814
2016-12-23,77.7654
2016-12-24,77.44976666666666
2016-12-25,77.13413333333334
2016-12-26,76.8185
2016-12-27,78.0239
2016-12-28,78.1084
2016-12-29,78.5808
2016-12-30,79.3022
2016-12-31,79.2868
2017-01-01,79.2714
2017-01-02,79.256
2017-01-03,79.6054
2017-01-04,79.472
2017-01-05,80.2114
2017-01-06,79.6287
2017-01-07,79.63943333333333
2017-01-08,79.65016666666666
2017-01-09,79.6609
2017-01-10,80.2665
2017-01-11,80.9711
2017-01-12,81.1433
2017-01-13,81.1935
2017-01-14,81.24316666666667
2017-01-15,81.29283333333333
2017-01-16,81.3425
2017-01-17,81.0878
2017-01-18,81.2007
2017-01-19,81.4105
2017-01-20,80.5008
2017-01-21,80.67743333333333
2017-01-22,80.85406666666667
2017-01-23,81.0307
2017-01-24,81.7225
2017-01-25,82.9285
2017-01-26,83.07990000000001
2017-01-27,83.2313
2017-01-28,83.15843333333333
2017-01-29,83.08556666666667
2017-01-30,83.0127
2017-01-31,82.0154
2017-02-01,83.1392
2017-02-02,83.9339
2017-02-03,84.0869
2017-02-04,84.24966666666667
2017-02-05,84.41243333333333
2017-02-06,84.5752
2017-02-07,84.1518
2017-02-08,84.1368
2017-02-09,84.4076
2017-02-10,84.4544
2017-02-11,84.43903333333334
2017-02-12,84.42366666666666
2017-02-13,84.4083
2017-02-14,83.8004
2017-02-15,82.9803
2017-02-16,83.7318
2017-02-17,84.2662
2017-02-18,84.45283333333333
2017-02-19,84.63946666666666
2017-02-20,84.8261
2017-02-21,85.1887
2017-02-22,85.3648
2017-02-23,85.5095
2017-02-24,85.4799
2017-02-25,85.4503
2017-02-26,85.4207
2017-02-27,85.3911
2017-02-28,85.0154
2017-03-01,85.5644
2017-03-02,84.9481
2017-03-03,85.0403
2017-03-04,85.2143
2017-03-05,85.3883
2017-03-06,85.5623
2017-03-07,85.4189
2017-03-08,85.2741
2017-03-09,85.2126
2017-03-10,85.137
2017-03-11,85.39245
2017-03-12,85.64789999999999
2017-03-13,85.90335
2017-03-14,86.1588
2017-03-15,86.275
2017-03-16,86.9845
2017-03-17,87.0767
2017-03-18,87.02033333333334
2017-03-19,86.96396666666666
2017-03-20,86.9076
2017-03-21,87.4121
2017-03-22,86.7269
2017-03-23,87.3978
2017-03-24,87.8138
2017-03-25,87.64543333333333
2017-03-26,87.47706666666667
2017-03-27,87.3087
2017-03-28,87.6747
2017-03-29,87.9718
2017-03-30,88.4292
2017-03-31,88.5168
2017-04-01,88.60510000000001
2017-04-02,88.6934
2017-04-03,88.7817
2017-04-04,88.8817
2017-04-05,88.9817
2017-04-06,89.0365
2017-04-07,88.7368
2017-04-08,88.78886666666666
2017-04-09,88.84093333333334
2017-04-10,88.893
2017-04-11,89.4869
2017-04-12,89.3282
2017-04-13,88.9373
2017-04-14,88.90357499999999
2017-04-15,88.86985
2017-04-16,88.83612500000001
2017-04-17,88.8024
2017-04-18,88.4335
2017-04-19,88.3733
2017-04-20,88.8799
2017-04-21,88.6267
2017-04-22,88.8532
2017-04-23,89.0797
2017-04-24,89.3062
2017-04-25,90.0679
2017-04-26,90.1761
2017-04-27,90.0466
2017-04-28,89.7006
2017-04-29,89.6925
2017-04-30,89.6844
2017-05-01,89.6763
2017-05-02,89.6682
2017-05-03,89.4744
2017-05-04,90.0713
2017-05-05,89.424
2017-05-06,89.50733333333334
2017-05-07,89.59066666666668
2017-05-08,89.674
2017-05-09,89.7792
2017-05-10,90.5574
2017-05-11,90.7495
2017-05-12,90.7617
2017-05-13,90.925
2017-05-14,91.0883
2017-05-15,91.2516
2017-05-16,91.868
2017-05-17,91.8416
2017-05-18,91.0654
2017-05-19,90.999
2017-05-20,90.87863333333333
2017-05-21,90.75826666666667
2017-05-22,90.6379
2017-05-23,89.9081
2017-05-24,89.2128
2017-05-25,90.4584
2017-05-26,91.278
2017-05-27,91.10903333333334
2017-05-28,90.94006666666667
2017-05-29,90.7711
2017-05-30,91.1582
2017-05-31,91.2861
2017-06-01,91.2336
2017-06-02,91.6045
2017-06-03,91.68803333333334
2017-06-04,91.77156666666666
2017-06-05,91.8551
2017-06-06,91.6804
2017-06-07,92.0832
2017-06-08,91.8626
2017-06-09,91.8856
2017-06-10,91.7521
2017-06-11,91.6186
2017-06-12,91.4851
2017-06-13,91.3677
2017-06-14,91.5116
2017-06-15,91.4284
2017-06-16,91.6894
2017-06-17,91.89670000000001
2017-06-18,92.104
2017-06-19,92.3113
2017-06-20,92.4537
2017-06-21,92.5295
2017-06-22,92.5431
2017-06-23,92.0611
2017-06-24,91.825475
2017-06-25,91.58985
2017-06-26,91.354225
2017-06-27,91.1186
2017-06-28,91.0876
2017-06-29,91.1197
2017-06-30,91.3887
2017-07-01,91.6188
2017-07-02,91.8489
2017-07-03,92.079
2017-07-04,91.9416
2017-07-05,92.0618
2017-07-06,92.4948
2017-07-07,92.5255
2017-07-08,92.84653333333333
2017-07-09,93.16756666666667
2017-07-10,93.4886
2017-07-11,93.2436
2017-07-12,93.523
2017-07-13,94.2901
2017-07-14,94.4695
2017-07-15,94.55539999999999
2017-07-16,94.6413
2017-07-17,94.7272
2017-07-18,93.7108
2017-07-19,94.3814
2017-07-20,94.0284
2017-07-21,94.1976
2017-07-22,94.3374
2017-07-23,94.4772
2017-07-24,94.617
2017-07-25,94.7947
2017-07-26,95.1663
2017-07-27,95.1635
2017-07-28,95.0246
2017-07-29,95.27206666666667
2017-07-30,95.51953333333333
2017-07-31,95.767
2017-08-01,95.9701
2017-08-02,95.6819
2017-08-03,95.2852
2017-08-04,95.606
2017-08-05,95.67926666666666
2017-08-06,95.75253333333333
2017-08-07,95.8258
2017-08-08,95.0274
2017-08-09,94.1722
2017-08-10,93.5681
2017-08-11,92.8714
2017-08-12,93.16426666666666
2017-08-13,93.45713333333333
2017-08-14,93.75
2017-08-15,94.2482
2017-08-16,94.7464
2017-08-17,94.7961
2017-08-18,94.213
2017-08-19,93.95046666666666
2017-08-20,93.68793333333333
2017-08-21,93.4254
2017-08-22,93.4052
2017-08-23,94.4701
2017-08-24,94.4188
2017-08-25,94.57105
2017-08-26,94.7233
2017-08-27,94.87555
2017-08-28,95.0278
2017-08-29,93.9101
2017-08-30,94.8212
2017-08-31,95.0217
2017-09-01,95.5678
2017-09-02,95.40253333333334
2017-09-03,95.23726666666667
2017-09-04,95.072
2017-09-05,95.1645
2017-09-06,94.9958
2017-09-07,95.3177
2017-09-08,95.3578
2017-09-09,95.5709
2017-09-10,95.784
2017-09-11,95.9971
2017-09-12,96.4922
2017-09-13,96.1733
2017-09-14,96.1511
2017-09-15,95.9835
2017-09-16,96.1547
2017-09-17,96.3259
2017-09-18,96.4971
2017-09-19,96.3236
2017-09-20,96.231
2017-09-21,95.7961
2017-09-22,94.1953
2017-09-23,93.7175
2017-09-24,93.2397
2017-09-25,92.7619
2017-09-26,92.9924
2017-09-27,91.6948
2017-09-28,92.0731
2017-09-29,92.511
2017-09-30,92.6062
2017-10-01,92.7014
2017-10-02,92.7966
2017-10-03,92.8918
2017-10-04,93.3141
2017-10-05,93.2812
2017-10-06,94.0568
2017-10-07,94.02916666666667
2017-10-08,94.00153333333333
2017-10-09,93.9739
2017-10-10,94.3412
2017-10-11,94.1314
2017-10-12,95.0055
2017-10-13,95.9079
2017-10-14,96.03333333333333
2017-10-15,96.15876666666666
2017-10-16,96.2842
2017-10-17,96.3301
2017-10-18,96.4931
2017-10-19,96.54026
2017-10-20,96.58742
2017-10-21,96.63458
2017-10-22,96.68173999999999
2017-10-23,96.7289
2017-10-24,96.8545
2017-10-25,98.1944
2017-10-26,98.2868
2017-10-27,97.9139
2017-10-28,98.0142
2017-10-29,98.11449999999999
2017-10-30,98.2148
2017-10-31,98.0459
2017-11-01,99.3299
2017-11-02,99.2674
2017-11-03,99.533
2017-11-04,99.50246666666666
2017-11-05,99.47193333333334
2017-11-06,99.4414
2017-11-07,98.3634
2017-11-08,97.4613
2017-11-09,97.9726
2017-11-10,97.9677
2017-11-11,97.68643333333333
2017-11-12,97.40516666666667
2017-11-13,97.1239
2017-11-14,96.8679
2017-11-15,96.0778
2017-11-16,97.0846
2017-11-17,97.6743
2017-11-18,97.71376666666667
2017-11-19,97.75323333333333
2017-11-20,97.7927
2017-11-21,98.0285
2017-11-22,98.0017
2017-11-23,98.117
2017-11-24,98.4151
2017-11-25,98.40866666666666
2017-11-26,98.40223333333333
2017-11-27,98.3958
2017-11-28,98.0096
2017-11-29,98.1929
2017-11-30,96.9915
2017-12-01,96.04
2017-12-02,96.08263333333333
2017-12-03,96.12526666666668
2017-12-04,96.1679
2017-12-05,96.3124
2017-12-06,95.4637
2017-12-07,96.6388
2017-12-08,97.5756
2017-12-09,97.7513
2017-12-10,97.92699999999999
2017-12-11,98.1027
2017-12-12,97.2334
2017-12-13,96.6709
2017-12-14,97.266
2017-12-15,97.8072
2017-12-16,97.99273333333333
2017-12-17,98.17826666666666
2017-12-18,98.3638
2017-12-19,98.8882
2017-12-20,98.6923
2017-12-21,98.7374
2017-12-22,99.2485
2017-12-23,99.35245
2017-12-24,99.4564
2017-12-25,99.56035
2017-12-26,99.6643
2017-12-27,99.0147
2017-12-28,98.8606
2017-12-29,99.1661
2017-12-30,98.92906666666667
2017-12-31,98.69203333333333
2018-01-01,98.455
2018-01-02,98.3004
2018-01-03,98.4522
2018-01-04,98.8555
2018-01-05,99.1725
2018-01-06,99.3574
2018-01-07,99.5423
2018-01-08,99.7272
2018-01-09,99.3887
2018-01-10,99.4053
2018-01-11,99.7286
2018-01-12,100.0274
2018-01-13,100.1319
2018-01-14,100.2364
2018-01-15,100.3409
2018-01-16,99.9747
2018-01-17,101.0148
2018-01-18,100.9737
2018-01-19,101.7393
2018-01-20,101.9712333333333
2018-01-21,102.2031666666667
2018-01-22,102.4351
2018-01-23,103.2822
2018-01-24,103.3984
2018-01-25,103.1303
2018-01-26,103.242725
2018-01-27,103.35515
2018-01-28,103.467575
2018-01-29,103.58
2018-01-30,102.9726
2018-01-31,102.8854
2018-02-01,102.8709
2018-02-02,100.5146
2018-02-03,100.3556333333333
2018-02-04,100.1966666666667
2018-02-05,100.0377
2018-02-06,98.6126
2018-02-07,98.378
2018-02-08,99.268
2018-02-09,98.3074
2018-02-10,98.4205
2018-02-11,98.53359999999999
2018-02-12,98.6467
2018-02-13,98.54759999999999
2018-02-14,98.4485
2018-02-15,98.6953
2018-02-16,98.0373
2018-02-17,97.88126666666666
2018-02-18,97.72523333333334
2018-02-19,97.5692
2018-02-20,97.3934
2018-02-21,97.9249
2018-02-22,97.6779
2018-02-23,98.6987
2018-02-24,98.95493333333333
2018-02-25,99.21116666666667
2018-02-26,99.4674
2018-02-27,99.2877
2018-02-28,98.757
2018-03-01,98.2791
2018-03-02,98.070925
2018-03-03,97.86275
2018-03-04,97.654575
2018-03-05,97.4464
2018-03-06,96.459
2018-03-07,95.5256
2018-03-08,96.5295
2018-03-09,96.6179
2018-03-10,97.14196666666668
2018-03-11,97.66603333333333
2018-03-12,98.1901
2018-03-13,98.3714
2018-03-14,98.0061
2018-03-15,97.7064
2018-03-16,96.4855
2018-03-17,95.9873
2018-03-18,95.4891
2018-03-19,94.9909
2018-03-20,95.3657
2018-03-21,95.6601
2018-03-22,95.2941
2018-03-23,94.5819
2018-03-24,95.04933333333334
2018-03-25,95.51676666666667
2018-03-26,95.9842
2018-03-27,96.7202
2018-03-28,96.0869
2018-03-29,96.22462
2018-03-30,96.36234
2018-03-31,96.50005999999999
2018-04-01,96.63777999999999
2018-04-02,96.7755
2018-04-03,97.548
2018-04-04,96.7302
2018-04-05,98.6284
2018-04-06,98.7801
2018-04-07,98.83653333333334
2018-04-08,98.89296666666667
2018-04-09,98.9494
2018-04-10,98.9717
2018-04-11,99.0867
2018-04-12,99.7394
2018-04-13,99.7156
2018-04-14,99.7785
2018-04-15,99.84140000000001
2018-04-16,99.9043
2018-04-17,100.128
2018-04-18,99.7188
2018-04-19,100.1369
2018-04-20,100.2974
2018-04-21,100.4183666666667
2018-04-22,100.5393333333333
2018-04-23,100.6603
2018-04-24,100.9361
2018-04-25,100.9835
2018-04-26,101.1727
2018-04-27,101.4505
2018-04-28,101.5999
2018-04-29,101.7493
2018-04-30,101.8987
2018-05-01,101.6489
2018-05-02,101.3991
2018-05-03,100.4218
2018-05-04,99.9462
2018-05-05,100.2707
2018-05-06,100.5952
2018-05-07,100.9197
2018-05-08,100.7458
2018-05-09,100.8472
2018-05-10,100.6467
2018-05-11,101.4148
2018-05-12,101.3293
2018-05-13,101.2438
2018-05-14,101.1583
2018-05-15,101.3884
2018-05-16,100.7123
2018-05-17,100.4752
2018-05-18,99.8629
2018-05-19,99.5472
2018-05-20,99.2315
2018-05-21,98.9158
2018-05-22,99.3261
2018-05-23,98.6389
2018-05-24,99.6961
2018-05-25,100.82
2018-05-26,101.0217
2018-05-27,101.2234
2018-05-28,101.4251
2018-05-29,100.9726
2018-05-30,101.0915
2018-05-31,102.1624
2018-06-01,101.5427
2018-06-02,101.3520333333333
2018-06-03,101.1613666666667
2018-06-04,100.9707
2018-06-05,100.5768
2018-06-06,101.5903
2018-06-07,102.4601
2018-06-08,102.3492
2018-06-09,102.4369666666667
2018-06-10,102.5247333333333
2018-06-11,102.6125
2018-06-12,103.1064
2018-06-13,103.2591
2018-06-14,102.9813
2018-06-15,102.9971
2018-06-16,102.8623
2018-06-17,102.7275
2018-06-18,102.5927
2018-06-19,101.6364
2018-06-20,102.0578
2018-06-21,101.8341
2018-06-22,102.6755
2018-06-23,102.4906333333333
2018-06-24,102.3057666666667
2018-06-25,102.1209
2018-06-26,101.8717
2018-06-27,100.7989
2018-06-28,99.9628
2018-06-29,100.9768
2018-06-30,100.8086666666667
2018-07-01,100.6405333333333
2018-07-02,100.4724
2018-07-03,101.0728
2018-07-04,101.4259
2018-07-05,100.8426
2018-07-06,101.2404
2018-07-07,101.5365666666667
2018-07-08,101.8327333333333
2018-07-09,102.1289
2018-07-10,102.8624
2018-07-11,102.6658
2018-07-12,103.4611
2018-07-13,103.7267
2018-07-14,103.3778333333333
2018-07-15,103.0289666666667
2018-07-16,102.6801
2018-07-17,103.6088
2018-07-18,102.9276
2018-07-19,102.4276
2018-07-20,103.5772
2018-07-21,103.7494666666667
2018-07-22,103.9217333333333
2018-07-23,104.094
2018-07-24,104.568
2018-07-25,104.4504
2018-07-26,104.7089
2018-07-27,105.5235
2018-07-28,105.68
2018-07-29,105.8365
2018-07-30,105.993
2018-07-31,106.5225
2018-08-01,106.2562
2018-08-02,105.1848
2018-08-03,106.0922
2018-08-04,106.2541333333333
2018-08-05,106.4160666666667
2018-08-06,106.578
2018-08-07,106.701
2018-08-08,107.5164
2018-08-09,107.8206
2018-08-10,107.5773
2018-08-11,107.2775666666667
2018-08-12,106.9778333333333
2018-08-13,106.6781
2018-08-14,107.2429
2018-08-15,107.02125
2018-08-16,106.7996
2018-08-17,107.5554
2018-08-18,107.8304333333333
2018-08-19,108.1054666666667
2018-08-20,108.3805
2018-08-21,108.4689
2018-08-22,108.5553
2018-08-23,108.6417
2018-08-24,108.4599
2018-08-25,108.8632666666667
2018-08-26,109.2666333333333
2018-08-27,109.67
2018-08-28,110.174
2018-08-29,109.6978
2018-08-30,109.2898
2018-08-31,109.0974
2018-09-01,108.7642333333333
2018-09-02,108.4310666666667
2018-09-03,108.0979
2018-09-04,107.2731
2018-09-05,106.4259
2018-09-06,106.9335
2018-09-07,108.0972
2018-09-08,107.5565666666667
2018-09-09,107.0159333333333
2018-09-10,106.4753
2018-09-11,105.2799
2018-09-12,105.6576
2018-09-13,106.2878
2018-09-14,106.918
2018-09-15,106.4844666666667
2018-09-16,106.0509333333333
2018-09-17,105.6174
2018-09-18,104.6565
2018-09-19,104.3497
2018-09-20,103.90955
2018-09-21,103.4694
2018-09-22,102.9115333333333
2018-09-23,102.3536666666667
2018-09-24,101.7958
2018-09-25,103.0297
2018-09-26,103.0681
2018-09-27,102.2026
2018-09-28,101.721
2018-09-29,101.8370333333333
2018-09-30,101.9530666666667
2018-10-01,102.0691
2018-10-02,101.13375
2018-10-03,100.1984
2018-10-04,98.249
2018-10-05,96.0396
2018-10-06,96.11073333333333
2018-10-07,96.18186666666666
2018-10-08,96.253
2018-10-09,95.9948
2018-10-10,97.844
2018-10-11,95.4936
2018-10-12,97.5614
2018-10-13,97.64516666666667
2018-10-14,97.72893333333334
2018-10-15,97.8127
2018-10-16,98.8757
2018-10-17,97.4327
2018-10-18,96.70134999999999
2018-10-19,95.97
2018-10-20,95.80176666666667
2018-10-21,95.63353333333333
2018-10-22,95.4653
2018-10-23,94.4682
2018-10-24,95.4412
2018-10-25,94.809
2018-10-26,94.0529
2018-10-27,94.78396666666666
2018-10-28,95.51503333333334
2018-10-29,96.2461
2018-10-30,96.132
2018-10-31,97.9073
2018-11-01,97.9668
2018-11-02,99.2734
2018-11-03,99.31596666666667
2018-11-04,99.35853333333333
2018-11-05,99.4011
2018-11-06,99.357
2018-11-07,99.56666666666666
2018-11-08,99.77633333333334
2018-11-09,99.986
2018-11-10,99.7189
2018-11-11,99.4518
2018-11-12,99.1847
2018-11-13,100.0277
2018-11-14,99.7597
2018-11-15,100.4538
2018-11-16,101.1225
2018-11-17,101.2737333333333
2018-11-18,101.4249666666667
2018-11-19,101.5762
2018-11-20,100.625
2018-11-21,100.4293
2018-11-22,99.5049
2018-11-23,99.77080000000001
2018-11-24,100.0367
2018-11-25,100.3026
2018-11-26,100.5685
2018-11-27,101.1234
2018-11-28,101.5069
2018-11-29,102.8571
2018-11-30,103.4068
2018-12-01,103.3194
2018-12-02,103.232
2018-12-03,103.1446
2018-12-04,103.0962
2018-12-05,102.1391
2018-12-06,100.2629
2018-12-07,101.5972
2018-12-08,100.8661666666667
2018-12-09,100.1351333333333
2018-12-10,99.4041
2018-12-11,100.1433
2018-12-12,102.0448
2018-12-13,102.8202
2018-12-14,102.8427
2018-12-15,102.9399333333333
2018-12-16,103.0371666666667
2018-12-17,103.1344
2018-12-18,103.5275
2018-12-19,104.2566
2018-12-20,104.1828
2018-12-21,102.4899
2018-12-22,102.2626
2018-12-23,102.0353
2018-12-24,101.808
2018-12-25,102.07455
2018-12-26,102.3411
2018-12-27,102.6679
2018-12-28,103.5428
2018-12-29,103.5783333333333
2018-12-30,103.6138666666667
2018-12-31,103.6494
2019-01-01,103.7744
2019-01-02,102.8726
2019-01-03,101.9096
2019-01-04,102.173
2019-01-05,102.3138666666667
2019-01-06,102.4547333333333
2019-01-07,102.5956
2019-01-08,102.7353
2019-01-09,103.2129
2019-01-10,103.1728
2019-01-11,102.8013
2019-01-12,102.6684666666667
2019-01-13,102.5356333333333
2019-01-14,102.4028
2019-01-15,103.7796
2019-01-16,103.6579
2019-01-17,103.7668
2019-01-18,103.6024
2019-01-19,103.8256
2019-01-20,104.0488
2019-01-21,104.272
2019-01-22,104.1094
2019-01-23,103.3282
2019-01-24,103.6706
2019-01-25,103.1127
2019-01-26,102.6889
2019-01-27,102.2651
2019-01-28,101.8413
2019-01-29,101.6916
2019-01-30,102.1977
2019-01-31,103.7222
2019-02-01,104.5853
2019-02-02,104.5939666666667
2019-02-03,104.6026333333333
2019-02-04,104.6113
2019-02-05,104.7661
2019-02-06,105.9322
2019-02-07,105.9596
2019-02-08,105.0325
2019-02-09,104.7393666666667
2019-02-10,104.4462333333333
2019-02-11,104.1531
2019-02-12,103.4236
2019-02-13,102.8156
2019-02-14,102.0239
2019-02-15,101.4462
2019-02-16,101.1809333333333
2019-02-17,100.9156666666667
2019-02-18,100.6504
2019-02-19,100.39
2019-02-20,101.5899
2019-02-21,102.1517
2019-02-22,102.0128
2019-02-23,102.2227333333333
2019-02-24,102.4326666666667
2019-02-25,102.6426
2019-02-26,102.4009
2019-02-27,102.3411
2019-02-28,101.9864
2019-03-01,102.4764
2019-03-02,102.749425
2019-03-03,103.02245
2019-03-04,103.295475
2019-03-05,103.5685
2019-03-06,104.2815
2019-03-07,104.4309
2019-03-08,104.2886
2019-03-09,104.7615
2019-03-10,105.2344
2019-03-11,105.7073
2019-03-12,106.7751
2019-03-13,106.9949
2019-03-14,106.8858
2019-03-15,107.6082
2019-03-16,107.7654666666667
2019-03-17,107.9227333333333
2019-03-18,108.08
2019-03-19,108.578
2019-03-20,108.6488
2019-03-21,108.3922
2019-03-22,108.1356
2019-03-23,107.7527
2019-03-24,107.3698
2019-03-25,106.9869
2019-03-26,108.3102
2019-03-27,108.0026
2019-03-28,109.0806
2019-03-29,109.757
2019-03-30,109.9039666666667
2019-03-31,110.0509333333333
2019-04-01,110.1979
2019-04-02,110.5175
2019-04-03,109.685
2019-04-04,109.3801
2019-04-05,110.006
2019-04-06,109.8059
2019-04-07,109.6058
2019-04-08,109.4057
2019-04-09,109.7291
2019-04-10,108.9516
2019-04-11,109.2104
2019-04-12,109.2835
2019-04-13,109.4792666666667
2019-04-14,109.6750333333333
2019-04-15,109.8708
2019-04-16,110.8084
2019-04-17,110.77595
2019-04-18,110.7435
2019-04-19,110.4139
2019-04-20,110.0843
2019-04-21,109.7547
2019-04-22,109.4251
2019-04-23,109.3273
2019-04-24,110.3149
2019-04-25,109.7943
2019-04-26,110.9624
2019-04-27,111.0399
2019-04-28,111.1174
2019-04-29,111.1949
2019-04-30,111.2724
2019-05-01,111.01315
2019-05-02,110.7539
2019-05-03,110.6766
2019-05-04,110.2863
2019-05-05,109.896
2019-05-06,109.5057
2019-05-07,108.723
2019-05-08,107.595
2019-05-09,107.157
2019-05-10,106.9815
2019-05-11,106.6787666666667
2019-05-12,106.3760333333333
2019-05-13,106.0733
2019-05-14,106.3574
2019-05-15,106.1606
2019-05-16,107.0393
2019-05-17,108.3992
2019-05-18,109.6335
2019-05-19,110.8678
2019-05-20,112.1021
2019-05-21,110.9673
2019-05-22,111.2851
2019-05-23,110.6738
2019-05-24,112.9853
2019-05-25,113.3663666666667
2019-05-26,113.7474333333333
2019-05-27,114.1285
2019-05-28,113.9049
2019-05-29,113.2079
2019-05-30,114.0558
2019-05-31,114.101
2019-06-01,114.5297333333333
2019-06-02,114.9584666666667
2019-06-03,115.3872
2019-06-04,114.7117
2019-06-05,113.84845
2019-06-06,112.9852
2019-06-07,113.3677
2019-06-08,113.5242
2019-06-09,113.6807
2019-06-10,113.8372
2019-06-11,114.3185
2019-06-12,113.6726
2019-06-13,114.1006
2019-06-14,113.1787
2019-06-15,112.6946333333333
2019-06-16,112.2105666666667
2019-06-17,111.7265
2019-06-18,112.0058
2019-06-19,111.9648
2019-06-20,113.4429
2019-06-21,112.6143
2019-06-22,112.5356333333333
2019-06-23,112.4569666666667
2019-06-24,112.3783
2019-06-25,113.2847
2019-06-26,113.8203
2019-06-27,113.9536
2019-06-28,113.6
2019-06-29,113.8011333333333
2019-06-30,114.0022666666667
2019-07-01,114.2034
2019-07-02,114.5099
2019-07-03,114.4506
2019-07-04,114.8233
2019-07-05,113.7121
2019-07-06,112.8734666666667
2019-07-07,112.0348333333333
2019-07-08,111.1962
2019-07-09,111.4693
2019-07-10,110.3179
2019-07-11,110.928
2019-07-12,110.7318
2019-07-13,110.8157666666667
2019-07-14,110.8997333333333
2019-07-15,110.9837
2019-07-16,111.6387
2019-07-17,112.0103
2019-07-18,111.1541
2019-07-19,109.4948
2019-07-20,109.3401333333333
2019-07-21,109.1854666666667
2019-07-22,109.0308
2019-07-23,109.039
2019-07-24,108.5301
2019-07-25,108.3562
2019-07-26,108.7927
2019-07-27,108.5723
2019-07-28,108.3519
2019-07-29,108.1315
2019-07-30,107.428
2019-07-31,107.6784
2019-08-01,106.1223
2019-08-02,106.4459
2019-08-03,106.0234
2019-08-04,105.6009
2019-08-05,105.1784
2019-08-06,106.3092
2019-08-07,105.3783
2019-08-08,106.8535
2019-08-09,107.7887
2019-08-10,107.360725
2019-08-11,106.93275
2019-08-12,106.504775
2019-08-13,106.0768
2019-08-14,107.3807
2019-08-15,107.4677
2019-08-16,107.5547
2019-08-17,107.5551333333333
2019-08-18,107.5555666666667
2019-08-19,107.556
2019-08-20,107.2807
2019-08-21,106.3714
2019-08-22,104.7545
2019-08-23,105.5087
2019-08-24,106.2253
2019-08-25,106.9419
2019-08-26,107.6585
2019-08-27,108.2304
2019-08-28,107.816
2019-08-29,106.7549
2019-08-30,107.3957
2019-08-31,106.829775
2019-09-01,106.26385
2019-09-02,105.697925
2019-09-03,105.132
2019-09-04,105.4907
2019-09-05,105.5125
2019-09-06,106.6346
2019-09-07,106.8368333333333
2019-09-08,107.0390666666667
2019-09-09,107.2413
2019-09-10,107.4805
2019-09-11,107.7197
2019-09-12,107.2469
2019-09-13,108.2983
2019-09-14,108.0731
2019-09-15,107.8479
2019-09-16,107.6227
2019-09-17,105.8103
2019-09-18,106.2871
2019-09-19,105.2257
2019-09-20,111.6142
2019-09-21,112.7622666666667
2019-09-22,113.9103333333333
2019-09-23,115.0584
2019-09-24,114.5904
2019-09-25,113.1241
2019-09-26,114.5797
2019-09-27,114.4267
2019-09-28,114.3250333333333
2019-09-29,114.2233666666667
2019-09-30,114.1217
2019-10-01,113.1943
2019-10-02,112.86255
2019-10-03,112.5308
2019-10-04,110.8217
2019-10-05,110.6169333333333
2019-10-06,110.4121666666667
2019-10-07,110.2074
2019-10-08,111.23655
2019-10-09,112.2657
2019-10-10,111.4778
2019-10-11,112.0031
2019-10-12,112.092
2019-10-13,112.1809
2019-10-14,112.2698
2019-10-15,113.0352
2019-10-16,113.5175
2019-10-17,114.8822
2019-10-18,115.4943
2019-10-19,115.2649
2019-10-20,115.0355
2019-10-21,114.8061
2019-10-22,114.5767
2019-10-23,114.7113
2019-10-24,114.7942
2019-10-25,114.7004
2019-10-26,115.1649
2019-10-27,115.6294
2019-10-28,116.0939
2019-10-29,116.5584
2019-10-30,117.446
2019-10-31,117.5936
2019-11-01,117.2115
2019-11-02,117.3148333333333
2019-11-03,117.4181666666667
2019-11-04,117.5215
2019-11-05,117.2805
2019-11-06,117.5845
2019-11-07,118.0029
2019-11-08,117.2962
2019-11-09,117.3142
2019-11-10,117.3322
2019-11-11,117.3502
2019-11-12,117.159
2019-11-13,116.9678
2019-11-14,117.3352
2019-11-15,117.7223
2019-11-16,117.6343666666667
2019-11-17,117.5464333333333
2019-11-18,117.4585
2019-11-19,117.783
2019-11-20,118.013
2019-11-21,117.9758
2019-11-22,117.1612
2019-11-23,117.706
2019-11-24,118.2508
2019-11-25,118.7956
2019-11-26,118.289
2019-11-27,118.6698
2019-11-28,118.9508
2019-11-29,118.1576
2019-11-30,118.0962333333333
2019-12-01,118.0348666666667
2019-12-02,117.9735
2019-12-03,117.5749
2019-12-04,118.0961
2019-12-05,117.6604
2019-12-06,116.9379
2019-12-07,116.9443333333333
2019-12-08,116.9507666666667
2019-12-09,116.9572
2019-12-10,116.4421
2019-12-11,116.805
2019-12-12,117.5676
2019-12-13,118.576
2019-12-14,118.4515333333333
2019-12-15,118.3270666666667
2019-12-16,118.2026
2019-12-17,119.3076
2019-12-18,119.5573
2019-12-19,120.1093
2019-12-20,120.4432
2019-12-21,120.4525666666667
2019-12-22,120.4619333333333
2019-12-23,120.4713
2019-12-24,120.0755
2019-12-25,119.7955
2019-12-26,119.5155
2019-12-27,120.4998
2019-12-28,120.4995666666667
2019-12-29,120.4993333333333
2019-12-30,120.4991
2019-12-31,119.7564
2020-01-01,119.7287
2020-01-02,120.7627
2020-01-03,120.2081
2020-01-04,119.4761666666667
2020-01-05,118.7442333333333
2020-01-06,118.0123
2020-01-07,118.6907
2020-01-08,118.6858
2020-01-09,120.4758
2020-01-10,120.9936
2020-01-11,121.2346666666667
2020-01-12,121.4757333333333
2020-01-13,121.7168
2020-01-14,121.8977
2020-01-15,121.9717
2020-01-16,122.1919
2020-01-17,122.1107
2020-01-18,121.6910666666667
2020-01-19,121.2714333333333
2020-01-20,120.8518
2020-01-21,120.1594
2020-01-22,120.0198
2020-01-23,121.0131
2020-01-24,121.9773
2020-01-25,121.6528333333333
2020-01-26,121.3283666666667
2020-01-27,121.0039
2020-01-28,120.3385
2020-01-29,121.0548
2020-01-30,120.0626
2020-01-31,119.5031
2020-02-01,118.7856666666667
2020-02-02,118.0682333333333
2020-02-03,117.3508
2020-02-04,119.9751
2020-02-05,121.3389
2020-02-06,121.688
2020-02-07,121.3738
2020-02-08,121.1608333333333
2020-02-09,120.9478666666667
2020-02-10,120.7349
2020-02-11,121.1408
2020-02-12,121.815
2020-02-13,121.6787
2020-02-14,121.0585
2020-02-15,120.9228
2020-02-16,120.7871
2020-02-17,120.6514
2020-02-18,120.4248
2020-02-19,121.6272
2020-02-20,121.352
2020-02-21,120.8088
2020-02-22,120.2656
2020-02-23,119.7224
2020-02-24,119.1792
2020-02-25,118.8655
2020-02-26,117.7414
2020-02-27,117.4123
2020-02-28,112.9936
2020-02-29,112.6725
2020-03-01,112.3514
2020-03-02,112.0303
2020-03-03,113.7437
2020-03-04,112.8508
2020-03-05,113.3568
2020-03-06,111.148
2020-03-07,109.6275333333333
2020-03-08,108.1070666666667
2020-03-09,106.5866
2020-03-10,106.22945
2020-03-11,105.8723
2020-03-12,97.6639
2020-03-13,101.2855
2020-03-14,99.00196666666666
2020-03-15,96.71843333333334
2020-03-16,94.4349
2020-03-17,91.9404
2020-03-18,86.9971
2020-03-19,84.8425
2020-03-20,88.471
2020-03-21,84.77766666666668
2020-03-22,81.08433333333333
2020-03-23,77.391
2020-03-24,79.5714
2020-03-25,84.3232
2020-03-26,87.869
2020-03-27,87.4612
2020-03-28,86.13916666666667
2020-03-29,84.81713333333333
2020-03-30,83.4951
2020-03-31,85.9166
2020-04-01,82.6749
2020-04-02,81.5308
2020-04-03,80.3867
2020-04-04,81.8749
2020-04-05,83.3631
2020-04-06,84.85130000000001
2020-04-07,86.3395
2020-04-08,86.1125
2020-04-09,89.9234
2020-04-10,89.590375
2020-04-11,89.25735
2020-04-12,88.92432500000001
2020-04-13,88.5913
2020-04-14,88.05250000000001
2020-04-15,87.5137
2020-04-16,88.3043
2020-04-17,91.3473
2020-04-18,91.37096666666667
2020-04-19,91.39463333333333
2020-04-20,91.4183
2020-04-21,88.6372
2020-04-22,90.0411
2020-04-23,91.3671
2020-04-24,89.3544
2020-04-25,89.94496666666666
2020-04-26,90.53553333333333
2020-04-27,91.1261
2020-04-28,92.1806
2020-04-29,93.7411
2020-04-30,96.7185
2020-05-01,95.37540000000001
2020-05-02,94.0323
2020-05-03,92.6892
2020-05-04,91.3461
2020-05-05,90.4023
2020-05-06,91.4136
2020-05-07,90.6725
2020-05-08,91.1813
2020-05-09,91.34536666666666
2020-05-10,91.50943333333333
2020-05-11,91.6735
2020-05-12,91.3677
2020-05-13,93.2008
2020-05-14,90.8874
2020-05-15,90.5991
2020-05-16,89.5128
2020-05-17,88.4265
2020-05-18,87.3402
2020-05-19,87.8262
2020-05-20,89.7716
2020-05-21,90.0796
2020-05-22,89.468
2020-05-23,89.47045
2020-05-24,89.47290000000001
2020-05-25,89.47535
2020-05-26,89.4778
2020-05-27,91.7666
2020-05-28,93.575
2020-05-29,94.0468
2020-05-30,94.7996
2020-05-31,95.5524
2020-06-01,96.3052
2020-06-02,98.1449
2020-06-03,99.0125
2020-06-04,98.5978
2020-06-05,100.187
2020-06-06,100.2082666666667
2020-06-07,100.2295333333333
2020-06-08,100.2508
2020-06-09,98.8038
2020-06-10,99.299
2020-06-11,97.1941
2020-06-12,98.0432
2020-06-13,97.51053333333333
2020-06-14,96.97786666666667
2020-06-15,96.4452
2020-06-16,97.4399
2020-06-17,97.2208
2020-06-18,98.9712
2020-06-19,100.3376
2020-06-20,100.6890666666667
2020-06-21,101.0405333333333
2020-06-22,101.392
2020-06-23,103.1367
2020-06-24,101.8885
2020-06-25,101.5326
2020-06-26,102.3919
2020-06-27,102.1208666666667
2020-06-28,101.8498333333333
2020-06-29,101.5788
2020-06-30,101.7603
2020-07-01,102.569
2020-07-02,103.5629
2020-07-03,104.3845
2020-07-04,104.9869666666667
2020-07-05,105.5894333333333
2020-07-06,106.1919
2020-07-07,106.6896
2020-07-08,105.4066
2020-07-09,106.4375
2020-07-10,105.8675
2020-07-11,105.9643
2020-07-12,106.0611
2020-07-13,106.1579
2020-07-14,104.3698
2020-07-15,104.2819
2020-07-16,105.5793
2020-07-17,107.0969
2020-07-18,107.5098333333333
2020-07-19,107.9227666666667
2020-07-20,108.3357
2020-07-21,109.4936
2020-07-22,108.9644
2020-07-23,109.7624
2020-07-24,109.3507
2020-07-25,109.1523
2020-07-26,108.9539
2020-07-27,108.7555
2020-07-28,110.6008
2020-07-29,109.858
2020-07-30,109.2836
2020-07-31,108.9956
2020-08-01,108.5826666666667
2020-08-02,108.1697333333333
2020-08-03,107.7568
2020-08-04,109.5208
2020-08-05,110.0734
2020-08-06,110.9093
2020-08-07,110.8055
2020-08-08,111.0426
2020-08-09,111.2797
2020-08-10,111.5168
2020-08-11,111.4456
2020-08-12,111.3993
2020-08-13,111.7236
2020-08-14,110.3767
2020-08-15,110.5381333333333
2020-08-16,110.6995666666667
2020-08-17,110.861
2020-08-18,112.2987
2020-08-19,112.3574
2020-08-20,111.5567
2020-08-21,111.9633
2020-08-22,112.2543333333333
2020-08-23,112.5453666666667
2020-08-24,112.8364
2020-08-25,113.0302
2020-08-26,113.8009
2020-08-27,113.8698
2020-08-28,114.4049
2020-08-29,113.4676666666667
2020-08-30,112.5304333333333
2020-08-31,111.5932
2020-09-01,112.5386
2020-09-02,113.8818
2020-09-03,113.7544
2020-09-04,111.9064
2020-09-05,111.8873333333333
2020-09-06,111.8682666666667
2020-09-07,111.8492
2020-09-08,111.3539
2020-09-09,110.9081
2020-09-10,112.2892
2020-09-11,112.6099
2020-09-12,112.6411666666667
2020-09-13,112.6724333333333
2020-09-14,112.7037
2020-09-15,113.4922
2020-09-16,114.4729
2020-09-17,113.6506
2020-09-18,113.2403
2020-09-19,112.4309666666667
2020-09-20,111.6216333333333
2020-09-21,110.8123
2020-09-22,109.7973
2020-09-23,109.5919
2020-09-24,106.6677
2020-09-25,109.1511
2020-09-26,109.7256666666667
2020-09-27,110.3002333333333
2020-09-28,110.8748
2020-09-29,110.9182
2020-09-30,111.0836
2020-10-01,112.452
2020-10-02,112.61575
2020-10-03,112.7795
2020-10-04,112.94325
2020-10-05,113.107
2020-10-06,114.1679
2020-10-07,114.7862
2020-10-08,115.7192
2020-10-09,116.3209
2020-10-10,116.2396
2020-10-11,116.1583
2020-10-12,116.077
2020-10-13,116.0447
2020-10-14,116.464
2020-10-15,113.7589
2020-10-16,114.9016
2020-10-17,115.0612333333333
2020-10-18,115.2208666666667
2020-10-19,115.3805
2020-10-20,115.7426
2020-10-21,115.8656
2020-10-22,115.6082
2020-10-23,116.0327
2020-10-24,115.5130666666667
2020-10-25,114.9934333333333
2020-10-26,114.4738
2020-10-27,115.796
2020-10-28,114.5209
2020-10-29,114.0113
2020-10-30,113.6542
2020-10-31,113.7284666666667
2020-11-01,113.8027333333333
2020-11-02,113.877
2020-11-03,115.0311
2020-11-04,116.0958
2020-11-05,118.0835
2020-11-06,119.3006
2020-11-07,119.9897333333333
2020-11-08,120.6788666666667
2020-11-09,121.368
2020-11-10,122.2764
2020-11-11,123.6044
2020-11-12,123.5052
2020-11-13,123.7542
2020-11-14,124.226325
2020-11-15,124.69845
2020-11-16,125.170575
2020-11-17,125.6427
2020-11-18,126.4337
2020-11-19,124.6663
2020-11-20,125.8719
2020-11-21,126.0894
2020-11-22,126.3069
2020-11-23,126.5244
2020-11-24,127.5603
2020-11-25,125.5235
2020-11-26,127.036
2020-11-27,127.0467
2020-11-28,127.354275
2020-11-29,127.66185
2020-11-30,127.969425
2020-12-01,128.277
2020-12-02,128.4996
2020-12-03,128.628
2020-12-04,130.0014
2020-12-05,130.2735333333333
2020-12-06,130.5456666666667
2020-12-07,130.8178
2020-12-08,131.3111
2020-12-09,132.4078
2020-12-10,131.8914
2020-12-11,131.9507
2020-12-12,132.1572666666667
2020-12-13,132.3638333333333
2020-12-14,132.5704
2020-12-15,132.6028
2020-12-16,133.9224
2020-12-17,134.48
2020-12-18,134.9983
2020-12-19,133.5759333333333
2020-12-20,132.1535666666667
2020-12-21,130.7312
2020-12-22,132.2688
2020-12-23,133.7644
2020-12-24,134.7528
2020-12-25,135.073875
2020-12-26,135.39495
2020-12-27,135.716025
2020-12-28,136.0371
2020-12-29,136.3818
2020-12-30,136.8595
2020-12-31,137.0402
2021-01-01,137.5296
2021-01-02,138.0086333333333
2021-01-03,138.4876666666667
2021-01-04,138.9667
2021-01-05,140.004
2021-01-06,139.7275
2021-01-07,139.9215
2021-01-08,142.29
2021-01-09,142.7807
2021-01-10,143.2714
2021-01-11,143.7621
2021-01-12,144.1059
2021-01-13,143.9713
2021-01-14,144.1005
2021-01-15,142.4841
2021-01-16,141.7815
2021-01-17,141.0789
2021-01-18,140.3763
2021-01-19,142.7273
2021-01-20,144.084
2021-01-21,143.4094
2021-01-22,142.026
2021-01-23,141.7029
2021-01-24,141.3798
2021-01-25,141.0567
2021-01-26,139.88035
2021-01-27,138.704
2021-01-28,137.5211
2021-01-29,135.6473
2021-01-30,137.5582
2021-01-31,139.4691
2021-02-01,141.38
2021-02-02,145.923
2021-02-03,147.1272
2021-02-04,148.3308
2021-02-05,148.0184
2021-02-06,148.7026333333334
2021-02-07,149.3868666666667
2021-02-08,150.0711
2021-02-09,149.8273
2021-02-10,150.0304
2021-02-11,149.8626
2021-02-12,149.8472
2021-02-13,150.2800666666667
2021-02-14,150.7129333333333
2021-02-15,151.1458
2021-02-16,150.7358
2021-02-17,149.7354
2021-02-18,148.7736
2021-02-19,146.9653
2021-02-20,145.9813333333333
2021-02-21,144.9973666666667
2021-02-22,144.0134
2021-02-23,145.0786
2021-02-24,147.2426
2021-02-25,147.8664
2021-02-26,143.039
2021-02-27,143.6231
2021-02-28,144.2072
2021-03-01,144.7913
2021-03-02,147.2497
2021-03-03,149.8172
2021-03-04,148.5865
2021-03-05,146.916
2021-03-06,146.9045666666667
2021-03-07,146.8931333333333
2021-03-08,146.8817
2021-03-09,147.5244
2021-03-10,148.7387
2021-03-11,148.1484
2021-03-12,147.5581
2021-03-13,147.2502
2021-03-14,146.9423
2021-03-15,146.6344
2021-03-16,146.6281
2021-03-17,144.5841
2021-03-18,142.9274
2021-03-19,144.0544
2021-03-20,144.1061
2021-03-21,144.1578
2021-03-22,144.2095
2021-03-23,145.4161
2021-03-24,142.6654
2021-03-25,140.4969
2021-03-26,142.3657
2021-03-27,143.023075
2021-03-28,143.68045
2021-03-29,144.337825
2021-03-30,144.9952
2021-03-31,144.2025
2021-04-01,145.7366
2021-04-02,145.294225
2021-04-03,144.85185
2021-04-04,144.409475
2021-04-05,143.9671
2021-04-06,144.0903
2021-04-07,145.4943
2021-04-08,146.4072
2021-04-09,146.0542
2021-04-10,144.2607
2021-04-11,142.4672
2021-04-12,140.6737
2021-04-13,142.2565
2021-04-14,142.62925
2021-04-15,143.002
2021-04-16,143.6238
2021-04-17,142.8764
2021-04-18,142.129
2021-04-19,141.3816
2021-04-20,141.2587
2021-04-21,141.5698
2021-04-22,141.8809
2021-04-23,141.2839
2021-04-24,141.7475666666667
2021-04-25,142.2112333333333
2021-04-26,142.6749
2021-04-27,144.3088
2021-04-28,145.9902
2021-04-29,146.0011
2021-04-30,144.0629
2021-05-01,144.1345666666667
2021-05-02,144.2062333333333
2021-05-03,144.2779
2021-05-04,142.8187
2021-05-05,144.1992
2021-05-06,145.2731
2021-05-07,145.9124
2021-05-08,146.2453333333333
2021-05-09,146.5782666666667
2021-05-10,146.9112
2021-05-11,146.2044
2021-05-12,145.1053
2021-05-13,144.59575
2021-05-14,144.0862
2021-05-15,144.685
2021-05-16,145.2838
2021-05-17,145.8826
2021-05-18,148.1092
2021-05-19,147.5351
2021-05-20,146.459
2021-05-21,148.4648
2021-05-22,148.6265
2021-05-23,148.7882
2021-05-24,148.9499
2021-05-25,149.7184
2021-05-26,150.537
2021-05-27,150.9883
2021-05-28,151.0432
2021-05-29,151.4090333333334
2021-05-30,151.7748666666667
2021-05-31,152.1407
2021-06-01,151.9803
2021-06-02,152.281
2021-06-03,153.6687
2021-06-04,153.8473
2021-06-05,154.1855666666667
2021-06-06,154.5238333333333
2021-06-07,154.8621
2021-06-08,155.2231
2021-06-09,154.464
2021-06-10,155.6383
2021-06-11,155.8354
2021-06-12,155.9640333333333
2021-06-13,156.0926666666667
2021-06-14,156.2213
2021-06-15,156.7188
2021-06-16,155.9112
2021-06-17,155.4011
2021-06-18,155.2979
2021-06-19,155.3176666666667
2021-06-20,155.3374333333333
2021-06-21,155.3572
2021-06-22,155.9813
2021-06-23,155.5206
2021-06-24,156.5832
2021-06-25,157.7792
2021-06-26,157.6692333333333
2021-06-27,157.5592666666667
2021-06-28,157.4493
2021-06-29,157.0597
2021-06-30,157.1852
2021-07-01,157.052
2021-07-02,157.4241
2021-07-03,157.7179
2021-07-04,158.0117
2021-07-05,158.3055
2021-07-06,157.9405
2021-07-07,158.5282
2021-07-08,157.2585
2021-07-09,156.9697
2021-07-10,157.0642
2021-07-11,157.1587
2021-07-12,157.2532
2021-07-13,158.0453
2021-07-14,158.8011
2021-07-15,159.7784
2021-07-16,159.5485
2021-07-17,159.0265333333333
2021-07-18,158.5045666666666
2021-07-19,157.9826
2021-07-20,156.5783
2021-07-21,157.8619
2021-07-22,159.1455
2021-07-23,159.5766
2021-07-24,159.6197666666667
2021-07-25,159.6629333333333
2021-07-26,159.7061
2021-07-27,159.4311
2021-07-28,159.3245
2021-07-29,160.1822
2021-07-30,160.0519
2021-07-31,160.3616666666667
2021-08-01,160.6714333333333
2021-08-02,160.9812
2021-08-03,163.3342
2021-08-04,163.6308
2021-08-05,163.7914
2021-08-06,163.5442
2021-08-07,163.5447
2021-08-08,163.5452
2021-08-09,163.5457
2021-08-10,163.7914
2021-08-11,163.6777
2021-08-12,164.6457
2021-08-13,165.9659
2021-08-14,165.9531333333333
2021-08-15,165.9403666666667
2021-08-16,165.9276
2021-08-17,166.7797
2021-08-18,166.454
2021-08-19,165.5178
2021-08-20,164.5816
2021-08-21,164.7264666666667
2021-08-22,164.8713333333333
2021-08-23,165.0162
2021-08-24,166.3727
2021-08-25,166.5621
2021-08-26,166.3424
2021-08-27,167.6826
2021-08-28,168.4905666666667
2021-08-29,169.2985333333334
2021-08-30,170.1065
2021-08-31,172.1881
2021-09-01,171.9441
2021-09-02,173.5064
2021-09-03,174.1297
2021-09-04,174.2996666666667
2021-09-05,174.4696333333333
2021-09-06,174.6396
2021-09-07,174.1449
2021-09-08,174.0756
2021-09-09,174.0656
2021-09-10,174.1606
2021-09-11,174.2556
2021-09-12,174.3506
2021-09-13,174.4456
2021-09-14,174.9915
2021-09-15,176.3863
2021-09-16,176.7278
2021-09-17,176.3827
2021-09-18,175.7639
2021-09-19,175.1451
2021-09-20,174.5263
2021-09-21,175.6021
2021-09-22,175.8206
2021-09-23,177.9715
2021-09-24,177.8489
2021-09-25,177.6774
2021-09-26,177.5059
2021-09-27,177.3344
2021-09-28,175.4215
2021-09-29,175.0528
2021-09-30,174.2883
2021-10-01,173.4817
2021-10-02,174.1051666666667
2021-10-03,174.7286333333333
2021-10-04,175.3521
2021-10-05,175.9513
2021-10-06,174.5265
2021-10-07,177.4632
2021-10-08,178.1076
2021-10-09,178.334
2021-10-10,178.5604
2021-10-11,178.7868
2021-10-12,179.4624
2021-10-13,182.305
2021-10-14,183.8273
2021-10-15,184.1716
2021-10-16,184.5159
2021-10-17,184.8602
2021-10-18,185.2045
2021-10-19,184.4439
2021-10-20,182.6106
2021-10-21,182.1172
2021-10-22,181.0832
2021-10-23,180.8687
2021-10-24,180.6542
2021-10-25,180.4397
2021-10-26,182.5537
2021-10-27,183.0537
2021-10-28,180.4089
2021-10-29,180.1985
2021-10-30,181.1208333333333
2021-10-31,182.0431666666667
2021-11-01,182.9655
2021-11-02,183.0526
2021-11-03,183.1549
2021-11-04,183.74052
2021-11-05,184.32614
2021-11-06,184.91176
2021-11-07,185.49738
2021-11-08,186.083
2021-11-09,186.4696
2021-11-10,186.2285
2021-11-11,184.8284
2021-11-12,187.1462
2021-11-13,187.0796
2021-11-14,187.013
2021-11-15,186.9464
2021-11-16,186.7058
2021-11-17,186.4217
2021-11-18,184.1477
2021-11-19,183.4863
2021-11-20,182.8249
2021-11-21,182.1635
2021-11-22,181.5021
2021-11-23,182.2394
2021-11-24,181.2282
2021-11-25,181.5419
2021-11-26,176.6062
2021-11-27,176.5330333333333
2021-11-28,176.4598666666667
2021-11-29,176.3867
2021-11-30,176.847
2021-12-01,177.5865
2021-12-02,179.4077
2021-12-03,178.5796
2021-12-04,177.4928333333333
2021-12-05,176.4060666666667
2021-12-06,175.3193
2021-12-07,177.822
2021-12-08,181.4449
2021-12-09,181.4486
2021-12-10,180.8844
2021-12-11,180.6832
2021-12-12,180.482
2021-12-13,180.2808
2021-12-14,179.4501
2021-12-15,178.1485
2021-12-16,178.9332
2021-12-17,175.8159
2021-12-18,174.3843666666667
2021-12-19,172.9528333333333
2021-12-20,171.5213
2021-12-21,173.2346
2021-12-22,175.7953
2021-12-23,177.0195
2021-12-24,176.1249
2021-12-25,176.3859666666667
2021-12-26,176.6470333333333
2021-12-27,176.9081
2021-12-28,178.6242
2021-12-29,178.382
2021-12-30,178.2744
2021-12-31,180.0083
2022-01-01,180.7605666666666
2022-01-02,181.5128333333333
2022-01-03,182.2651
2022-01-04,183.5813
2022-01-05,183.9267
2022-01-06,182.5323
2022-01-07,183.4559
2022-01-08,183.9200666666667
2022-01-09,184.3842333333333
2022-01-10,184.8484
2022-01-11,185.1971
2022-01-12,186.3149
2022-01-13,186.9811
2022-01-14,186.5965
2022-01-15,186.8606
2022-01-16,187.1247
2022-01-17,187.3888
2022-01-18,185.1414
2022-01-19,182.9138
2022-01-20,181.543
2022-01-21,179.1139
2022-01-22,177.3804
2022-01-23,175.6469
2022-01-24,173.9134
2022-01-25,175.2588
2022-01-26,174.2018
2022-01-27,173.1448
2022-01-28,173.5083
2022-01-29,174.4310666666667
2022-01-30,175.3538333333333
2022-01-31,176.2766
2022-02-01,178.7412
2022-02-02,180.3399
2022-02-03,178.5295
2022-02-04,178.2351
2022-02-05,177.2719333333333
2022-02-06,176.3087666666667
2022-02-07,175.3456
2022-02-08,175.7417
2022-02-09,178.125
2022-02-10,178.8917
2022-02-11,175.9452
2022-02-12,174.1272333333333
2022-02-13,172.3092666666667
2022-02-14,170.4913
2022-02-15,175.2585
2022-02-16,174.7515
2022-02-17,174.4995
2022-02-18,173.8034
2022-02-19,173.597
2022-02-20,173.3906
2022-02-21,173.1842
2022-02-22,172.0861
2022-02-23,172.1593
2022-02-24,164.3457
2022-02-25,168.9561
2022-02-26,169.2777
2022-02-27,169.5993
2022-02-28,169.9209
2022-03-01,169.19585
2022-03-02,168.4708
2022-03-03,167.605
2022-03-04,164.7138
2022-03-05,163.1473
2022-03-06,161.5808
2022-03-07,160.0143
2022-03-08,161.5284
2022-03-09,164.494
2022-03-10,167.3369
2022-03-11,167.5009
2022-03-12,168.1938666666667
2022-03-13,168.8868333333333
2022-03-14,169.5798
2022-03-15,168.1184
2022-03-16,171.5147
2022-03-17,174.0742
2022-03-18,173.6773
2022-03-19,173.2804
2022-03-20,172.8835
2022-03-21,172.4866
2022-03-22,174.0143
2022-03-23,173.5016
2022-03-24,173.1378
2022-03-25,172.2156
2022-03-26,172.3691666666667
2022-03-27,172.5227333333333
2022-03-28,172.6763
2022-03-29,174.2541
2022-03-30,176.2893
2022-03-31,176.3113
2022-04-01,177.7396
2022-04-02,178.8831
2022-04-03,180.0266
2022-04-04,181.1701
2022-04-05,180.8083
2022-04-06,179.4947
2022-04-07,177.8832
2022-04-08,179.3376
2022-04-09,178.8902333333333
2022-04-10,178.4428666666667
2022-04-11,177.9955
2022-04-12,176.1745
2022-04-13,175.552
2022-04-14,174.9817
2022-04-15,174.4114
2022-04-16,173.8411
2022-04-17,173.2708
2022-04-18,172.7005
2022-04-19,170.0336
2022-04-20,171.1648
2022-04-21,173.2306
2022-04-22,171.0845
2022-04-23,170.1711333333333
2022-04-24,169.2577666666667
2022-04-25,168.3444
2022-04-26,170.7422
2022-04-27,168.6972
2022-04-28,170.5353
2022-04-29,168.8868
2022-04-30,168.6295666666667
2022-05-01,168.3723333333333
2022-05-02,168.1151
2022-05-03,166.31945
2022-05-04,164.5238
2022-05-05,165.1135
2022-05-06,161.325
2022-05-07,161.0255333333333
2022-05-08,160.7260666666667
2022-05-09,160.4266
2022-05-10,159.389
2022-05-11,158.8713
2022-05-12,155.6031
2022-05-13,155.4254
2022-05-14,155.7157333333333
2022-05-15,156.0060666666667
2022-05-16,156.2964
2022-05-17,159.9887
2022-05-18,160.1437
2022-05-19,155.5424
2022-05-20,158.9559
2022-05-21,158.7670666666667
2022-05-22,158.5782333333333
2022-05-23,158.3894
2022-05-24,157.3471
2022-05-25,155.9288
2022-05-26,158.1515
2022-05-27,160.5626
2022-05-28,161.7738666666667
2022-05-29,162.9851333333334
2022-05-30,164.1964
2022-05-31,164.4683
2022-06-01,163.5917
2022-06-02,163.7616
2022-06-03,162.1454
2022-06-04,161.9764
2022-06-05,161.8074
2022-06-06,161.6384
2022-06-07,160.295
2022-06-08,159.9626
2022-06-09,161.0419
2022-06-10,159.1042
2022-06-11,157.8874
2022-06-12,156.6706
2022-06-13,155.4538
2022-06-14,155.5055
2022-06-15,155.7046
2022-06-16,152.6859
2022-06-17,150.8335
2022-06-18,151.0451
2022-06-19,151.2567
2022-06-20,151.4683
2022-06-21,154.4136
2022-06-22,152.7601
2022-06-23,155.2833
2022-06-24,156.8653
2022-06-25,157.3004333333333
2022-06-26,157.7355666666667
2022-06-27,158.1707
2022-06-28,158.2275
2022-06-29,157.5344
2022-06-30,157.247
2022-07-01,158.4271
2022-07-02,158.7381
2022-07-03,159.0491
2022-07-04,159.3601
2022-07-05,158.7835
2022-07-06,161.3375
2022-07-07,163.2198
2022-07-08,163.8229
2022-07-09,163.8235666666667
2022-07-10,163.8242333333334
2022-07-11,163.8249
2022-07-12,161.8636
2022-07-13,161.3725
2022-07-14,160.7299
2022-07-15,162.41
2022-07-16,163.0899333333333
2022-07-17,163.7698666666667
2022-07-18,164.4498
2022-07-19,165.1853
2022-07-20,166.4455
2022-07-21,168.1977
2022-07-22,169.3336
2022-07-23,169.0198
2022-07-24,168.706
2022-07-25,168.3922
2022-07-26,166.593
2022-07-27,168.2113
2022-07-28,170.2401
2022-07-29,172.7471
2022-07-30,173.3588
2022-07-31,173.9705
2022-08-01,174.5822
2022-08-02,174.5597
2022-08-03,174.4692
2022-08-04,174.9105
2022-08-05,175.0084
2022-08-06,175.3928
2022-08-07,175.7772
2022-08-08,176.1616
2022-08-09,176.1091
2022-08-10,176.0566
2022-08-11,177.9525
2022-08-12,177.4772
2022-08-13,177.990975
2022-08-14,178.50475
2022-08-15,179.018525
2022-08-16,179.5323
2022-08-17,180.058
2022-08-18,180.2905
2022-08-19,178.661
2022-08-20,177.6281
2022-08-21,176.5952
2022-08-22,175.5623
2022-08-23,176.5306
2022-08-24,176.8546
2022-08-25,176.5253
2022-08-26,177.0312
2022-08-27,176.2279
2022-08-28,175.4246
2022-08-29,174.6213
2022-08-30,178.7753
2022-08-31,178.2282
2022-09-01,177.6811
2022-09-02,177.4715
2022-09-03,177.6515333333333
2022-09-04,177.8315666666666
2022-09-05,178.0116
2022-09-06,177.7453
2022-09-07,177.674
2022-09-08,179.0964
2022-09-09,179.1975
2022-09-10,179.6383333333333
2022-09-11,180.0791666666667
2022-09-12,180.52
2022-09-13,181.4702
2022-09-14,180.2814
2022-09-15,179.4135
2022-09-16,175.6776
2022-09-17,175.8467666666667
2022-09-18,176.0159333333334
2022-09-19,176.1851
2022-09-20,178.4285
2022-09-21,177.2679
2022-09-22,176.9441
2022-09-23,174.1006
2022-09-24,173.0932333333333
2022-09-25,172.0858666666666
2022-09-26,171.0785
2022-09-27,170.9656
2022-09-28,170.1158
2022-09-29,169.814
2022-09-30,172.2482
2022-10-01,171.3990666666667
2022-10-02,170.5499333333333
2022-10-03,169.7008
2022-10-04,173.7228
2022-10-05,174.293
2022-10-06,174.8632
2022-10-07,174.8279
2022-10-08,174.5597666666667
2022-10-09,174.2916333333334
2022-10-10,174.0235
2022-10-11,171.5055
2022-10-12,172.8138
2022-10-13,171.2277
2022-10-14,172.313
2022-10-15,172.5369
2022-10-16,172.7608
2022-10-17,172.9847
2022-10-18,174.9828
2022-10-19,175.6102
2022-10-20,175.2907
2022-10-21,175.5544
2022-10-22,175.90175
2022-10-23,176.2491
2022-10-24,176.59645
2022-10-25,176.9438
2022-10-26,176.919
2022-10-27,176.8942
2022-10-28,176.333
2022-10-29,177.3977333333333
2022-10-30,178.4624666666667
2022-10-31,179.5272
2022-11-01,180.6371
2022-11-02,179.7048
2022-11-03,179.1512
2022-11-04,179.2509
2022-11-05,179.6231
2022-11-06,179.9953
2022-11-07,180.3675
2022-11-08,179.75925
2022-11-09,179.151
2022-11-10,177.7086
2022-11-11,180.258
2022-11-12,180.2569
2022-11-13,180.2558
2022-11-14,180.2547
2022-11-15,180.5567
2022-11-16,180.4116
2022-11-17,179.9685
2022-11-18,179.552
2022-11-19,179.1835666666666
2022-11-20,178.8151333333333
2022-11-21,178.4467
2022-11-22,178.9093
2022-11-23,179.4449
2022-11-24,181.1599
2022-11-25,181.5218
2022-11-26,181.6081333333333
2022-11-27,181.6944666666667
2022-11-28,181.7808
2022-11-29,181.4275
2022-11-30,182.7666
2022-12-01,184.3229
2022-12-02,183.3777
2022-12-03,183.3749666666667
2022-12-04,183.3722333333333
2022-12-05,183.3695
2022-12-06,182.7452
2022-12-07,182.1159
2022-12-08,182.9108
2022-12-09,182.2221
2022-12-10,182.1483333333333
2022-12-11,182.0745666666667
2022-12-12,182.0008
2022-12-13,182.8865
2022-12-14,183.5849
2022-12-15,181.284
2022-12-16,179.2066
2022-12-17,179.7292666666667
2022-12-18,180.2519333333333
2022-12-19,180.7746
2022-12-20,180.2223
2022-12-21,178.1195
2022-12-22,177.3522
2022-12-23,173.7133
2022-12-24,174.4255333333333
2022-12-25,175.1377666666667
2022-12-26,175.85
2022-12-27,177.2399
2022-12-28,177.4949
2022-12-29,177.7952
2022-12-30,176.9854
2022-12-31,177.1290333333333
2023-01-01,177.2726666666667
2023-01-02,177.4163
2023-01-03,177.4808
2023-01-04,176.1338
2023-01-05,175.8282
2023-01-06,174.4719
2023-01-07,175.0240666666667
2023-01-08,175.5762333333333
2023-01-09,176.1284
2023-01-10,174.8035
2023-01-11,175.2275
2023-01-12,175.4244
2023-01-13,176.0195
2023-01-14,175.6961666666667
2023-01-15,175.3728333333333
2023-01-16,175.0495
2023-01-17,176.1145
2023-01-18,177.084
2023-01-19,176.6235
2023-01-20,175.4777
2023-01-21,175.7312666666667
2023-01-22,175.9848333333333
2023-01-23,176.2384
2023-01-24,176.6416
2023-01-25,174.8184
2023-01-26,173.8345
2023-01-27,172.8506
2023-01-28,172.9438666666667
2023-01-29,173.0371333333333
2023-01-30,173.1304
2023-01-31,173.6033
2023-02-01,174.0594
2023-02-02,174.7733
2023-02-03,176.4359
2023-02-04,176.2244
2023-02-05,176.0129
2023-02-06,175.8014
2023-02-07,175.349
2023-02-08,176.9347
2023-02-09,177.8567
2023-02-10,177.9963
2023-02-11,177.4946666666667
2023-02-12,176.9930333333333
2023-02-13,176.4914
2023-02-14,177.3104
2023-02-15,178.1815
2023-02-16,178.5325
2023-02-17,177.4256
2023-02-18,177.2846333333333
2023-02-19,177.1436666666667
2023-02-20,177.0027
2023-02-21,176.61
2023-02-22,174.4362
2023-02-23,173.9298
2023-02-24,173.351
2023-02-25,172.9665666666667
2023-02-26,172.5821333333333
2023-02-27,172.1977
2023-02-28,172.0293
2023-03-01,173.3991
2023-03-02,172.0513
2023-03-03,173.5109
2023-03-04,173.7877666666667
2023-03-05,174.0646333333333
2023-03-06,174.3415
2023-03-07,174.53105
2023-03-08,174.7206
2023-03-09,173.3471
2023-03-10,171.7739
2023-03-11,170.738
2023-03-12,169.7021
2023-03-13,168.6662
2023-03-14,168.1273
2023-03-15,167.9994
2023-03-16,168.0936
2023-03-17,169.4218
2023-03-18,169.0612666666667
2023-03-19,168.7007333333333
2023-03-20,168.3402
2023-03-21,169.2869
2023-03-22,169.4025
2023-03-23,168.7364
2023-03-24,167.7221
2023-03-25,167.7137333333334
2023-03-26,167.7053666666667
2023-03-27,167.697
2023-03-28,167.1799
2023-03-29,168.6706
2023-03-30,169.74175
2023-03-31,170.8129
2023-04-01,171.0054666666667
2023-04-02,171.1980333333333
2023-04-03,171.3906
2023-04-04,172.1006
2023-04-05,172.8106
2023-04-06,172.993
2023-04-07,173.1012
2023-04-08,173.2094
2023-04-09,173.3176
2023-04-10,173.4258
2023-04-11,173.5878
2023-04-12,174.3002
2023-04-13,174.3196
2023-04-14,174.0031
2023-04-15,173.6866
2023-04-16,173.3701
2023-04-17,173.0536
2023-04-18,173.0626
2023-04-19,172.5224
2023-04-20,172.4675
2023-04-21,172.0652
2023-04-22,172.3933666666667
2023-04-23,172.7215333333333
2023-04-24,173.0497
2023-04-25,173.325
2023-04-26,173.8717
2023-04-27,175.155
2023-04-28,176.4227
2023-04-29,176.7029
2023-04-30,176.9831
2023-05-01,177.2633
2023-05-02,177.5435
2023-05-03,177.3047
2023-05-04,179.4496
2023-05-05,179.0435
2023-05-06,179.6323333333333
2023-05-07,180.2211666666667
2023-05-08,180.81
2023-05-09,181.1782
2023-05-10,181.6769
2023-05-11,181.7522
2023-05-12,181.7185
2023-05-13,181.8824
2023-05-14,182.0463
2023-05-15,182.2102
2023-05-16,182.2287
2023-05-17,181.4924
2023-05-18,180.7754
2023-05-19,181.5946
2023-05-20,181.914
2023-05-21,182.2334
2023-05-22,182.5528
2023-05-23,182.8593
2023-05-24,181.945
2023-05-25,182.4795
2023-05-26,183.9829
2023-05-27,184.3098666666667
2023-05-28,184.6368333333333
2023-05-29,184.9638
2023-05-30,185.3122
2023-05-31,185.2754
2023-06-01,184.8254
2023-06-02,185.8263
2023-06-03,186.1084
2023-06-04,186.3905
2023-06-05,186.6726
2023-06-06,187.0829
2023-06-07,188.452
2023-06-08,186.9004
2023-06-09,186.594
2023-06-10,186.7722666666667
2023-06-11,186.9505333333333
2023-06-12,187.1288
2023-06-13,188.5735
2023-06-14,188.4602
2023-06-15,188.0118
2023-06-16,189.2077
2023-06-17,189.1938333333333
2023-06-18,189.1799666666667
2023-06-19,189.1661
2023-06-20,189.6603
2023-06-21,189.606
2023-06-22,188.5672
2023-06-23,187.386
2023-06-24,187.5477
2023-06-25,187.7094
2023-06-26,187.8711
2023-06-27,189.1273
2023-06-28,190.4094
2023-06-29,191.5644
2023-06-30,192.7194
2023-07-01,192.7743666666667
2023-07-02,192.8293333333333
2023-07-03,192.8843
2023-07-04,192.9279
2023-07-05,193.4651
2023-07-06,194.2999
2023-07-07,193.3329
2023-07-08,192.9267
2023-07-09,192.5205
2023-07-10,192.1143
2023-07-11,193.0456
2023-07-12,192.7934
2023-07-13,193.3992
2023-07-14,195.5161
2023-07-15,195.7761333333333
2023-07-16,196.0361666666667
2023-07-17,196.2962
2023-07-18,196.6698
2023-07-19,197.2891
2023-07-20,197.2454
2023-07-21,195.2637
2023-07-22,195.3762666666667
2023-07-23,195.4888333333333
2023-07-24,195.6014
2023-07-25,196.3661
2023-07-26,196.9665
2023-07-27,195.8913
2023-07-28,195.9178
2023-07-29,196.3463333333333
2023-07-30,196.7748666666667
2023-07-31,197.2034
2023-08-01,197.5819
2023-08-02,195.8124
2023-08-03,194.3308
2023-08-04,195.3627
2023-08-05,195.5992666666667
2023-08-06,195.8358333333333
2023-08-07,196.0724
2023-08-08,195.7222
2023-08-09,195.9826
2023-08-10,195.5577
2023-08-11,194.8336
2023-08-12,194.6115333333333
2023-08-13,194.3894666666667
2023-08-14,194.1674
2023-08-15,194.32955
2023-08-16,194.4917
2023-08-17,194.3219
2023-08-18,193.2415
2023-08-19,193.6379333333333
2023-08-20,194.0343666666667
2023-08-21,194.4308
2023-08-22,194.728
2023-08-23,195.6202
2023-08-24,195.8591
2023-08-25,194.5335
2023-08-26,194.7728333333333
2023-08-27,195.0121666666667
2023-08-28,195.2515
2023-08-29,195.9135
2023-08-30,196.7361
2023-08-31,196.7604
2023-09-01,197.62
2023-09-02,197.9797666666667
2023-09-03,198.3395333333333
2023-09-04,198.6993
2023-09-05,199.3945
2023-09-06,200.1083
2023-09-07,201.2721
2023-09-08,202.0919
2023-09-09,202.7159666666667
2023-09-10,203.3400333333333
2023-09-11,203.9641
2023-09-12,203.0622
2023-09-13,202.9392
2023-09-14,204.1589
2023-09-15,205.2896
2023-09-16,204.9251333333333
2023-09-17,204.5606666666667
2023-09-18,204.1962
2023-09-19,203.30925
2023-09-20,202.4223
2023-09-21,200.7648
2023-09-22,200.1979
2023-09-23,200.1190666666667
2023-09-24,200.0402333333333
2023-09-25,199.9614
2023-09-26,199.863
2023-09-27,200.476
2023-09-28,199.95065
2023-09-29,199.4253
2023-09-30,199.3501
2023-10-01,199.2749
2023-10-02,199.1997
2023-10-03,199.1245
2023-10-04,197.6085
2023-10-05,198.8777
2023-10-06,200.108
2023-10-07,199.7484666666667
2023-10-08,199.3889333333333
2023-10-09,199.0294
2023-10-10,200.702
2023-10-11,201.7868
2023-10-12,201.6435
2023-10-13,200.9401
2023-10-14,200.8376
2023-10-15,200.7351
2023-10-16,200.6326
2023-10-17,201.0308
2023-10-18,199.5439
2023-10-19,199.0548
2023-10-20,197.7537
2023-10-21,196.8738333333334
2023-10-22,195.9939666666667
2023-10-23,195.1141
2023-10-24,194.62145
2023-10-25,194.1288
2023-10-26,192.1171
2023-10-27,194.094
2023-10-28,194.2333333333333
2023-10-29,194.3726666666667
2023-10-30,194.512
2023-10-31,193.9935
2023-11-01,193.0858
2023-11-02,194.6517
2023-11-03,196.0191
2023-11-04,196.6902
2023-11-05,197.3613
2023-11-06,198.0324
2023-11-07,198.1104
2023-11-08,199.0009
2023-11-09,198.7218
2023-11-10,198.9783
2023-11-11,198.9635
2023-11-12,198.9487
2023-11-13,198.9339
2023-11-14,200.254
2023-11-15,201.5741
2023-11-16,202.7382
2023-11-17,202.8173
2023-11-18,202.8148666666667
2023-11-19,202.8124333333333
2023-11-20,202.81
2023-11-21,203.3057
2023-11-22,203.3464
2023-11-23,202.9938
2023-11-24,203.004
2023-11-25,203.225
2023-11-26,203.446
2023-11-27,203.667
2023-11-28,203.888
2023-11-29,206.1576
2023-11-30,207.5951
2023-12-01,208.7916
2023-12-02,209.8676666666667
2023-12-03,210.9437333333333
2023-12-04,212.0198
2023-12-05,213.3114
2023-12-06,213.6845
2023-12-07,213.8942
2023-12-08,214.6611
2023-12-09,214.8159333333333
2023-12-10,214.9707666666667
2023-12-11,215.1256
2023-12-12,214.3148
2023-12-13,214.5508
2023-12-14,217.5826
2023-12-15,220.0544
2023-12-16,220.0091666666667
2023-12-17,219.9639333333333
2023-12-18,219.9187
2023-12-19,219.5315
2023-12-20,216.2392
2023-12-21,217.3417
2023-12-22,219.1729
2023-12-23,219.28195
2023-12-24,219.391
2023-12-25,219.50005
2023-12-26,219.6091
2023-12-27,221.8159
2023-12-28,221.8813
2023-12-29,222.0093
2023-12-30,221.8789666666667
2023-12-31,221.7486333333333
2024-01-01,221.6183
2024-01-02,219.7982
2024-01-03,218.4991
2024-01-04,220.0541
2024-01-05,220.6639
2024-01-06,220.0173
2024-01-07,219.3707
2024-01-08,218.7241
2024-01-09,219.179
2024-01-10,219.3364
2024-01-11,219.7576
2024-01-12,222.0918
2024-01-13,222.4292333333333
2024-01-14,222.7666666666667
2024-01-15,223.1041
2024-01-16,222.829
2024-01-17,219.2704
2024-01-18,218.604
2024-01-19,220.643
2024-01-20,219.570575
2024-01-21,218.49815
2024-01-22,217.425725
2024-01-23,216.3533
2024-01-24,218.0481
2024-01-25,216.8549
2024-01-26,217.597075
2024-01-27,218.33925
2024-01-28,219.081425
2024-01-29,219.8236
2024-01-30,218.4602
2024-01-31,220.1364
2024-02-01,219.433
2024-02-02,220.4835
2024-02-03,219.9881
2024-02-04,219.4927
2024-02-05,218.9973
2024-02-06,220.7957
2024-02-07,221.1492
2024-02-08,218.9926
2024-02-09,219.5047
2024-02-10,218.9136666666667
2024-02-11,218.3226333333333
2024-02-12,217.7316
2024-02-13,218.2009
2024-02-14,219.2894
2024-02-15,220.0651
2024-02-16,221.4429
2024-02-17,221.3770333333333
2024-02-18,221.3111666666667
2024-02-19,221.2453
2024-02-20,221.8148
2024-02-21,221.0153
2024-02-22,223.7195
2024-02-23,224.0042
2024-02-24,223.7609666666667
2024-02-25,223.5177333333333
2024-02-26,223.2745
2024-02-27,223.8969
2024-02-28,221.4318
2024-02-29,222.1967
2024-03-01,225.1751
2024-03-02,225.2403666666667
2024-03-03,225.3056333333333
2024-03-04,225.3709
2024-03-05,224.5786
2024-03-06,224.9301
2024-03-07,225.4581
2024-03-08,225.2002
2024-03-09,224.9423
2024-03-10,224.6844
2024-03-11,224.4265
2024-03-12,223.6001
2024-03-13,220.0948
2024-03-14,221.996
2024-03-15,220.9129
2024-03-16,220.8998333333333
2024-03-17,220.8867666666667
2024-03-18,220.8737
2024-03-19,218.6666
2024-03-20,218.9194
2024-03-21,221.9084
2024-03-22,222.7642
2024-03-23,222.6408
2024-03-24,222.5174
2024-03-25,222.394
2024-03-26,222.2706
2024-03-27,223.2119
2024-03-28,225.1081
2024-03-29,225.616675
2024-03-30,226.12525
2024-03-31,226.633825
2024-04-01,227.1424
2024-04-02,226.6772
2024-04-03,227.2349
2024-04-04,228.1749
2024-04-05,228.6093
2024-04-06,229.0336333333333
2024-04-07,229.4579666666667
2024-04-08,229.8823
2024-04-09,230.0131
2024-04-10,230.9655
2024-04-11,230.1253
2024-04-12,229.2851
2024-04-13,228.3163333333333
2024-04-14,227.3475666666667
2024-04-15,226.3788
2024-04-16,225.5363
2024-04-17,225.04315
2024-04-18,224.55
2024-04-19,224.8755
2024-04-20,225.5348666666667
2024-04-21,226.1942333333333
2024-04-22,226.8536
2024-04-23,227.7614
2024-04-24,228.9149
2024-04-25,229.6872
2024-04-26,228.5587
2024-04-27,229.3252
2024-04-28,230.0917
2024-04-29,230.8582
2024-04-30,231.5468
2024-05-01,231.76035
2024-05-02,231.9739
2024-05-03,230.7032
2024-05-04,230.8301333333334
2024-05-05,230.9570666666667
2024-05-06,231.084
2024-05-07,229.8578
2024-05-08,229.904
2024-05-09,227.2594
2024-05-10,228.0251
2024-05-11,228.6585666666667
2024-05-12,229.2920333333333
2024-05-13,229.9255
2024-05-14,231.5164
2024-05-15,232.7817
2024-05-16,235.4508
2024-05-17,236.4304
2024-05-18,236.452775
2024-05-19,236.47515
2024-05-20,236.497525
2024-05-21,236.5199
2024-05-22,236.9727
2024-05-23,240.1462
2024-05-24,240.5413
2024-05-25,240.9293
2024-05-26,241.3173
2024-05-27,241.7053
2024-05-28,241.4291
2024-05-29,239.5319
2024-05-30,237.9185
2024-05-31,237.6139
2024-06-01,239.8883333333333
2024-06-02,242.1627666666667
2024-06-03,244.4372
2024-06-04,231.1125
2024-06-05,238.0683
2024-06-06,240.901
2024-06-07,244.3037
2024-06-08,244.3106
2024-06-09,244.3175
2024-06-10,244.3244
2024-06-11,244.9312
2024-06-12,246.1636
2024-06-13,247.5858
2024-06-14,249.109
2024-06-15,249.3508
2024-06-16,249.5926
2024-06-17,249.8344
2024-06-18,250.0762
2024-06-19,249.7236
2024-06-20,250.1751
2024-06-21,249.6744
2024-06-22,250.0633333333333
2024-06-23,250.4522666666666
2024-06-24,250.8412
2024-06-25,252.8208
2024-06-26,253.7899
2024-06-27,255.8585
2024-06-28,254.494
2024-06-29,255.0807333333333
2024-06-30,255.6674666666667
2024-07-01,256.2542
2024-07-02,255.8535
2024-07-03,257.8286
2024-07-04,258.4764
2024-07-05,259.448
2024-07-06,259.1900333333333
2024-07-07,258.9320666666667
2024-07-08,258.6741
2024-07-09,259.5995
2024-07-10,258.395
2024-07-11,257.7639
2024-07-12,258.9091
2024-07-13,259.0595666666667
2024-07-14,259.2100333333333
2024-07-15,259.3605
2024-07-16,259.1791
2024-07-17,259.5049
2024-07-18,259.8307
2024-07-19,257.4113
2024-07-20,257.7141
2024-07-21,258.0169
2024-07-22,258.3197
2024-07-23,257.7104
2024-07-24,257.5239
2024-07-25,256.8311
2024-07-26,260.7153
2024-07-27,261.1194666666667
2024-07-28,261.5236333333334
2024-07-29,261.9278
2024-07-30,262.5594
2024-07-31,263.3428
2024-08-01,263.5899
2024-08-02,260.5339
2024-08-03,257.9836666666667
2024-08-04,255.4334333333333
2024-08-05,252.8832
2024-08-06,251.7094
2024-08-07,255.3678
2024-08-08,253.5728
2024-08-09,255.2301
2024-08-10,255.4681666666667
2024-08-11,255.7062333333333
2024-08-12,255.9443
2024-08-13,253.7874
2024-08-14,253.3683
2024-08-15,255.4639
2024-08-16,257.5595
2024-08-17,257.6071666666667
2024-08-18,257.6548333333333
2024-08-19,257.7025
2024-08-20,259.5576
2024-08-21,260.9409
2024-08-22,261.4548
2024-08-23,261.3989
2024-08-24,261.7608666666667
2024-08-25,262.1228333333333
2024-08-26,262.4848
2024-08-27,263.5278
2024-08-28,263.5389
2024-08-29,263.3292
2024-08-30,264.4824
2024-08-31,264.5146333333333
2024-09-01,264.5468666666666
2024-09-02,264.5791
2024-09-03,264.9203
2024-09-04,264.2104
2024-09-05,264.4204
2024-09-06,261.1495
2024-09-07,261.3023333333333
2024-09-08,261.4551666666667
2024-09-09,261.608
2024-09-10,262.8667
2024-09-11,262.5112
2024-09-12,266.777
2024-09-13,266.8732
2024-09-14,267.0902
2024-09-15,267.3072
2024-09-16,267.5242
2024-09-17,267.7361
2024-09-18,266.7137
2024-09-19,267.1928
2024-09-20,270.5349
2024-09-21,270.7665
2024-09-22,270.9981
2024-09-23,271.2297
2024-09-24,271.3048
2024-09-25,271.4983
2024-09-26,273.1287
2024-09-27,272.0895
2024-09-28,271.2202666666666
2024-09-29,270.3510333333334
2024-09-30,269.4818
2024-10-01,269.5945
2024-10-02,266.7681
2024-10-03,263.9417
2024-10-04,262.7762
2024-10-05,261.8485
2024-10-06,260.9208
2024-10-07,259.9931
2024-10-08,262.5747
2024-10-09,264.5764
2024-10-10,264.9918
2024-10-11,264.9939
2024-10-12,265.5035
2024-10-13,266.0131
2024-10-14,266.5227
2024-10-15,265.9572
2024-10-16,265.1694
2024-10-17,263.6551
2024-10-18,263.8971
2024-10-19,263.3190333333333
2024-10-20,262.7409666666667
2024-10-21,262.1629
2024-10-22,258.8191
2024-10-23,257.7008
2024-10-24,256.9768
2024-10-25,255.5485
2024-10-26,255.6716
2024-10-27,255.7947
2024-10-28,255.9178
2024-10-29,257.5041
2024-10-30,256.1611
2024-10-31,254.4431
2024-11-01,254.142
2024-11-02,253.8409
2024-11-03,253.5398
2024-11-04,253.2387
2024-11-05,255.5252
2024-11-06,259.257
2024-11-07,257.3704
2024-11-08,257.2315
2024-11-09,257.3877333333333
2024-11-10,257.5439666666667
2024-11-11,257.7002
2024-11-12,255.1942
2024-11-13,250.955
2024-11-14,251.2189
2024-11-15,250.877425
2024-11-16,250.53595
2024-11-17,250.194475
2024-11-18,249.853
2024-11-19,250.8811
2024-11-20,250.4772
2024-11-21,250.0733
2024-11-22,255.3041
2024-11-23,256.4850666666667
2024-11-24,257.6660333333333
2024-11-25,258.847
2024-11-26,259.2708
2024-11-27,259.5605
2024-11-28,256.2441
2024-11-29,257.5551
2024-11-30,258.0345666666666
2024-12-01,258.5140333333333
2024-12-02,258.9935
2024-12-03,260.9359
2024-12-04,261.7945
2024-12-05,263.45
2024-12-06,263.4373
2024-12-07,263.3085333333333
2024-12-08,263.1797666666666
2024-12-09,263.051
2024-12-10,263.9172
2024-12-11,264.4565
2024-12-12,263.5294
2024-12-13,264.7103
2024-12-14,264.5666
2024-12-15,264.4229
2024-12-16,264.2792
2024-12-17,261.2326
2024-12-18,259.2052
2024-12-19,256.2784
2024-12-20,252.374
2024-12-21,252.4594
2024-12-22,252.5448
2024-12-23,252.6302
2024-12-24,252.5435
2024-12-25,252.51975
2024-12-26,252.496
2024-12-27,252.4524
2024-12-28,251.7790333333333
2024-12-29,251.1056666666667
2024-12-30,250.4323
2024-12-31,250.5142
2025-01-01,251.7313
2025-01-02,256.2579
2025-01-03,254.7711
2025-01-04,253.6300666666667
2025-01-05,252.4890333333333
2025-01-06,251.348
2025-01-07,251.8148
2025-01-08,250.8942
2025-01-09,249.0599
2025-01-10,247.8651
2025-01-11,246.504
2025-01-12,245.1429
2025-01-13,243.7818
2025-01-14,245.1204
2025-01-15,245.91
2025-01-16,248.1364
2025-01-17,246.1131
2025-01-18,246.4872666666667
2025-01-19,246.8614333333333
2025-01-20,247.2356
2025-01-21,244.011
2025-01-22,245.041
2025-01-23,246.2275
2025-01-24,244.8329
2025-01-25,243.6290333333333
2025-01-26,242.4251666666667
2025-01-27,241.2213
2025-01-28,242.2086
2025-01-29,246.0066
2025-01-30,245.6942
2025-01-31,247.7236
2025-02-01,247.1166666666667
2025-02-02,246.5097333333333
2025-02-03,245.9028
2025-02-04,249.993
2025-02-05,249.7029
2025-02-06,249.0203
2025-02-07,248.0852
2025-02-08,247.4112666666666
2025-02-09,246.7373333333333
2025-02-10,246.0634
2025-02-11,241.9727
2025-02-12,242.0306
2025-02-13,241.5102
2025-02-14,239.708
2025-02-15,239.6934333333333
2025-02-16,239.6788666666667
2025-02-17,239.6643
2025-02-18,239.7323
2025-02-19,240.3615
2025-02-20,240.4043
2025-02-21,239.2525
2025-02-22,238.4146666666667
2025-02-23,237.5768333333333
2025-02-24,236.739
2025-02-25,236.1074
2025-02-26,235.5789
2025-02-27,235.0504
2025-02-28,230.5658
2025-03-01,230.8871666666667
2025-03-02,231.2085333333333
2025-03-03,231.5299
2025-03-04,231.5987
2025-03-05,234.4564
2025-03-06,236.3341
2025-03-07,235.8095
2025-03-08,235.3158
2025-03-09,234.8221
2025-03-10,234.3284
2025-03-11,234.4794
2025-03-12,233.473
2025-03-13,232.6386
2025-03-14,232.9439
2025-03-15,233.2492
2025-03-16,233.5545
2025-03-17,233.8598
2025-03-18,237.721
2025-03-19,238.9063
2025-03-20,240.9418
2025-03-21,242.6207
2025-03-22,243.7154333333333
2025-03-23,244.8101666666667
2025-03-24,245.9049
2025-03-25,245.9769
2025-03-26,244.3021
