date,Vontobel Commodity Fund,iShares Physical Silver,Invesco STOXX Optimized Oil Fund,WisdomTree Crude Oil Fund
2016-04-01,62.84,14.5363,4538.5,6.635
2016-04-04,62.14,14.6888,4500.5,6.5675
2016-04-05,61.9,14.8237,4401.5,6.4275
2016-04-06,62.24,14.7437,4431.5,6.7775
2016-04-07,61.97,15.0037,4335.5,6.6525
2016-04-08,63.21,15.05,4439.5,7.13
2016-04-11,63.93,15.5787,4468.5,7.2825
2016-04-12,64.69,15.8112,4466.5,7.5125
2016-04-13,65.0,15.8875,4705.5,7.48875
2016-04-14,64.63,15.8462,4756.5,7.4975
2016-04-15,64.55,15.8912,4741.5,7.22
2016-04-18,64.46,15.9288,4756.5,7.1625
2016-04-19,65.55,16.6413,4756.5,7.4275
2016-04-20,66.5,16.7537,4856.5,7.44
2016-04-21,66.39,16.7687,4928.5,7.57
2016-04-22,66.21,16.81,4890.5,7.6825
2016-04-25,66.41,16.7062,4778.5,7.56
2016-04-26,67.08,16.7225,4896.5,7.6325
2016-04-27,67.52,16.8487,4896.5,7.7125
2016-04-28,68.11,17.1987,4886.5,7.93
2016-04-29,68.36,17.5325,4781.5,7.895
2016-05-03,67.24,17.0362,4619.5,7.5875
2016-05-04,66.92,17.01,4553.5,7.595
2016-05-06,67.15,17.1763,4514.5,7.80875
2016-05-09,66.03,16.625,4476.5,7.52375
2016-05-10,66.99,16.6963,4530.5,7.69
2016-05-11,68.12,17.0287,4507.5,7.985
2016-05-12,68.18,16.7313,4449.5,7.96625
2016-05-13,67.93,16.7512,4491.5,8.0375
2016-05-17,68.62,16.9638,4472.5,8.36
2016-05-18,68.57,16.7388,4506.5,8.4025
2016-05-19,68.05,16.0737,4498.5,8.1325
2016-05-20,68.23,16.1325,4565.5,8.30875
2016-05-23,67.96,16.0875,4564.5,8.22
2016-05-24,67.83,15.9862,4657.5,8.32375
2016-05-25,68.61,15.9913,4790.5,8.35125
2016-05-26,68.87,16.0263,4773.5,8.47625
2016-05-27,69.01,15.9137,4777.5,8.4275
2016-05-31,68.74,15.67,4724.5,8.52375
2016-06-01,68.8,15.6763,4709.5,8.31875
2016-06-02,69.06,15.6687,4710.5,8.34875
2016-06-03,69.41,16.0487,4645.5,8.2975
2016-06-06,70.21,16.1275,4676.5,8.48
2016-06-07,70.73,16.0487,4695.5,8.5575
2016-06-08,72.14,16.7175,4657.5,8.69
2016-06-09,72.21,16.88,4604.5,8.65375
2016-06-10,71.76,16.8675,4456.5,8.46875
2016-06-13,71.71,17.09,4354.5,8.41125
2016-06-14,71.15,16.9788,4249.5,8.25625
2016-06-15,70.97,17.1425,4302.5,8.2325
2016-06-16,70.2,17.3525,4243.5,7.935
2016-06-17,71.07,16.95,4380.5,8.0925
2016-06-20,71.57,17.1812,4514.5,8.40375
2016-06-21,70.89,16.9425,4556.5,8.3225
2016-06-22,70.53,16.9575,4605.5,8.3525
2016-06-24,69.61,17.4062,4196.0,8.1375
2016-06-27,69.4,17.3563,4001.5,7.8625
2016-06-28,70.45,17.435,4075.5,7.97625
2016-06-29,71.47,17.985,4140.5,8.33875
2016-06-30,71.1,18.1338,4203.5,8.2725
2016-07-01,71.92,19.0675,4258.0,8.18125
2016-07-05,70.56,19.3137,4128.5,7.925
2016-07-06,70.79,19.665,4047.5,7.8725
2016-07-07,69.3,19.2,4095.5,7.87875
2016-07-08,69.88,19.4475,4237.5,7.67
2016-07-11,69.91,19.9487,4314.5,7.67125
2016-07-12,70.86,19.8662,4397.5,7.8525
2016-07-13,70.55,19.8575,4377.5,7.6025
2016-07-14,70.4,19.8425,4433.5,7.73125
2016-07-15,70.12,19.7,4436.5,7.775
2016-07-18,70.06,19.5662,4433.5,7.6375
2016-07-19,69.45,19.505,4436.5,7.6275
2016-07-20,68.86,19.11,4497.5,7.63375
2016-07-21,68.59,19.145,4505.5,7.545
2016-07-22,68.09,19.2488,4503.5,7.3525
2016-07-25,67.57,19.19,4467.5,7.21125
2016-07-26,67.55,19.2225,4462.5,7.15375
2016-07-27,67.17,19.5863,4511.5,7.05
2016-07-28,67.07,19.7875,4428.5,6.90125
2016-07-29,68.03,19.8538,4497.5,6.88
2016-08-01,67.22,20.0912,4443.0,6.72
2016-08-02,67.12,20.1875,4283.5,6.6175
2016-08-03,67.5,20.03,4327.5,6.71
2016-08-04,67.94,19.98,4415.5,6.875
2016-08-05,67.9,19.3288,4508.5,6.87375
2016-08-08,68.26,19.3475,4594.5,7.1375
2016-08-09,68.04,19.4212,4680.5,7.17125
2016-08-10,67.62,19.7925,4723.5,6.99125
2016-08-11,68.19,19.755,4768.5,7.22125
2016-08-12,68.03,19.725,4784.5,7.36375
2016-08-16,69.32,19.495,4751.5,7.69625
2016-08-17,69.62,19.2138,4680.5,7.69
2016-08-18,70.24,19.3312,4666.5,7.9575
2016-08-19,69.83,18.9613,4635.5,7.94375
2016-08-22,69.15,18.5175,4625.5,7.76375
2016-08-23,69.53,18.5212,4730.0,7.84
2016-08-24,68.79,18.195,4783.5,7.60875
2016-08-25,68.68,18.2,4769.5,7.6775
2016-08-26,68.75,18.4662,4803.5,7.81375
2016-08-30,67.75,18.2525,4864.5,7.58375
2016-08-31,66.92,18.28,4940.5,7.345
2016-09-01,66.57,18.4312,4926.5,7.125
2016-09-02,67.37,18.8025,5008.5,7.25125
2016-09-06,68.04,19.3687,4890.5,7.2375
2016-09-07,68.32,19.3713,4937.5,7.35125
2016-09-08,69.09,19.3312,5026.5,7.70875
2016-09-09,68.22,18.975,5039.5,7.59875
2016-09-12,67.64,18.46,4919.5,7.55875
2016-09-13,67.03,18.5613,4884.5,7.32125
2016-09-14,66.82,18.6388,4875.5,7.19875
2016-09-15,67.04,18.6313,4890.5,7.185
2016-09-16,67.11,18.3913,4791.5,7.0625
2016-09-19,67.5,18.845,4854.5,7.1875
2016-09-20,67.71,18.8275,4851.5,7.1125
2016-09-21,68.07,19.35,4930.5,7.26375
2016-09-22,68.75,19.5688,4954.5,7.47875
2016-09-23,67.82,19.3487,4924.5,7.37625
2016-09-26,68.12,19.1987,4829.5,7.38375
2016-09-27,67.82,18.7575,4776.5,7.125
2016-09-28,68.54,18.5837,4804.5,7.22
2016-09-29,68.65,18.73,4847.5,7.6975
2016-09-30,68.92,18.97,4868.5,7.70375
2016-10-03,69.28,18.5438,4923.0,7.76125
2016-10-04,68.85,17.7213,4986.5,7.875
2016-10-05,68.82,17.295,5054.5,8.0025
2016-10-06,68.56,16.895,5120.5,8.0875
2016-10-07,68.39,16.9275,5164.5,8.085
2016-10-10,68.67,17.2188,5187.5,8.25125
2016-10-11,68.14,17.2113,5174.5,8.15375
2016-10-12,67.93,17.0475,5164.5,8.0575
2016-10-13,68.29,17.0713,5070.5,8.0425
2016-10-14,68.36,17.0275,5161.5,8.02
2016-10-17,68.5,17.0562,5159.5,7.97375
2016-10-18,68.7,17.2612,5228.5,8.0125
2016-10-19,69.03,17.3363,5279.5,8.275
2016-10-20,68.45,17.1413,5354.5,8.075
2016-10-21,68.48,17.1175,5379.5,8.065
2016-10-24,68.71,17.18,5459.5,8.01875
2016-10-25,68.61,17.3625,5454.5,8.0025
2016-10-26,68.19,17.3088,5451.5,7.935
2016-10-27,68.62,17.2313,5533.5,7.94125
2016-10-28,68.46,17.2763,5541.5,7.89125
2016-10-31,67.69,17.44,5483.5,7.5275
2016-11-02,66.88,18.295,5286.5,7.20875
2016-11-03,66.8,17.8587,5274.5,7.13
2016-11-04,66.62,18.025,5203.5,7.0225
2016-11-07,67.11,17.7463,5346.5,7.0725
2016-11-08,67.21,18.0462,5396.5,7.16125
2016-11-09,67.33,18.3162,5412.5,7.17625
2016-11-10,67.28,18.1575,5492.5,7.12
2016-11-11,66.07,17.0938,5420.5,6.90875
2016-11-14,66.04,16.4125,5536.5,6.78
2016-11-15,66.81,16.7213,5558.5,7.2225
2016-11-16,66.5,16.5212,5453.5,7.31375
2016-11-17,66.55,16.5888,5448.5,7.2875
2016-11-18,66.65,16.1575,5440.5,7.21
2016-11-21,68.13,16.1987,5386.5,7.57875
2016-11-22,68.55,16.24,5453.5,7.4875
2016-11-23,68.72,15.9762,5420.5,7.545
2016-11-25,68.86,16.1262,5393.0,7.32375
2016-11-28,69.95,16.2663,5300.5,7.4375
2016-11-29,68.51,16.1775,5327.0,7.135
2016-11-30,69.63,16.1162,5372.5,7.685
2016-12-01,70.51,16.1375,5402.5,8.105
2016-12-02,70.73,16.3412,5341.5,8.085
2016-12-05,71.62,16.35,5393.5,8.185
2016-12-06,71.34,16.47,5621.5,7.99375
2016-12-07,70.98,16.7463,5812.5,7.94625
2016-12-08,70.44,16.6675,5914.5,7.9125
2016-12-09,70.78,16.56,5819.5,8.065
2016-12-12,70.74,16.71,5753.5,8.32125
2016-12-13,70.73,16.5263,5841.0,8.275
2016-12-14,70.45,16.775,5782.5,8.1975
2016-12-15,70.0,15.6138,5910.5,7.9425
2016-12-16,70.11,15.8175,5868.5,8.16625
2016-12-19,69.46,15.6763,5806.5,8.15
2016-12-20,69.27,15.3612,5872.5,8.2625
2016-12-21,69.43,15.5887,5877.5,8.195
2016-12-22,69.65,15.5425,5897.5,8.1675
2016-12-23,69.81,15.4137,5903.5,8.09
2016-12-28,70.77,15.6625,5852.5,8.3475
2016-12-29,70.89,15.845,5829.0,8.3325
2016-12-30,70.74,15.8475,5830.5,8.28375
2017-01-03,69.68,16.0812,6022.5,8.2225
2017-01-04,70.39,16.0513,6067.5,8.1425
2017-01-05,70.58,16.2625,6037.5,8.17
2017-01-06,70.7,16.04,6100.0,8.30625
2017-01-09,69.84,16.2975,6077.5,8.09375
2017-01-10,70.09,16.4837,6078.5,7.95
2017-01-11,70.34,16.2913,6041.5,8.02375
2017-01-12,71.46,16.4713,6040.5,8.145
2017-01-13,71.74,16.3475,6161.5,8.08125
2017-01-17,71.76,16.7425,6022.5,8.11375
2017-01-18,71.3,16.86,6005.5,8.03
2017-01-19,71.01,16.55,6008.5,7.91
2017-01-20,71.26,16.615,6052.5,8.09125
2017-01-23,71.45,16.7675,5935.5,8.02375
2017-01-24,71.89,16.7663,6006.5,8.09375
2017-01-25,71.16,16.5075,6140.5,8.07375
2017-01-26,71.14,16.3213,6109.5,8.1725
2017-01-27,70.85,16.7388,6100.5,8.055
2017-01-30,70.36,16.7725,6005.5,7.99
2017-01-31,70.69,17.115,5982.5,8.11
2017-02-01,71.31,17.0238,5993.5,8.125
2017-02-02,71.29,17.1588,6048.5,8.1725
2017-02-03,71.04,17.085,6139.0,8.17
2017-02-06,70.98,17.26,6045.5,8.0925
2017-02-07,70.5,17.34,5952.5,7.89375
2017-02-08,70.93,17.39,5877.5,7.9525
2017-02-09,70.89,17.2925,5936.5,8.00875
2017-02-10,71.91,17.5537,5882.5,8.1825
2017-02-13,71.57,17.4013,5923.5,8.01125
2017-02-14,71.46,17.4375,5975.5,8.075
2017-02-15,71.53,17.5675,6076.0,8.03875
2017-02-16,71.12,17.6712,6042.5,7.9975
2017-02-17,70.77,17.6087,5980.5,8.0
2017-02-21,71.11,17.6125,5911.5,8.19125
2017-02-22,70.86,17.5588,5896.5,8.0075
2017-02-23,70.63,17.6712,5837.5,8.1375
2017-02-24,70.49,17.9387,5782.5,8.0875
2017-02-27,70.53,18.03,5816.5,8.1125
2017-02-28,70.77,18.0125,5862.5,7.99125
2017-03-01,71.04,17.9475,6059.0,8.1075
2017-03-02,70.02,17.8625,6049.5,7.94375
2017-03-03,70.17,17.2675,6149.5,7.9775
2017-03-06,70.12,17.3612,6094.5,7.9925
2017-03-07,69.71,17.105,6096.5,7.9975
2017-03-08,68.57,16.865,6170.5,7.8425
2017-03-09,67.74,16.7025,6247.5,7.3725
2017-03-10,67.37,16.4988,6359.5,7.36625
2017-03-13,67.45,16.5938,6316.5,7.295
2017-03-14,67.1,16.5475,6252.5,7.135
2017-03-15,67.39,16.46,6278.5,7.3125
2017-03-16,67.86,16.9412,6333.5,7.3025
2017-03-17,68.19,16.935,6305.5,7.3275
2017-03-20,68.15,17.0088,6292.5,7.3125
2017-03-21,68.0,17.1125,6265.5,7.19
2017-03-22,68.17,17.15,6213.5,7.08875
2017-03-23,67.93,17.1525,6216.5,7.12125
2017-03-24,68.17,17.32,6231.5,7.11875
2017-03-27,68.0,17.5925,6195.5,7.115
2017-03-28,68.35,17.7875,6289.5,7.22625
2017-03-29,68.75,17.785,6264.5,7.32
2017-03-30,68.75,17.8375,6248.5,7.4925
2017-03-31,68.82,17.7738,6224.5,7.4825
2017-04-03,68.75,17.8162,6148.5,7.4675
2017-04-04,69.15,17.8787,6130.5,7.58
2017-04-05,69.5,17.7987,6143.5,7.60125
2017-04-06,69.45,17.7875,6155.5,7.6675
2017-04-07,69.47,17.915,6153.5,7.7425
2017-04-10,69.74,17.4513,6134.5,7.8775
2017-04-11,70.02,17.8525,6084.5,7.86625
2017-04-12,70.05,17.8838,6041.5,7.92375
2017-04-13,70.32,18.0338,5979.5,7.895
2017-04-18,69.63,17.7838,5848.5,7.8125
2017-04-19,68.77,17.7463,5919.5,7.745
2017-04-20,68.75,17.6187,5973.5,7.525
2017-04-21,68.19,17.4412,5998.5,7.3325
2017-04-24,68.05,17.4713,6340.5,7.28
2017-04-25,68.08,17.2787,6392.0,7.2525
2017-04-26,67.97,17.0238,6384.0,7.38
2017-04-27,67.57,16.8762,6303.5,7.1475
2017-04-28,67.85,16.8213,6327.5,7.26
2017-05-02,67.28,16.4062,6360.0,7.15375
2017-05-03,67.09,16.1213,6401.0,7.015
2017-05-04,65.75,15.9038,6510.0,6.83
2017-05-05,65.95,15.9075,6555.5,6.8625
2017-05-08,66.15,15.8888,6499.0,6.785
2017-05-09,65.7,15.7475,6484.0,6.8
2017-05-10,66.32,15.7975,6492.0,6.9975
2017-05-11,66.44,15.8775,6492.5,7.095
2017-05-12,66.43,16.045,6501.0,7.03
2017-05-15,66.83,16.2987,6572.0,7.2625
2017-05-16,67.06,16.3625,6603.5,7.2275
2017-05-17,67.47,16.4925,6503.0,7.29
2017-05-18,67.38,16.23,6431.0,7.29125
2017-05-19,68.34,16.3925,6511.0,7.43
2017-05-22,68.88,16.7113,6520.5,7.4975
2017-05-23,68.9,16.8263,6570.0,7.525
2017-05-24,68.7,16.6938,6564.0,7.5375
2017-05-26,67.72,16.9412,6593.5,7.2125
2017-05-30,67.49,16.9688,6494.0,7.215
2017-05-31,66.99,16.9412,6480.0,7.0025
2017-06-01,66.76,16.8275,6475.5,7.19
2017-06-02,66.41,17.1475,6491.0,6.9775
2017-06-06,66.16,17.2962,6462.5,6.9425
2017-06-07,65.06,17.2675,6468.5,6.76
2017-06-08,64.91,16.9912,6526.5,6.73
2017-06-09,65.24,16.82,6632.5,6.7375
2017-06-12,64.73,16.5338,6600.0,6.81
2017-06-13,64.83,16.3675,6591.0,6.715
2017-06-14,64.08,16.8037,6527.5,6.5425
2017-06-15,63.83,16.3438,6480.5,6.5275
2017-06-16,64.12,16.2663,6477.0,6.54
2017-06-19,63.56,16.1513,6576.5,6.55375
2017-06-20,63.0,16.0462,6531.0,6.305
2017-06-21,62.82,16.0112,6512.0,6.3275
2017-06-22,62.85,16.1975,6475.0,6.305
2017-06-26,63.15,16.1925,6501.0,6.29
2017-06-27,63.8,16.195,6574.5,6.48
2017-06-28,64.31,16.3862,6622.5,6.505
2017-06-29,64.59,16.2712,6672.0,6.595
2017-06-30,65.79,16.2412,6579.0,6.625
2017-07-03,66.71,15.74,6760.5,6.82
2017-07-05,66.1,15.5775,6750.0,6.6025
2017-07-06,66.01,15.5875,6809.0,6.75
2017-07-07,65.62,15.0925,6816.5,6.45875
2017-07-10,66.29,15.2288,6845.5,6.52
2017-07-11,66.63,15.3813,6843.0,6.505
2017-07-12,66.23,15.5325,6873.5,6.61875
2017-07-13,65.3,15.3775,6896.5,6.73
2017-07-14,66.04,15.5725,6807.0,6.745
2017-07-17,65.94,15.775,6836.0,6.77
2017-07-18,66.21,15.8825,6802.0,6.745
2017-07-19,66.72,15.905,6794.0,6.8425
2017-07-20,66.95,16.01,6866.5,6.825
2017-07-21,66.34,16.055,6810.5,6.71
2017-07-24,66.09,16.105,6808.5,6.72625
2017-07-25,66.38,16.08,6940.5,6.92875
2017-07-26,66.95,16.0325,6934.0,7.035
2017-07-27,67.38,16.2325,6918.0,7.0975
2017-07-28,67.87,16.3237,6892.5,7.20875
2017-07-31,68.24,16.44,6883.0,7.165
2017-08-01,67.43,16.3125,6920.5,7.055
2017-08-02,67.79,16.3525,6881.5,7.1775
2017-08-03,67.45,16.2475,6975.5,7.2325
2017-08-04,67.46,15.865,7046.5,7.1725
2017-08-07,67.64,15.85,7069.0,7.0675
2017-08-08,67.96,15.95,7088.5,7.18
2017-08-09,67.99,16.485,6977.0,7.13125
2017-08-10,66.77,16.725,6885.0,7.1375
2017-08-11,66.62,16.63,6803.0,7.025
2017-08-14,66.17,16.6625,6912.0,7.05375
2017-08-16,65.96,16.455,6975.5,6.8725
2017-08-17,66.0,16.6338,6870.0,6.80625
2017-08-18,66.66,16.6063,6876.5,6.82
2017-08-21,66.26,16.6162,6828.0,6.9425
2017-08-22,66.45,16.605,6866.5,6.93375
2017-08-23,66.74,16.5763,6869.5,6.98875
2017-08-24,66.85,16.5362,6886.5,6.9175
2017-08-25,66.79,16.65,6895.0,6.91125
2017-08-29,67.15,17.1238,6821.5,6.69
2017-08-30,66.95,16.9538,6824.0,6.775
2017-08-31,67.99,17.12,6874.0,6.88
2017-09-01,68.42,17.2125,6847.5,6.8975
2017-09-05,68.44,17.4862,6704.0,7.11125
2017-09-06,68.7,17.5,6668.5,7.1675
2017-09-07,69.17,17.605,6639.0,7.1175
2017-09-08,68.84,17.5625,6662.0,7.025
2017-09-11,68.56,17.4275,6737.5,6.955
2017-09-12,68.29,17.3875,6792.0,7.045
2017-09-13,68.28,17.245,6814.5,7.1325
2017-09-14,68.38,17.265,6736.0,7.2875
2017-09-15,68.57,17.175,6622.5,7.2675
2017-09-18,68.08,16.7763,6689.0,7.17
2017-09-19,67.74,16.8125,6707.0,7.2425
2017-09-20,68.44,16.855,6672.5,7.3175
2017-09-21,68.7,16.5537,6752.0,7.29875
2017-09-22,68.74,16.5225,6774.0,7.30125
2017-09-25,69.23,16.6075,6687.5,7.46
2017-09-26,69.03,16.505,6656.5,7.475
2017-09-27,68.94,16.4,6795.5,7.515
2017-09-28,68.8,16.39,6801.5,7.47
2017-09-29,68.74,16.3988,6871.0,7.42
2017-10-02,68.29,16.23,6878.5,7.23875
2017-10-03,68.38,16.225,6924.5,7.275
2017-10-04,68.18,16.2125,6832.0,7.275
2017-10-05,68.65,16.2612,6935.0,7.34875
2017-10-06,68.31,16.27,6966.5,7.1
2017-10-09,68.32,16.5025,6914.5,7.12125
2017-10-10,68.87,16.735,6891.5,7.32
2017-10-11,68.7,16.6675,6909.5,7.2975
2017-10-12,68.93,16.765,6890.0,7.275
2017-10-13,69.42,16.8825,6800.0,7.395
2017-10-16,69.29,16.965,6778.5,7.45
2017-10-17,68.75,16.5688,6831.5,7.4025
2017-10-18,68.45,16.5275,6864.5,7.4375
2017-10-19,68.3,16.8075,6835.5,7.41875
2017-10-20,68.13,16.585,6891.5,7.3925
2017-10-23,68.21,16.455,6835.5,7.42375
2017-10-24,68.34,16.4975,6925.0,7.465
2017-10-25,68.39,16.5025,6845.0,7.47125
2017-10-26,68.42,16.4463,6852.0,7.495
2017-10-27,68.45,16.3075,6787.0,7.685
2017-10-30,68.54,16.41,6757.0,7.73
2017-10-31,68.35,16.2275,6738.5,7.7625
2017-11-02,68.69,16.6187,6833.0,7.775
2017-11-03,68.99,16.385,6733.5,7.8725
2017-11-06,70.25,16.6825,6682.0,8.135
2017-11-07,70.09,16.5163,6677.5,8.1725
2017-11-08,70.18,16.785,6681.5,8.155
2017-11-09,70.04,16.5375,6689.0,8.2
2017-11-10,69.99,16.4275,6666.5,8.19
2017-11-13,69.93,16.5837,6664.0,8.145
2017-11-14,69.28,16.5938,6656.5,7.92
2017-11-15,69.11,16.5713,6671.5,7.925
2017-11-16,68.98,16.63,6661.0,7.9275
2017-11-17,69.97,16.6725,6622.0,8.0575
2017-11-20,69.41,16.53,6591.5,7.995
2017-11-21,69.59,16.595,6588.0,8.085
2017-11-22,70.01,16.6975,6608.5,8.2325
2017-11-24,70.14,16.5788,6682.5,8.3625
2017-11-27,69.87,16.655,6627.0,8.2375
2017-11-28,69.78,16.415,6674.0,8.265
2017-11-29,69.68,16.2075,6678.5,8.21
2017-11-30,69.22,15.94,6638.5,8.175
2017-12-01,69.9,16.125,6551.0,8.33
2017-12-04,69.23,15.85,6619.5,8.215
2017-12-05,69.04,15.645,6589.5,8.2
2017-12-06,68.43,15.52,6530.0,8.0275
2017-12-07,68.14,15.3875,6572.5,8.0425
2017-12-08,68.3,15.3975,6732.0,8.175
2017-12-11,68.68,15.3588,6774.0,8.2275
2017-12-12,68.11,15.2525,6794.0,8.18875
2017-12-13,67.85,15.355,6785.0,8.08625
2017-12-14,67.93,15.4575,6713.5,8.11125
2017-12-15,68.01,15.5938,6713.0,8.1625
2017-12-18,68.44,15.73,6773.5,8.19125
2017-12-19,68.42,15.6775,6794.0,8.17375
2017-12-20,68.51,15.7925,6761.5,8.2775
2017-12-21,68.71,15.7662,6842.0,8.2975
2017-12-22,68.85,15.7837,6772.5,8.26875
2017-12-27,70.09,16.27,6765.0,8.485
2017-12-28,70.45,16.395,6750.5,8.4825
2017-12-29,70.82,16.4312,6730.5,8.57
2018-01-02,71.25,16.7225,6720.5,8.585
2018-01-03,71.53,16.74,6751.5,8.73625
2018-01-04,71.66,16.775,6873.0,8.8175
2018-01-05,71.13,16.785,6831.0,8.7275
2018-01-08,71.13,16.65,6827.5,8.7625
2018-01-09,71.43,16.525,6863.5,8.8875
2018-01-10,71.78,16.555,7024.0,9.02625
2018-01-11,72.24,16.5487,7078.0,9.175
2018-01-12,72.31,16.6625,7067.5,9.06
2018-01-16,72.15,16.675,7050.5,9.095
2018-01-17,72.25,16.645,7012.5,9.0875
2018-01-18,72.19,16.59,7004.5,9.12
2018-01-19,72.08,16.5675,7043.5,8.9925
2018-01-22,72.36,16.5725,7093.5,9.125
2018-01-23,72.37,16.495,7094.0,9.1875
2018-01-24,73.24,16.9487,7033.0,9.26375
2018-01-25,73.33,17.1075,7053.0,9.405
2018-01-26,73.47,16.955,7100.0,9.43375
2018-01-29,73.18,16.685,7108.0,9.2975
2018-01-30,72.77,16.6963,7005.0,9.1625
2018-01-31,72.75,16.7875,6961.0,9.1675
2018-02-01,73.23,16.675,6951.0,9.2975
2018-02-02,72.73,16.2325,6911.0,9.23
2018-02-05,72.29,16.3538,6857.0,9.29
2018-02-06,71.75,16.2162,6682.0,9.0825
2018-02-07,70.76,16.0088,6798.0,8.85625
2018-02-08,70.54,15.945,6677.5,8.675
2018-02-09,69.72,15.825,6624.5,8.5175
2018-02-12,69.94,16.1012,6720.5,8.5325
2018-02-13,70.47,16.11,6664.5,8.385
2018-02-14,71.45,16.3525,6745.5,8.4975
2018-02-15,71.8,16.265,6761.0,8.62
2018-02-16,72.33,16.3275,6813.5,8.78875
2018-02-20,72.42,16.0775,6773.5,8.855
2018-02-21,72.21,16.18,6816.0,8.8375
2018-02-22,72.59,16.19,6825.0,9.0075
2018-02-23,73.03,16.095,6760.0,9.08875
2018-02-26,73.46,16.1625,6792.0,9.1875
2018-02-27,73.11,15.9513,6812.0,9.0925
2018-02-28,72.29,16.0225,6802.0,8.88625
2018-03-01,71.73,15.8275,6748.5,8.735
2018-03-02,71.82,16.0212,6634.0,8.725
2018-03-05,72.45,15.99,6612.0,8.95625
2018-03-06,72.56,16.3675,6659.0,8.935
2018-03-07,71.78,16.0175,6676.5,8.90625
2018-03-08,71.64,16.0375,6712.0,8.6875
2018-03-09,72.36,16.1887,6680.0,8.89125
2018-03-12,72.14,16.0338,6690.5,8.8
2018-03-13,72.3,16.1175,6633.5,8.71125
2018-03-14,72.2,16.0825,6585.0,8.75
2018-03-15,72.19,15.9762,6594.5,8.82
2018-03-16,72.48,15.835,6637.5,8.9625
2018-03-19,72.11,15.8775,6545.0,8.9425
2018-03-20,72.44,15.7275,6575.0,9.13125
2018-03-21,73.74,15.9775,6470.5,9.38
2018-03-22,73.5,15.9388,6314.0,9.285
2018-03-23,74.31,16.1213,6258.0,9.425
2018-03-26,74.18,16.29,6224.5,9.425
2018-03-27,74.04,16.055,6282.0,9.3975
2018-03-28,73.72,15.84,6266.0,9.2875
2018-03-29,73.99,15.8575,6324.0,9.33
2018-04-03,73.49,15.9575,6241.5,9.14125
2018-04-04,72.92,15.8225,6208.5,9.0825
2018-04-05,73.33,15.8938,6364.0,9.135
2018-04-06,72.67,15.9275,6276.5,8.97
2018-04-09,73.53,16.0025,6308.5,9.1125
2018-04-10,74.62,16.1087,6338.0,9.3775
2018-04-11,75.38,16.4037,6297.5,9.6325
2018-04-12,74.69,16.05,6318.5,9.55
2018-04-13,74.91,16.205,6319.0,9.7
2018-04-16,74.83,16.2575,6307.0,9.55125
2018-04-17,74.96,16.31,6345.0,9.5325
2018-04-18,76.28,16.745,6396.5,9.81125
2018-04-19,76.3,16.74,6440.5,9.9725
2018-04-20,76.18,16.725,6494.0,9.81
2018-04-23,75.84,16.2162,6562.5,9.805
2018-04-24,75.23,16.2575,6539.5,9.93875
2018-04-25,75.28,16.09,6474.5,9.7875
2018-04-26,75.51,16.02,6456.5,9.8075
2018-04-27,75.53,16.0163,6507.0,9.8075
2018-04-30,75.57,15.84,6497.0,9.835
2018-05-02,74.9,15.9725,6540.5,9.6925
2018-05-03,74.97,15.97,6466.5,9.7775
2018-05-04,75.7,15.9613,6491.5,9.9725
2018-05-08,75.03,15.875,6473.0,9.86875
2018-05-09,76.45,16.075,6521.5,10.26
2018-05-11,76.49,16.265,6631.0,10.295
2018-05-14,76.62,16.1863,6588.0,10.265
2018-05-15,76.43,15.8337,6589.0,10.26
2018-05-16,76.32,15.8488,6458.0,10.305
2018-05-17,76.47,16.03,6456.0,10.445
2018-05-18,76.16,15.9788,6400.0,10.335
2018-05-22,77.05,16.1075,6527.0,10.53
2018-05-23,77.02,15.9487,6423.5,10.35
2018-05-24,76.32,16.165,6345.0,10.28
2018-05-25,75.71,16.0737,6286.0,9.8525
2018-05-29,75.38,15.9513,5997.0,9.6375
2018-05-30,75.54,16.01,6029.5,9.8775
2018-05-31,75.26,16.0325,5992.5,9.75
2018-06-01,74.76,16.01,6081.5,9.60125
2018-06-04,74.01,15.98,6132.5,9.35875
2018-06-05,74.25,16.0375,5995.0,9.415
2018-06-06,74.13,16.2288,6062.5,9.37
2018-06-07,74.87,16.4062,6098.0,9.5275
2018-06-08,74.51,16.265,6027.5,9.5025
2018-06-11,74.05,16.445,6186.5,9.56125
2018-06-12,74.5,16.4487,6173.5,9.61625
2018-06-13,74.38,16.5075,6149.5,9.62625
2018-06-14,73.53,16.7563,6132.5,9.5875
2018-06-15,71.71,16.1763,6015.5,9.35
2018-06-18,71.61,16.0238,5999.5,9.42625
2018-06-19,70.71,15.8888,6024.0,9.37125
2018-06-20,70.66,15.845,6058.5,9.525
2018-06-21,70.01,15.82,5952.5,9.4525
2018-06-22,71.16,15.9475,6042.5,9.765
2018-06-25,70.31,15.8638,5936.0,9.78375
2018-06-26,70.75,15.8212,5938.0,9.90625
2018-06-27,71.46,15.7075,5917.5,10.3575
2018-06-28,71.34,15.5225,5943.5,10.475
2018-06-29,72.1,15.66,5992.0,10.585
2018-07-02,71.26,15.4175,5927.0,10.43
2018-07-03,71.36,15.565,5977.0,10.2925
2018-07-05,71.04,15.6225,6052.5,10.415
2018-07-06,72.0,15.5275,6051.5,10.3525
2018-07-09,71.93,15.66,6114.0,10.44
2018-07-10,72.1,15.61,6049.5,10.56
2018-07-11,69.54,15.3825,5979.0,10.355
2018-07-12,70.03,15.52,5974.0,9.995
2018-07-13,70.4,15.3862,5965.0,10.195
2018-07-16,68.75,15.31,5999.5,9.85375
2018-07-17,68.84,15.1587,6006.5,9.7325
2018-07-18,68.89,15.045,6026.5,9.75625
2018-07-19,68.86,14.8325,6020.5,9.955
2018-07-20,69.31,15.035,6029.0,9.9325
2018-07-23,69.77,14.9325,6060.5,9.9975
2018-07-24,69.91,15.0725,6179.0,10.035
2018-07-25,71.15,15.1012,6124.0,10.07
2018-07-26,71.69,15.0325,6171.0,10.155
2018-07-27,71.24,15.065,6222.0,10.105
2018-07-30,71.94,15.0625,6253.0,10.205
2018-07-31,71.92,15.0837,6318.0,10.04
2018-08-01,70.64,14.9725,6237.0,9.8475
2018-08-02,70.79,14.9475,6138.5,10.035
2018-08-03,70.72,15.0988,6175.0,10.01
2018-08-06,71.06,14.9038,6162.5,10.155
2018-08-07,71.28,14.9362,6217.0,10.0775
2018-08-08,70.38,14.9213,6237.5,9.7275
2018-08-09,70.01,15.0075,6225.0,9.77
2018-08-10,69.7,14.925,6056.5,9.865
2018-08-13,69.12,14.6475,6001.0,9.79
2018-08-14,69.17,14.6425,5956.5,9.7975
2018-08-16,68.34,14.3787,5950.0,9.5775
2018-08-17,68.2,14.27,5916.5,9.63625
2018-08-20,68.47,14.2487,5935.0,9.6075
2018-08-21,68.46,14.3175,5978.5,9.72375
2018-08-22,69.3,14.3062,5999.0,9.93875
2018-08-23,69.29,14.1625,5986.5,9.9775
2018-08-24,69.81,14.4175,6006.5,10.1825
2018-08-28,69.64,14.445,6032.5,10.16
2018-08-29,70.39,14.2887,5979.5,10.21
2018-08-30,70.32,14.1375,5899.5,10.28
2018-08-31,70.48,14.1012,5833.5,10.32
2018-09-04,70.21,13.6825,5941.5,10.34
2018-09-05,69.24,13.7925,5968.0,10.16
2018-09-06,68.58,13.755,5896.5,9.98875
2018-09-07,68.75,13.8125,5810.0,10.005
2018-09-10,69.23,13.7725,5859.5,10.045
2018-09-11,69.43,13.6488,5829.5,10.185
2018-09-12,69.64,13.835,5819.5,10.455
2018-09-13,68.66,13.8075,5857.5,10.135
2018-09-14,68.56,13.7338,5869.5,10.215
2018-09-17,68.33,13.7975,5901.5,10.2175
2018-09-18,68.14,13.7537,5895.5,10.315
2018-09-19,68.87,13.8663,5972.5,10.4475
2018-09-20,68.6,13.8138,6063.0,10.47
2018-09-21,68.85,13.905,6145.5,10.42
2018-09-24,69.33,13.9388,6093.0,10.705
2018-09-25,69.27,14.1075,6104.0,10.735
2018-09-26,69.03,13.9487,6089.0,10.655
2018-09-27,68.63,13.8138,6079.5,10.685
2018-09-28,68.96,14.255,5917.5,10.86
2018-10-01,69.92,13.9888,5843.5,11.03
2018-10-02,70.4,14.405,5809.0,11.165
2018-10-03,70.64,14.2375,5801.5,11.145
2018-10-04,69.88,14.2025,5800.5,11.21
2018-10-05,69.86,14.1938,5714.0,11.09
2018-10-08,69.39,13.8562,5630.0,10.975
2018-10-09,69.97,13.9625,5619.5,11.115
2018-10-10,69.64,13.86,5631.5,10.89
2018-10-11,68.99,14.1112,5512.0,10.595
2018-10-12,69.07,14.1763,5510.0,10.61
2018-10-15,69.33,14.285,5525.5,10.595
2018-10-16,69.37,14.2987,5540.0,10.625
2018-10-17,69.11,14.2625,5511.5,10.405
2018-10-18,68.2,14.1725,5417.0,10.325
2018-10-19,68.14,14.18,5415.5,10.36
2018-10-22,68.0,14.11,5390.5,10.34
2018-10-23,67.22,14.33,5339.0,10.04
2018-10-24,66.46,14.2463,5256.0,10.025
2018-10-25,66.4,14.2037,5338.5,10.06
2018-10-26,66.74,14.3075,5248.0,10.055
2018-10-29,66.23,14.1575,5373.0,10.0275
2018-10-30,65.35,14.03,5382.0,9.92375
2018-10-31,64.98,13.8663,5409.5,9.90125
2018-11-02,65.1,14.3363,5496.0,9.44125
2018-11-05,65.58,14.2075,5456.5,9.48
2018-11-06,65.34,14.1237,5412.0,9.215
2018-11-07,65.31,14.1763,5475.0,9.185
2018-11-08,64.68,14.02,5501.5,9.155
2018-11-09,63.96,13.7188,5461.5,8.9725
2018-11-12,64.29,13.6237,5394.5,9.0925
2018-11-13,64.81,13.645,5436.0,8.535
2018-11-14,67.72,13.63,5408.5,8.4875
2018-11-15,65.4,13.8112,5408.0,8.5425
2018-11-16,66.14,13.9325,5373.0,8.5225
2018-11-19,67.13,13.99,5387.0,8.4225
2018-11-20,65.09,13.8912,5247.0,8.07
2018-11-21,65.17,14.1062,5356.0,8.16125
2018-11-23,63.05,13.875,5311.5,7.635
2018-11-26,63.05,13.85,5444.5,7.72
2018-11-27,62.47,13.7163,5436.5,7.7125
2018-11-28,63.23,13.7537,5423.0,7.695
2018-11-29,63.0,13.8938,5444.0,7.6925
2018-11-30,62.65,13.685,5361.5,7.5725
2018-12-03,63.6,14.0612,5483.5,7.8125
2018-12-04,64.0,14.155,5392.5,7.8775
2018-12-06,62.54,13.9925,5136.5,7.49
2018-12-07,63.73,14.1425,5193.5,7.9975
2018-12-10,62.87,14.1362,5123.0,7.685
2018-12-11,62.86,14.1287,5140.0,7.79
2018-12-12,62.68,14.3038,5242.0,7.8275
2018-12-13,62.98,14.3175,5250.5,7.72
2018-12-14,62.38,14.1575,5222.0,7.66
2018-12-17,61.96,14.1912,5162.5,7.5075
2018-12-18,60.67,14.2163,5144.5,7.08
2018-12-19,60.93,14.3337,5172.0,7.135
2018-12-20,59.71,14.285,5042.5,6.84
2018-12-21,59.23,14.2463,5001.0,6.87125
2018-12-24,58.02,14.2463,4937.25,6.71125
2018-12-27,58.45,14.7413,4909.5,6.7125
2018-12-28,58.28,14.8225,5011.0,6.7225
2018-12-31,58.32,14.9913,5017.5,6.9025
2019-01-02,58.66,15.1337,5019.5,6.995
2019-01-03,59.21,15.2,5022.5,6.8825
2019-01-04,59.97,15.2338,5173.5,7.1625
2019-01-07,60.47,15.1862,5188.5,7.35875
2019-01-08,60.95,15.15,5227.0,7.3425
2019-01-09,62.18,15.1613,5236.5,7.7325
2019-01-10,62.14,15.1575,5257.0,7.78
2019-01-11,61.76,15.1587,5231.5,7.7325
2019-01-14,61.29,15.1475,5212.0,7.6725
2019-01-15,60.88,15.0863,5219.0,7.6925
2019-01-16,61.66,15.1213,5309.0,7.75875
2019-01-17,61.81,15.0275,5227.5,7.705
2019-01-18,62.42,14.925,5339.0,7.9725
2019-01-22,62.03,14.8387,5251.0,7.765
2019-01-23,62.15,14.8763,5236.0,7.79375
2019-01-24,62.15,14.8562,5227.0,7.835
2019-01-25,62.61,15.2037,5282.5,7.92375
2019-01-28,61.65,15.25,5210.5,7.6275
2019-01-29,62.33,15.3725,5209.5,7.91125
2019-01-30,62.61,15.4462,5255.0,8.07875
2019-01-31,62.42,15.5813,5148.0,8.19
2019-02-01,62.96,15.495,5156.5,8.10875
2019-02-04,63.1,15.4113,5105.5,8.03875
2019-02-05,62.8,15.3675,5221.0,8.015
2019-02-06,63.06,15.2513,5258.0,8.03
2019-02-07,62.43,15.2075,5134.5,7.7375
2019-02-08,62.5,15.2738,5086.5,7.8025
2019-02-11,61.88,15.2338,5152.0,7.66625
2019-02-12,62.29,15.1987,5205.0,7.905
2019-02-13,63.11,15.2225,5209.5,8.04125
2019-02-14,63.42,15.0775,5177.0,7.9975
2019-02-15,64.72,15.1438,5282.5,8.2325
2019-02-19,64.77,15.4487,5223.0,8.25875
2019-02-20,65.42,15.6425,5240.0,8.4225
2019-02-21,65.54,15.395,5152.5,8.3975
2019-02-22,65.82,15.4288,5165.0,8.4475
2019-02-25,64.63,15.4075,5230.5,8.1525
2019-02-26,65.06,15.3925,5196.0,8.215
2019-02-27,65.34,15.2375,5252.5,8.4325
2019-02-28,65.32,15.1737,5320.5,8.4075
2019-03-01,64.83,14.8538,5318.5,8.26
2019-03-04,64.66,14.63,5308.0,8.315
2019-03-05,64.88,14.6488,5294.5,8.3175
2019-03-06,64.77,14.5813,5308.5,8.2325
2019-03-07,64.32,14.5638,5181.5,8.3175
2019-03-08,63.78,14.8837,5149.0,8.13
2019-03-11,64.09,14.7937,5188.5,8.2825
2019-03-12,64.69,14.9087,5217.0,8.37
2019-03-13,64.97,14.9688,5216.0,8.49
2019-03-14,64.58,14.7125,5244.0,8.595
2019-03-15,64.95,14.8387,5283.5,8.57
2019-03-18,65.01,14.8787,5378.5,8.6625
2019-03-19,65.22,14.9225,5388.5,8.655
2019-03-20,65.87,14.8413,5343.5,8.7525
2019-03-21,65.93,14.9038,5329.5,8.76
2019-03-22,65.29,14.9175,5116.0,8.5575
2019-03-25,65.56,15.0763,5127.5,8.6225
2019-03-26,65.56,14.945,5092.0,8.75
2019-03-27,65.04,14.82,5117.5,8.7
2019-03-28,64.3,14.5487,5073.0,8.6075
2019-03-29,64.49,14.69,5114.5,8.7875
2019-04-01,64.92,14.6713,5207.5,8.9325
2019-04-02,65.22,14.6075,5268.5,9.105
2019-04-03,65.59,14.6425,5337.0,9.09
2019-04-04,65.69,14.5938,5381.5,9.1275
2019-04-05,65.95,14.6737,5382.0,9.1475
2019-04-08,66.41,14.7425,5358.0,9.36
2019-04-09,66.07,14.805,5383.5,9.34875
2019-04-10,66.7,14.7788,5341.0,9.395
2019-04-11,66.15,14.565,5423.5,9.3275
2019-04-12,66.65,14.57,5532.5,9.4125
2019-04-15,66.4,14.4875,5554.0,9.26
2019-04-16,66.36,14.4975,5621.0,9.3225
2019-04-17,66.68,14.5125,5667.0,9.39125
2019-04-18,66.63,14.53,5654.5,9.34
2019-04-23,67.16,14.3025,5612.5,9.685
2019-04-24,66.85,14.495,5538.5,9.63
2019-04-25,66.22,14.5025,5494.0,9.6325
2019-04-26,65.05,14.5712,5516.0,9.2125
2019-04-29,64.73,14.4388,5577.5,9.22875
2019-04-30,64.9,14.4525,5511.0,9.3625
2019-05-02,63.56,14.1587,5498.5,8.995
2019-05-03,63.96,14.4762,5473.5,9.145
2019-05-07,62.73,14.4237,5312.5,8.9925
2019-05-08,62.62,14.3938,5334.0,9.1225
2019-05-10,62.12,14.3038,5248.5,9.07
2019-05-13,61.58,14.305,5175.5,9.07875
2019-05-14,62.19,14.3438,5221.5,9.0825
2019-05-15,62.7,14.3188,5229.5,9.14
2019-05-16,63.37,14.1263,5314.0,9.2975
2019-05-17,62.96,13.945,5271.5,9.28125
2019-05-20,62.9,14.0013,5203.5,9.26875
2019-05-21,62.88,13.985,5228.5,9.245
2019-05-22,62.26,14.0138,5209.0,9.03875
2019-05-23,60.61,14.1687,5130.0,8.52875
2019-05-24,61.16,14.12,5170.5,8.495
2019-05-28,62.45,13.8525,5129.0,8.605
2019-05-29,61.84,13.9525,5091.0,8.4025
2019-05-31,60.19,14.1213,5059.5,8.105
2019-06-03,59.89,14.29,5057.0,7.805
2019-06-04,60.02,14.2612,5159.0,7.8325
2019-06-05,59.14,14.3538,5120.0,7.525
2019-06-06,59.51,14.4163,5088.0,7.56
2019-06-07,59.68,14.5813,5106.0,7.8475
2019-06-11,59.57,14.2937,5177.0,7.86375
2019-06-12,58.83,14.33,5119.5,7.6025
2019-06-13,59.53,14.4137,5115.0,7.7175
2019-06-14,59.63,14.4438,5085.5,7.73
2019-06-17,59.5,14.3862,5125.5,7.67
2019-06-18,60.1,14.5662,5177.5,7.8925
2019-06-19,59.62,14.4862,5218.0,7.8475
2019-06-20,61.13,14.92,5168.0,8.2975
2019-06-21,60.84,14.8038,5135.5,8.39
2019-06-24,60.6,14.9525,5130.0,8.2875
2019-06-25,60.48,14.935,5104.0,8.47375
2019-06-26,60.99,14.815,5162.5,8.6525
2019-06-27,60.76,14.7063,5197.0,8.6425
2019-06-28,60.24,14.7937,5214.5,8.64875
2019-07-01,59.91,14.7338,5245.0,8.5775
2019-07-02,58.73,14.7087,5269.0,8.29
2019-07-03,59.38,14.8175,5345.0,8.2425
2019-07-05,58.92,14.5087,5415.5,8.335
2019-07-08,58.95,14.5675,5367.0,8.4575
2019-07-09,59.09,14.5875,5342.0,8.4125
2019-07-10,60.55,14.6663,5360.0,8.7075
2019-07-11,60.37,14.6912,5362.5,8.855
2019-07-12,60.63,14.6713,5369.5,8.8075
2019-07-15,60.47,14.83,5394.0,8.7775
2019-07-16,59.7,15.1587,5448.0,8.6925
2019-07-17,59.59,15.4012,5360.0,8.335
2019-07-18,58.98,15.6175,5319.0,8.05
2019-07-19,59.43,15.6225,5256.0,8.0625
2019-07-22,59.4,15.85,5244.0,8.1925
2019-07-23,59.71,15.9,5337.5,8.175
2019-07-24,59.82,16.0438,5277.5,8.295
2019-07-25,59.4,15.96,5276.0,8.225
2019-07-26,59.64,15.8775,5259.5,8.1725
2019-07-29,59.91,15.8525,5302.0,8.1925
2019-07-30,60.03,15.975,5204.5,8.3375
2019-07-31,59.68,15.8775,5153.0,8.5125
2019-08-01,57.43,15.6125,5180.5,8.265
2019-08-02,57.94,15.7225,5063.5,8.06
2019-08-05,57.54,15.7925,4986.75,8.065
2019-08-06,57.05,15.9325,4953.25,7.95
2019-08-07,56.59,16.5425,4917.75,7.39125
2019-08-08,57.11,16.395,4989.0,7.6925
2019-08-09,57.87,16.4888,4931.0,7.91
2019-08-12,57.73,16.495,4856.5,7.91
2019-08-13,58.39,16.46,4889.75,8.29375
2019-08-14,57.64,16.6912,4740.25,7.93625
2019-08-16,56.71,16.5475,4800.0,7.97
2019-08-19,56.89,16.41,4835.0,8.1
2019-08-20,57.17,16.5425,4771.5,8.1125
2019-08-21,57.37,16.5625,4798.5,8.2075
2019-08-22,57.08,16.5475,4796.0,8.085
2019-08-23,56.72,16.8388,4756.5,7.8625
2019-08-27,57.27,17.515,4739.75,7.86625
2019-08-28,57.82,17.6863,4747.75,8.195
2019-08-29,57.68,17.875,4808.25,8.25
2019-08-30,57.42,17.785,4794.25,8.0275
2019-09-03,57.3,18.44,4794.0,7.795
2019-09-04,58.16,18.7075,4841.0,8.1875
2019-09-05,57.76,18.1975,4920.0,8.4025
2019-09-06,57.08,18.1125,4943.5,8.1575
2019-09-09,57.13,17.4088,5045.0,8.5
2019-09-10,57.31,17.53,5154.5,8.5575
2019-09-11,56.81,17.4963,5153.0,8.3675
2019-09-12,56.74,17.5387,5186.5,8.015
2019-09-13,56.27,17.1825,5302.5,8.0275
2019-09-16,58.62,17.3337,5226.0,8.925
2019-09-17,57.32,17.3775,5118.0,8.7275
2019-09-18,56.99,17.36,5102.0,8.5375
2019-09-19,57.64,17.1763,5183.5,8.5675
2019-09-20,57.72,17.2038,5185.5,8.63
2019-09-23,58.27,17.9688,5106.0,8.535
2019-09-24,57.93,17.9275,5062.0,8.4725
2019-09-25,57.42,17.67,5062.0,8.265
2019-09-26,57.53,17.3225,5076.0,8.1975
2019-09-27,57.42,16.8175,5138.0,8.27125
2019-09-30,57.06,16.4487,5159.0,8.08875
2019-10-01,57.4,16.6912,5108.5,7.9125
2019-10-02,57.43,16.9925,4936.5,7.67
2019-10-03,56.98,17.0413,4884.0,7.6175
2019-10-04,57.22,16.9237,4906.25,7.7825
2019-10-07,57.53,16.94,4944.75,7.9
2019-10-08,57.33,17.11,4914.0,7.67
2019-10-09,57.79,17.1675,4922.5,7.8625
2019-10-10,58.15,16.9837,5026.0,7.7875
2019-10-11,58.5,16.8975,5137.5,8.02
2019-10-15,57.7,16.8438,5197.5,7.865
2019-10-16,57.91,16.805,5219.0,7.87125
2019-10-17,57.91,16.9688,5224.0,7.7975
2019-10-18,57.73,16.995,5209.0,7.9325
2019-10-21,58.05,16.98,5275.0,7.8575
2019-10-22,58.22,16.9037,5281.0,8.035
2019-10-23,58.67,16.9725,5292.0,8.1125
2019-10-24,58.94,17.1763,5300.0,8.2825
2019-10-25,58.84,17.5338,5316.0,8.2975
2019-10-28,58.42,17.2313,5303.5,8.2225
2019-10-29,58.12,17.235,5276.5,8.2275
2019-10-30,57.66,17.2738,5184.5,8.0475
2019-10-31,57.28,17.445,5147.0,7.97
2019-11-04,57.85,17.3875,5294.0,8.44
2019-11-05,57.66,17.0012,5343.5,8.41
2019-11-06,57.09,17.0125,5334.0,8.375
2019-11-07,57.49,16.5125,5423.5,8.45
2019-11-08,57.17,16.3738,5364.0,8.3575
2019-11-12,57.14,16.1737,5382.5,8.4
2019-11-13,57.02,16.3312,5272.0,8.4175
2019-11-14,56.96,16.4788,5235.0,8.415
2019-11-15,57.11,16.375,5255.5,8.52
2019-11-18,56.81,16.4525,5224.0,8.3625
2019-11-19,56.54,16.52,5248.5,8.2175
2019-11-20,56.77,16.5138,5229.5,8.4
2019-11-21,56.98,16.565,5228.0,8.5325
2019-11-22,56.56,16.4675,5288.0,8.4925
2019-11-25,57.07,16.3687,5295.5,8.4925
2019-11-26,57.58,16.5025,5293.0,8.5425
2019-11-27,57.49,16.3775,5297.5,8.4825
2019-11-29,56.86,16.4062,5228.0,8.2
2019-12-02,56.62,16.3675,5187.5,8.2575
2019-12-03,56.25,16.6,5092.0,8.2425
2019-12-04,57.42,16.2738,5138.0,8.565
2019-12-05,57.53,16.3813,5133.0,8.65
2019-12-06,58.26,15.99,5179.5,8.715
2019-12-09,58.62,16.0338,5179.5,8.695
2019-12-10,58.93,16.0688,5163.5,8.725
2019-12-11,58.79,16.2675,5171.5,8.5975
2019-12-12,59.22,16.2725,5318.0,8.715
2019-12-13,59.7,16.3563,5307.5,8.8025
2019-12-16,60.3,16.4137,5429.5,8.875
2019-12-17,60.67,16.445,5468.5,8.9375
2019-12-18,60.61,16.4125,5498.5,8.97
2019-12-19,60.95,16.4575,5523.5,9.04
2019-12-20,60.29,16.5525,5498.0,8.915
2019-12-23,60.79,16.8113,5516.0,8.945
2019-12-27,61.7,17.3538,5476.5,9.1325
2019-12-30,62.08,17.325,5468.5,9.03
2019-12-31,61.68,17.4425,5435.5,9.0025
2020-01-02,61.98,17.3587,5557.0,8.975
2020-01-03,62.41,17.4875,5506.5,9.2525
2020-01-06,62.86,17.475,5448.5,9.33375
2020-01-07,62.69,17.6112,5480.5,9.2375
2020-01-08,62.03,17.5825,5494.0,8.99
2020-01-09,61.86,17.2838,5508.0,8.815
2020-01-10,61.84,17.515,5465.5,8.815
2020-01-13,61.64,17.405,5463.0,8.64
2020-01-14,61.94,17.18,5454.5,8.6575
2020-01-15,62.06,17.3337,5383.5,8.565
2020-01-16,61.94,17.32,5378.0,8.725
2020-01-17,62.53,17.3687,5402.0,8.6875
2020-01-21,62.21,17.2162,5324.0,8.655
2020-01-22,61.95,17.2125,5267.0,8.47
2020-01-23,61.02,17.2237,5220.5,8.24
2020-01-24,60.08,17.44,5246.5,8.02
2020-01-27,58.52,17.5725,5138.5,7.8175
2020-01-28,58.64,16.9575,5227.0,7.96
2020-01-29,58.34,16.8438,5255.0,7.8925
2020-01-30,57.56,17.3713,5190.0,7.76
2020-01-31,57.13,17.47,5112.0,7.64625
2020-02-03,56.66,17.045,5174.0,7.4675
2020-02-04,56.53,16.9675,5252.0,7.49
2020-02-05,57.18,17.0238,5348.5,7.645
2020-02-06,57.3,17.1963,5472.5,7.5475
2020-02-07,57.08,17.0487,5511.5,7.5425
2020-02-10,57.01,17.18,5488.0,7.39
2020-02-11,57.32,16.98,5538.5,7.42
2020-02-12,57.99,16.9325,5587.5,7.6
2020-02-13,58.27,17.0562,5530.5,7.6275
2020-02-14,58.21,17.135,5509.5,7.7175
2020-02-18,58.47,17.5588,5443.5,7.655
2020-02-19,59.26,17.6213,5480.5,7.905
2020-02-20,58.98,17.7288,5478.5,7.9875
2020-02-21,58.83,17.8625,5408.0,7.8275
2020-02-24,57.57,18.1213,5202.0,7.505
2020-02-25,57.0,17.6175,5045.0,7.46
2020-02-26,56.74,17.26,5087.0,7.365
2020-02-27,56.37,17.2162,4923.0,6.8975
2020-02-28,54.29,16.12,4788.75,6.58
2020-03-02,54.88,16.145,4776.5,6.9025
2020-03-03,55.14,16.5625,4709.0,7.0025
2020-03-04,55.17,16.5325,4703.0,6.9775
2020-03-05,55.3,16.6825,4558.75,6.89
2020-03-06,54.16,16.5863,4425.0,6.2475
2020-03-09,50.73,16.3475,3956.0,5.01
2020-03-10,50.71,16.3075,3956.25,4.995
2020-03-11,50.15,16.2875,3986.5,4.987
2020-03-12,48.15,15.0925,3481.75,4.61
2020-03-13,45.38,14.1525,3551.0,4.712
2020-03-16,42.94,12.5112,3293.25,4.387
2020-03-17,43.47,12.0612,3423.5,4.256
2020-03-18,41.33,11.5275,3349.75,3.397
2020-03-19,42.24,11.72,3427.0,3.593
2020-03-20,42.1,11.9825,3405.0,3.815
2020-03-23,43.34,12.4275,3387.5,3.232
2020-03-24,44.9,13.5262,3620.75,3.5
2020-03-25,45.91,13.9275,3791.75,3.551
2020-03-26,45.86,13.9975,3836.5,3.443
2020-03-27,45.87,13.8612,3574.0,3.15
2020-03-30,45.85,13.52,3443.0,3.013
2020-03-31,46.17,13.705,3420.5,3.04
2020-04-01,45.16,13.5025,3224.5,3.02
2020-04-02,45.31,13.9563,3177.75,3.563
2020-04-03,45.34,13.845,3144.0,3.919
2020-04-06,45.72,14.2437,3316.25,3.891
2020-04-07,46.09,14.7063,3425.5,3.851
2020-04-08,46.19,14.5138,3368.25,3.575
2020-04-09,47.05,14.7875,3466.5,3.71
2020-04-14,47.91,15.0813,3368.0,3.361
2020-04-15,47.03,14.9175,3171.25,3.158
2020-04-16,46.68,14.8837,3129.5,3.057
2020-04-17,46.68,14.6187,3205.25,3.103
2020-04-20,46.91,14.835,3209.5,2.915
2020-04-21,45.5,14.33,3107.5,2.362
2020-04-22,45.91,14.4712,3165.0,2.21
2020-04-23,45.82,14.7837,3250.75,2.41
2020-04-24,45.48,14.565,3163.5,2.268
2020-04-27,45.49,14.6938,3264.5,1.884
2020-04-28,45.77,14.545,3434.0,1.883
2020-04-29,45.99,14.68,3633.5,2.065
2020-04-30,46.12,14.5763,3444.0,2.255
2020-05-04,45.25,14.26,3309.0,2.322
2020-05-05,45.78,14.3888,3336.0,2.707
2020-05-06,45.42,14.3912,3295.0,2.577
2020-05-07,46.24,14.6538,3372.75,2.831
2020-05-11,46.48,14.84,3331.25,2.646
2020-05-12,46.5,15.05,3356.75,2.654
2020-05-13,46.24,15.01,3245.5,2.6515
2020-05-14,46.79,15.2275,3192.25,2.691
2020-05-15,47.66,16.0125,3211.25,2.848
2020-05-18,49.22,16.3662,3407.5,3.171
2020-05-19,49.37,16.7362,3377.75,3.091
2020-05-20,50.35,16.92,3429.0,3.216
2020-05-22,49.55,16.5725,3349.25,3.179
2020-05-26,49.76,16.5925,3564.75,3.263
2020-05-27,49.32,16.495,3747.25,3.18
2020-05-28,49.74,16.8288,3752.75,3.172
2020-05-29,50.63,17.17,3624.5,3.234
2020-06-02,51.84,17.3025,3789.5,3.471
2020-06-03,51.84,16.9438,3950.0,3.534
2020-06-04,52.23,17.1063,3990.25,3.503
2020-06-05,53.31,16.7213,4186.75,3.749
2020-06-08,53.22,16.8713,4261.25,3.671
2020-06-09,53.64,17.0425,4122.0,3.631
2020-06-10,53.74,17.1262,4063.75,3.6735
2020-06-11,52.24,17.3288,3832.0,3.479
2020-06-12,52.26,16.8037,3822.0,3.463
2020-06-15,52.66,16.6488,3782.75,3.4615
2020-06-16,53.7,16.7987,3922.75,3.583
2020-06-17,53.62,16.8713,3911.25,3.615
2020-06-18,53.66,16.78,3887.5,3.687
2020-06-19,54.11,17.1213,3869.75,3.793
2020-06-22,54.57,17.1987,3844.75,3.8
2020-06-24,53.35,16.9813,3819.0,3.617
2020-06-25,53.8,17.0588,3869.75,3.608
2020-06-26,53.73,17.1012,3808.5,3.6065
2020-06-29,53.64,17.1575,3929.75,3.68
2020-06-30,54.0,17.5375,3869.0,3.7325
2020-07-01,54.41,17.2588,3825.0,3.777
2020-07-02,54.75,17.4112,3972.75,3.796
2020-07-06,54.7,17.6287,4090.5,3.87
2020-07-07,55.01,17.6437,4002.0,3.841
2020-07-08,55.65,17.9312,3940.0,3.8345
2020-07-09,55.22,17.9525,3848.5,3.757
2020-07-10,55.68,17.9825,3924.5,3.798
2020-07-13,56.38,18.57,4026.5,3.84
2020-07-14,55.96,18.48,4034.5,3.838
2020-07-15,55.96,18.6425,4096.25,3.855
2020-07-16,55.85,18.62,4105.75,3.879
2020-07-17,55.93,18.6525,4090.0,3.823
2020-07-20,56.77,19.045,4072.0,3.833
2020-07-21,58.23,20.3425,4094.5,3.977
2020-07-22,58.5,21.5525,4083.25,3.893
2020-07-23,57.88,22.1963,4035.25,3.935
2020-07-24,57.86,21.715,3986.5,3.842
2020-07-27,59.14,23.2475,3928.25,3.822
2020-07-28,58.92,23.66,3907.5,3.8665
2020-07-29,58.71,23.26,3862.75,3.901
2020-07-30,57.8,22.265,3669.0,3.77
2020-07-31,58.22,23.2463,3629.75,3.762
2020-08-03,57.59,23.43,3694.0,3.868
2020-08-04,58.02,24.46,3753.0,3.909
2020-08-05,59.25,25.9125,3771.75,4.055
2020-08-06,60.15,26.9025,3728.5,3.952
2020-08-07,58.34,26.8975,3713.5,3.897
2020-08-10,59.65,27.755,3776.5,3.942
2020-08-11,57.88,26.075,3917.5,3.963
2020-08-12,58.31,24.7862,3967.0,3.988
2020-08-13,58.5,25.65,3903.25,3.982
2020-08-14,57.2,25.7537,3862.0,3.958
2020-08-17,58.65,26.39,3845.25,3.992
2020-08-18,59.2,26.8487,3768.5,4.014
2020-08-19,58.66,26.4725,3832.25,4.0125
2020-08-20,58.02,26.1975,3748.5,3.978
2020-08-21,57.25,25.8463,3711.75,3.884
2020-08-24,57.39,25.5325,3814.5,3.989
2020-08-25,57.57,25.425,3810.25,4.029
2020-08-26,58.01,26.1075,3813.0,4.053
2020-08-27,57.47,25.855,3775.5,4.002
2020-08-28,58.56,26.69,3836.0,4.0135
2020-09-01,59.44,27.4425,3684.0,4.025
2020-09-02,58.63,26.415,3651.5,3.912
2020-09-03,57.72,25.5575,3648.25,3.796
2020-09-04,57.44,25.5825,3714.25,3.762
2020-09-08,56.9,25.475,3706.5,3.441
2020-09-09,57.22,25.88,3779.75,3.5685
2020-09-10,57.22,26.13,3821.75,3.539
2020-09-11,57.5,25.9025,3768.25,3.52
2020-09-14,57.8,26.2738,3790.0,3.477
2020-09-15,58.11,26.1275,3747.5,3.535
2020-09-16,58.73,26.3575,3711.5,3.707
2020-09-17,58.6,25.98,3668.0,3.813
2020-09-18,58.87,25.9375,3590.5,3.826
2020-09-21,56.43,23.305,3378.5,3.599
2020-09-22,56.44,23.4475,3392.5,3.665
2020-09-23,55.02,22.185,3346.0,3.689
2020-09-24,54.56,21.665,3337.75,3.674
2020-09-25,54.7,22.2175,3289.5,3.6975
2020-09-28,55.6,22.4575,3432.75,3.721
2020-09-29,55.78,23.185,3388.75,3.597
2020-09-30,56.21,23.0513,3399.75,3.653
2020-10-01,55.36,23.16,3392.5,3.495
2020-10-02,55.27,23.0875,3393.25,3.49
2020-10-05,56.18,23.45,3463.5,3.646
2020-10-06,56.52,23.1825,3589.0,3.7345
2020-10-07,56.12,22.9175,3574.0,3.6435
2020-10-08,56.22,23.0238,3621.5,3.759
2020-10-09,57.07,23.8025,3592.25,3.784
2020-10-13,56.02,23.355,3469.5,3.722
2020-10-14,56.21,23.5425,3464.5,3.778
2020-10-15,56.31,23.26,3414.0,3.715
2020-10-16,56.19,23.345,3486.5,3.752
2020-10-19,56.43,23.635,3511.0,3.7765
2020-10-20,57.01,23.8263,3573.75,3.731
2020-10-21,57.31,24.095,3482.25,3.6715
2020-10-22,56.83,23.6812,3499.0,3.743
2020-10-23,56.46,23.6637,3602.75,3.7025
2020-10-26,55.94,23.5037,3558.5,3.537
2020-10-27,56.12,23.5325,3477.0,3.615
2020-10-28,54.85,22.57,3341.25,3.438
2020-10-29,54.42,22.46,3329.25,3.296
2020-10-30,54.68,22.8,3371.0,3.265
2020-11-02,54.69,22.9737,3471.25,3.3155
2020-11-03,54.75,23.3075,3609.75,3.44
2020-11-04,55.2,23.09,3580.75,3.5355
2020-11-05,55.8,24.025,3609.0,3.55
2020-11-06,56.07,24.5212,3572.25,3.4415
2020-11-09,55.89,22.905,3995.5,3.695
2020-11-10,56.93,23.5025,4175.25,3.74
2020-11-12,56.32,23.47,4118.25,3.797
2020-11-13,56.4,23.7325,4176.0,3.679
2020-11-16,56.55,23.735,4302.25,3.772
2020-11-17,56.6,23.6213,4297.75,3.72
2020-11-18,56.84,23.6637,4342.0,3.81
2020-11-19,56.42,23.0338,4294.25,3.758
2020-11-20,57.04,23.4037,4293.25,3.778
2020-11-23,56.94,22.6313,4352.75,3.869
2020-11-24,57.68,22.3225,4534.25,4.038
2020-11-25,57.81,22.5025,4520.25,4.085
2020-11-27,58.34,21.875,4539.25,4.091
2020-11-30,57.87,21.62,4433.0,4.022
2020-12-01,58.08,22.805,4544.5,4.017
2020-12-02,57.76,23.0438,4644.75,4.087
2020-12-03,57.5,23.0075,4653.0,4.0895
2020-12-04,58.09,23.1812,4695.0,4.134
2020-12-07,57.85,23.7775,4651.5,4.1375
2020-12-08,57.42,23.65,4618.5,4.112
2020-12-09,57.43,23.2675,4621.0,4.0805
2020-12-10,58.29,23.1012,4571.25,4.263
2020-12-11,58.13,23.095,4489.5,4.189
2020-12-14,58.26,22.9037,4547.75,4.148
2020-12-15,58.75,23.5,4579.75,4.254
2020-12-16,58.96,24.0175,4510.25,4.254
2020-12-17,59.89,24.9062,4505.5,4.323
2020-12-18,60.35,24.8713,4471.75,4.392
2020-12-21,59.7,25.2162,4352.25,4.219
2020-12-22,59.23,24.5925,4416.5,4.2385
2020-12-23,59.6,24.665,4497.25,4.2865
2020-12-29,59.81,25.2913,4499.0,4.298
2020-12-30,60.05,25.395,4460.5,4.291
2020-12-31,60.09,25.44,4429.75,4.281
2021-01-04,60.56,26.215,4411.25,4.252
2021-01-05,62.05,26.3775,4395.75,4.433
2021-01-06,62.22,25.8175,4667.25,4.521
2021-01-07,62.47,26.1712,4733.25,4.5355
2021-01-08,61.57,24.7962,4663.25,4.593
2021-01-11,61.24,24.2537,4626.75,4.625
2021-01-12,62.42,24.4013,4642.75,4.722
2021-01-13,62.37,24.5338,4601.0,4.723
2021-01-14,63.11,24.595,4594.0,4.699
2021-01-15,61.86,23.8687,4528.5,4.65
2021-01-19,61.78,24.2775,4521.75,4.713
2021-01-20,61.92,24.7075,4518.0,4.737
2021-01-21,62.05,24.7787,4511.5,4.703
2021-01-22,60.73,24.5325,4446.75,4.644
2021-01-25,61.06,24.32,4299.25,4.6255
2021-01-26,61.48,24.5888,4361.0,4.667
2021-01-27,61.19,24.3188,4240.25,4.7075
2021-01-28,60.8,25.54,4292.75,4.657
2021-01-29,61.12,26.0675,4220.5,4.649
2021-02-01,62.3,27.545,4232.25,4.689
2021-02-02,61.56,25.74,4329.5,4.85
2021-02-03,62.39,25.9,4355.5,4.954
2021-02-04,62.28,25.14,4458.0,4.946
2021-02-05,63.01,25.8312,4509.0,5.04
2021-02-08,64.3,26.4475,4564.5,5.11
2021-02-09,64.64,26.2725,4538.75,5.1425
2021-02-10,64.27,25.97,4572.0,5.195
2021-02-11,64.34,26.1275,4556.0,5.1875
2021-02-12,64.88,26.33,4583.25,5.235
2021-02-16,65.68,26.2412,4745.0,5.3075
2021-02-17,65.81,26.04,4722.0,5.3425
2021-02-18,66.0,26.01,4627.5,5.39
2021-02-19,66.41,26.4,4742.25,5.28
2021-02-22,67.74,26.7913,4746.75,5.4025
2021-02-23,67.79,26.47,4778.25,5.4575
2021-02-24,69.23,26.7062,4830.25,5.5875
2021-02-25,68.47,26.6938,4895.25,5.63
2021-02-26,66.61,25.3312,4784.75,5.52
2021-03-01,66.09,25.7875,4833.0,5.465
2021-03-02,66.55,25.48,4860.0,5.3825
2021-03-03,66.07,25.4137,4960.5,5.4425
2021-03-04,66.38,25.1787,4927.75,5.68
2021-03-05,67.94,24.03,4964.75,5.83
2021-03-08,67.88,24.2337,5134.0,5.81
2021-03-09,67.77,24.9725,5052.5,5.73
2021-03-10,67.95,24.985,5041.0,5.68
2021-03-11,69.47,25.0688,4983.75,5.8575
2021-03-12,69.56,24.71,5069.0,5.88875
2021-03-15,69.58,25.165,5026.5,5.82375
2021-03-16,69.28,24.9638,5018.5,5.78
2021-03-17,69.36,24.945,5067.5,5.7525
2021-03-18,67.91,25.31,5155.0,5.5325
2021-03-19,68.25,25.1712,5058.5,5.4675
2021-03-22,68.4,24.74,5016.0,5.50375
2021-03-23,67.16,24.2663,5000.25,5.31
2021-03-24,68.56,24.335,5063.5,5.48
2021-03-25,66.52,24.07,4984.0,5.2525
2021-03-26,67.71,24.07,5021.5,5.495
2021-03-29,67.28,23.655,4974.75,5.4725
2021-03-30,66.52,23.1675,5102.0,5.46
2021-03-31,67.39,23.3463,5033.0,5.48
2021-04-01,67.89,23.7887,5033.5,5.3825
2021-04-06,68.64,24.265,5070.5,5.425
2021-04-07,68.22,24.2175,5146.0,5.285
2021-04-08,68.86,24.4675,5134.0,5.3525
2021-04-09,68.49,24.2812,5112.0,5.3625
2021-04-12,67.99,23.9013,5133.0,5.4125
2021-04-13,68.43,24.4037,5120.0,5.45
2021-04-14,70.28,24.3925,5141.5,5.6725
2021-04-15,70.83,24.9513,5079.0,5.675
2021-04-16,70.87,25.0613,5153.0,5.7
2021-04-19,71.16,24.845,5150.0,5.695
2021-04-20,71.34,24.82,4974.75,5.5775
2021-04-21,72.15,25.435,4961.0,5.58
2021-04-22,72.81,25.2013,4989.25,5.5375
2021-04-23,73.4,24.99,5011.5,5.5725
2021-04-26,74.53,25.1287,5115.0,5.565
2021-04-27,75.05,25.35,5160.5,5.61
2021-04-28,75.14,24.9837,5267.0,5.7725
2021-04-29,75.24,24.9562,5320.5,5.8125
2021-04-30,75.58,24.9325,5328.0,5.6975
2021-05-04,77.36,25.495,5206.0,5.8975
2021-05-05,78.08,25.4175,5324.5,5.97625
2021-05-06,78.68,26.39,5364.5,5.8725
2021-05-07,79.3,26.335,5385.0,5.855
2021-05-10,78.96,26.4438,5444.0,5.83
2021-05-11,79.59,26.4125,5348.5,5.88
2021-05-12,79.63,26.2013,5392.5,5.9925
2021-05-14,77.97,26.36,5484.5,5.865
2021-05-17,78.72,27.0,5466.5,5.945
2021-05-18,78.59,27.1063,5501.5,5.96
2021-05-19,76.25,26.825,5412.5,5.6725
2021-05-20,76.26,26.8037,5440.0,5.6825
2021-05-21,75.83,26.3975,5485.0,5.745
2021-05-25,76.71,26.8025,5547.5,5.9275
2021-05-26,76.91,26.7925,5463.0,5.95625
2021-05-27,77.83,26.65,5528.0,5.985
2021-05-28,77.81,26.755,5574.5,6.025
2021-06-01,79.06,26.93,5624.0,6.0875
2021-06-02,79.66,26.9587,5631.5,6.155
2021-06-03,78.42,26.21,5647.0,6.1375
2021-06-04,79.85,26.7225,5584.5,6.2175
2021-06-07,79.57,26.8062,5632.5,6.215
2021-06-08,80.25,26.58,5579.5,6.27
2021-06-09,80.19,26.7862,5539.0,6.2875
2021-06-10,80.39,26.8312,5537.5,6.3225
2021-06-11,79.47,26.9225,5519.5,6.3275
2021-06-14,78.45,26.84,5549.0,6.3875
2021-06-15,77.78,26.5287,5547.5,6.425
2021-06-16,77.47,26.6787,5483.5,6.525
2021-06-17,74.03,24.95,5487.0,6.35
2021-06-18,75.03,25.0012,5332.0,6.4025
2021-06-21,76.09,24.9725,5353.0,6.47
2021-06-22,76.23,24.7725,5359.5,6.5125
2021-06-24,77.47,25.0238,5427.0,6.5725
2021-06-25,76.93,25.0737,5464.0,6.6175
2021-06-28,77.47,25.08,5349.5,6.56125
2021-06-29,77.61,24.7725,5385.0,6.5775
2021-06-30,78.8,24.9825,5323.0,6.555
2021-07-01,79.0,24.985,5423.5,6.695
2021-07-02,79.58,25.39,5336.5,6.7075
2021-07-06,76.78,25.23,5273.5,6.5525
2021-07-07,76.6,25.0825,5250.0,6.405
2021-07-08,76.48,24.885,5144.5,6.485
2021-07-09,77.88,25.1388,5257.5,6.6725
2021-07-12,77.95,25.1863,5263.5,6.63
2021-07-13,78.87,25.1213,5183.0,6.7
2021-07-14,78.69,25.195,5211.0,6.7175
2021-07-15,78.31,25.2612,5182.0,6.5575
2021-07-16,78.36,24.7,5134.0,6.5225
2021-07-19,75.3,24.16,4963.75,6.0925
2021-07-20,76.12,23.87,5042.0,6.0975
2021-07-21,77.25,24.2337,5182.0,6.3475
2021-07-22,78.04,24.3875,5138.0,6.42625
2021-07-23,78.33,24.2113,5200.5,6.5175
2021-07-26,79.32,24.2125,5282.0,6.5325
2021-07-27,78.54,23.6975,5242.0,6.525
2021-07-28,79.09,23.9237,5214.5,6.5675
2021-07-29,80.38,24.7463,5300.5,6.66
2021-07-30,79.55,24.5462,5267.0,6.6975
2021-08-02,78.92,24.4538,5266.5,6.5
2021-08-03,78.33,24.5125,5306.5,6.425
2021-08-04,77.52,24.3587,5346.5,6.28
2021-08-05,78.04,24.2687,5376.5,6.345
2021-08-06,77.69,23.31,5470.0,6.275
2021-08-09,76.42,22.56,5494.5,6.1
2021-08-10,77.85,22.47,5491.0,6.295
2021-08-11,78.42,22.59,5549.0,6.225
2021-08-12,78.57,22.2687,5532.0,6.33875
2021-08-13,78.71,22.87,5560.0,6.3175
2021-08-16,78.17,22.88,5491.0,6.2
2021-08-17,77.11,22.7288,5427.5,6.2025
2021-08-18,76.34,22.5088,5449.0,6.1325
2021-08-19,74.03,22.36,5348.5,5.7775
2021-08-20,72.83,22.25,5374.0,5.8175
2021-08-23,74.74,22.735,5409.0,6.0575
2021-08-24,76.48,22.95,5407.5,6.2225
2021-08-25,77.13,22.7625,5504.5,6.26125
2021-08-26,76.6,22.6838,5475.5,6.2375
2021-08-27,77.69,22.925,5479.0,6.345
2021-08-31,77.89,22.93,5448.0,6.37
2021-09-01,77.25,23.24,5524.0,6.28
2021-09-02,78.1,22.9625,5524.0,6.5175
2021-09-03,78.29,23.84,5480.5,6.4375
2021-09-07,77.4,23.3088,5523.5,6.33375
2021-09-08,77.7,23.05,5455.0,6.4075
2021-09-09,77.44,23.1213,5426.0,6.41
2021-09-10,78.22,23.0713,5387.5,6.435
2021-09-13,78.43,22.86,5473.0,6.5025
2021-09-14,78.13,22.9,5431.5,6.515
2021-09-15,79.72,22.8088,5425.5,6.7025
2021-09-16,78.85,21.8487,5481.5,6.635
2021-09-17,78.12,21.63,5460.0,6.605
2021-09-20,76.72,21.5063,5247.0,6.555
2021-09-21,76.57,21.765,5237.0,6.4775
2021-09-22,78.36,22.045,5405.0,6.645
2021-09-23,79.29,21.7488,5496.5,6.7775
2021-09-24,79.98,21.55,5527.0,6.825
2021-09-27,80.69,21.83,5661.5,6.9875
2021-09-28,80.13,21.62,5625.5,6.9475
2021-09-29,79.54,20.7225,5709.0,6.965
2021-09-30,80.14,21.3062,5697.0,6.9525
2021-10-01,80.75,21.6287,5608.5,6.965
2021-10-04,81.98,21.68,5584.5,7.225
2021-10-05,83.84,21.6987,5766.0,7.3475
2021-10-06,81.78,21.5187,5739.5,7.1875
2021-10-07,82.66,21.78,5825.0,7.25875
2021-10-08,83.07,21.8587,5848.5,7.355
2021-10-12,83.44,21.66,5880.0,7.40375
2021-10-13,83.68,22.2225,5750.0,7.41
2021-10-14,85.08,22.465,5825.5,7.4175
2021-10-15,85.61,22.4463,5890.5,7.5525
2021-10-18,84.72,22.3037,5917.5,7.5575
2021-10-19,84.43,22.965,5908.0,7.6125
2021-10-20,85.69,23.28,5903.0,7.6175
2021-10-21,83.61,23.1675,5865.5,7.4625
2021-10-22,83.71,23.505,5901.0,7.6025
2021-10-25,85.31,23.58,5941.5,7.7225
2021-10-26,85.11,23.0387,5950.5,7.735
2021-10-27,83.65,23.1187,5884.5,7.6175
2021-10-28,82.93,23.19,5879.5,7.485
2021-10-29,82.38,22.93,5916.5,7.5425
2021-11-02,83.34,22.4813,6014.5,7.58625
2021-11-03,82.21,22.28,6026.5,7.4
2021-11-04,81.34,22.92,5979.5,7.37125
2021-11-05,81.58,23.11,6048.5,7.445
2021-11-08,81.76,23.4287,6033.0,7.5375
2021-11-09,81.89,23.2375,5978.5,7.57
2021-11-10,81.62,24.0688,6000.5,7.535
2021-11-12,82.64,24.2313,6010.5,7.40875
2021-11-15,82.67,24.07,6020.5,7.35
2021-11-16,82.64,23.93,5973.0,7.42
2021-11-17,82.1,24.1063,5928.5,7.3175
2021-11-18,82.3,23.9088,5883.5,7.3175
2021-11-19,81.78,23.91,5730.5,7.0875
2021-11-22,82.11,23.5075,5794.0,7.245
2021-11-23,83.38,22.3612,5793.0,7.385
2021-11-24,84.13,22.59,5773.5,7.43625
2021-11-26,79.86,22.2563,5453.0,6.5225
2021-11-29,79.58,21.8988,5475.0,6.7
2021-11-30,76.71,21.9538,5508.5,6.35
2021-12-01,76.67,21.6325,5604.5,6.46
2021-12-02,77.0,21.5,5579.5,6.3025
2021-12-03,77.32,21.47,5547.5,6.455
2021-12-06,78.12,21.41,5659.0,6.4925
2021-12-07,79.5,21.64,5725.5,6.89125
2021-12-08,80.26,21.51,5721.5,6.89
2021-12-09,79.2,21.15,5678.0,6.83
2021-12-10,79.31,21.2687,5643.5,6.785
2021-12-13,78.71,21.43,5559.0,6.79375
2021-12-14,78.02,21.0788,5598.0,6.7175
2021-12-15,77.68,20.7113,5561.0,6.64
2021-12-16,79.21,21.61,5652.5,6.885
2021-12-17,77.96,21.6112,5567.5,6.7475
2021-12-20,76.97,21.405,5534.5,6.355
2021-12-21,78.66,21.575,5641.5,6.72625
2021-12-22,79.9,21.8625,5651.5,6.8425
2021-12-23,79.98,22.0,5718.5,6.985
2021-12-29,81.4,21.93,5755.5,7.19625
2021-12-30,80.75,22.135,5749.0,7.295
2021-12-31,80.29,22.1712,5721.5,7.17
2022-01-04,82.06,22.0662,5938.5,7.3175
2022-01-05,82.66,22.2213,5983.5,7.44125
2022-01-06,82.3,21.26,6014.0,7.545
2022-01-07,82.76,21.2725,6091.5,7.5025
2022-01-10,82.14,21.53,6103.5,7.4475
2022-01-11,84.25,21.7638,6113.5,7.67
2022-01-12,85.85,22.17,6181.5,7.775
2022-01-13,84.61,22.1812,6270.5,7.785
2022-01-14,85.07,21.96,6255.0,7.855
2022-01-18,85.88,22.5,6223.5,7.9725
2022-01-19,87.01,23.0688,6139.0,8.1525
2022-01-20,87.7,23.55,6095.5,8.18
2022-01-21,87.08,23.415,6010.5,8.065
2022-01-24,85.36,22.715,5815.0,7.855
2022-01-25,86.28,22.8475,5937.0,8.025
2022-01-26,87.77,22.795,6084.0,8.2425
2022-01-27,87.12,21.7787,6139.5,8.2325
2022-01-28,87.31,21.47,6055.5,8.2625
2022-01-31,87.61,21.5,6070.0,8.195
2022-02-01,88.23,21.8937,6191.5,8.2625
2022-02-02,88.6,21.81,6249.0,8.185
2022-02-03,89.08,21.5938,6326.0,8.3025
2022-02-04,89.78,21.5312,6306.0,8.615
2022-02-07,90.16,22.0562,6398.5,8.555
2022-02-08,89.4,22.25,6492.0,8.3275
2022-02-09,90.78,22.3013,6571.0,8.465
2022-02-10,90.95,22.6612,6585.0,8.5775
2022-02-11,91.04,22.2763,6488.5,8.5775
2022-02-14,91.45,22.885,6255.5,8.7025
2022-02-15,90.19,22.2913,6364.0,8.4925
2022-02-16,91.32,22.59,6298.0,8.7075
2022-02-17,91.31,22.8675,6172.0,8.4925
2022-02-18,91.62,22.9613,6153.0,8.5175
2022-02-22,93.19,23.26,6037.5,8.7575
2022-02-23,93.88,23.5,6000.0,8.78625
2022-02-24,94.22,23.7337,5501.0,9.1075
2022-02-25,91.52,22.995,5755.5,8.5775
2022-02-28,93.49,23.38,5474.5,8.925
2022-03-01,97.32,24.0975,5137.5,9.6
2022-03-02,99.31,23.985,5181.0,9.805
2022-03-03,100.6,24.0387,5082.5,10.02
2022-03-04,104.78,24.5125,4723.0,10.205
2022-03-07,110.44,24.47,4557.75,10.925
2022-03-08,112.27,25.7175,4672.5,11.635
2022-03-09,104.94,25.0,5077.0,10.4
2022-03-10,104.48,24.73,4964.75,10.025
2022-03-11,105.79,24.8687,4994.0,10.125
2022-03-14,100.91,24.125,5181.0,9.6675
2022-03-15,99.54,23.905,5171.0,9.3075
2022-03-16,97.89,23.65,5460.0,9.24
2022-03-17,101.55,24.39,5413.5,9.8275
2022-03-18,100.84,23.975,5381.0,9.93375
2022-03-21,103.21,24.28,5374.5,10.5175
2022-03-22,102.79,23.8088,5453.0,10.4525
2022-03-23,105.73,23.955,5343.5,10.96
2022-03-24,106.0,24.63,5326.0,10.8125
2022-03-25,105.93,24.42,5291.0,10.91
2022-03-28,102.52,24.075,5339.0,10.325
2022-03-29,100.3,23.5688,5600.0,9.985
2022-03-30,102.61,23.935,5490.0,10.455
2022-03-31,101.03,23.975,5362.5,10.1
2022-04-01,101.77,23.7337,5409.5,9.9225
2022-04-04,103.83,23.535,5388.0,10.155
2022-04-05,103.95,23.465,5270.0,10.17
2022-04-06,102.3,23.4188,5149.5,9.8825
2022-04-07,102.36,23.4587,5137.5,9.5025
2022-04-08,104.17,23.725,5251.5,9.715
2022-04-11,103.54,23.975,5274.5,9.5175
2022-04-12,105.93,24.5537,5197.0,10.1
2022-04-13,107.89,24.7,5201.0,10.2425
2022-04-14,109.14,24.3388,5226.0,10.32
2022-04-19,108.09,24.125,5261.0,10.205
2022-04-20,108.72,24.16,5386.0,10.26
2022-04-21,108.67,23.47,5441.5,10.4
2022-04-22,106.69,23.205,5376.5,10.2
2022-04-25,104.02,22.655,5250.5,9.5825
2022-04-26,105.87,22.58,5158.5,10.095
2022-04-27,107.37,22.38,5145.5,10.04
2022-04-28,107.37,22.13,5175.0,10.305
2022-04-29,107.51,22.07,5192.5,10.49
2022-05-03,106.66,21.8,5254.0,10.2275
2022-05-04,109.64,21.42,5206.0,10.51
2022-05-05,110.31,21.6238,5152.0,10.76
2022-05-06,108.12,21.6,5105.5,10.945
2022-05-10,103.25,20.7675,5023.5,10.05
2022-05-11,106.28,20.9062,5145.0,10.43
2022-05-12,106.13,20.1112,5100.0,10.515
2022-05-13,107.13,20.1475,5211.5,10.785
2022-05-16,109.15,20.535,5185.0,10.895
2022-05-17,109.62,20.835,5273.5,11.08
2022-05-18,106.72,20.605,5244.0,10.6
2022-05-19,107.91,21.0225,5229.0,10.635
2022-05-20,107.15,20.8638,5216.5,10.8
2022-05-23,108.71,20.9788,5405.0,10.9
2022-05-24,108.22,21.1975,5494.5,10.87
2022-05-25,108.5,21.0163,5527.5,10.91
2022-05-27,110.09,21.1825,5615.0,11.29
2022-05-31,108.31,20.8213,5600.0,11.6
2022-06-01,109.43,20.9013,5575.0,11.535
2022-06-07,113.56,21.2337,5596.0,11.895
2022-06-08,113.86,21.2787,5574.5,12.12
2022-06-09,114.43,20.725,5480.0,12.18
2022-06-10,112.82,20.9613,5206.0,11.89
2022-06-13,110.34,20.2512,5093.0,11.83
2022-06-14,107.41,20.125,5209.5,12.1625
2022-06-15,107.59,20.635,5304.5,11.715
2022-06-16,107.7,20.9,5084.0,11.52
2022-06-17,103.35,20.7638,5160.5,11.115
2022-06-21,102.7,20.9587,5359.0,11.155
2022-06-22,100.64,20.6338,5352.0,10.77
2022-06-24,97.37,20.3088,5250.0,10.9125
2022-06-27,97.53,20.405,5267.0,10.9725
2022-06-28,98.48,20.0625,5281.0,11.2
2022-06-29,98.39,19.8475,5218.5,11.3125
2022-06-30,93.66,19.5725,5049.0,10.795
2022-07-01,93.63,19.0425,5051.5,10.8525
2022-07-05,88.55,18.4325,4860.0,9.9675
2022-07-06,86.72,18.3675,4812.0,9.6975
2022-07-07,90.8,18.48,4926.5,10.34
2022-07-08,92.13,18.5287,4978.25,10.435
2022-07-11,92.15,18.4125,4895.5,10.405
2022-07-12,87.69,18.305,4859.25,9.7525
2022-07-13,88.75,18.4925,4793.5,9.725
2022-07-14,86.87,17.6187,4661.75,9.455
2022-07-15,87.98,17.9387,4720.0,9.8525
2022-07-18,90.35,18.0975,4796.75,10.215
2022-07-19,89.4,18.0713,4985.75,10.21
2022-07-20,90.37,18.0713,4936.0,10.2875
2022-07-21,88.75,18.0,4952.25,10.0975
2022-07-22,89.3,18.0812,4873.75,10.1325
2022-07-25,90.9,17.6637,4944.0,10.065
2022-07-26,92.25,17.8675,4874.5,10.0925
2022-07-27,93.14,17.8975,4929.0,10.22
2022-07-28,93.39,19.0575,4902.0,10.325
2022-07-29,94.4,19.37,4990.0,10.5975
2022-08-01,92.63,19.475,5006.75,9.895
2022-08-02,90.98,19.4375,5004.5,10.04
2022-08-03,90.61,19.0875,5089.0,9.9225
2022-08-04,90.82,19.2875,5124.0,9.465
2022-08-05,90.87,19.0825,5181.0,9.6475
2022-08-08,90.5,19.8375,5212.0,9.6975
2022-08-09,91.67,19.61,5223.5,9.78125
2022-08-10,93.49,19.915,5262.0,9.68375
2022-08-11,96.25,19.4675,5281.0,10.025
2022-08-12,95.92,19.6775,5338.5,9.9525
2022-08-16,94.81,19.3225,5306.5,9.4275
2022-08-17,94.7,18.935,5254.0,9.5075
2022-08-18,95.56,18.8988,5247.0,9.8075
2022-08-19,96.47,18.3263,5155.5,9.895
2022-08-22,97.49,18.2512,5020.5,9.6775
2022-08-23,98.13,18.44,5034.5,10.15
2022-08-24,99.36,18.395,5038.0,10.1575
2022-08-25,99.4,18.375,5019.0,10.2925
2022-08-26,100.54,18.2225,4960.25,10.0075
2022-08-30,96.82,17.6712,5049.5,9.965
2022-08-31,95.47,17.3687,5097.0,9.82
2022-09-01,93.01,17.055,4984.0,9.47
2022-09-02,92.39,17.4263,5165.0,9.61625
2022-09-06,91.38,17.32,5111.5,9.555
2022-09-07,89.28,17.5287,5088.5,9.1075
2022-09-08,89.72,17.72,5203.5,9.07625
2022-09-09,91.53,17.9888,5347.0,9.33625
2022-09-12,93.3,19.0238,5506.5,9.63
2022-09-13,92.32,18.775,5456.5,9.47
2022-09-14,92.77,18.815,5435.5,9.6475
2022-09-15,89.94,18.445,5572.0,9.26
2022-09-16,89.08,18.5737,5526.0,9.355
2022-09-20,89.24,18.41,5488.0,9.1225
2022-09-21,88.64,18.6125,5442.0,9.07875
2022-09-22,88.7,18.6887,5454.0,9.17
2022-09-23,85.52,18.1325,5359.0,8.6625
2022-09-26,83.74,18.025,5315.0,8.57125
2022-09-27,83.88,17.7913,5209.5,8.575
2022-09-28,85.53,17.8862,5128.5,8.775
2022-09-29,85.22,17.97,4947.75,8.895
2022-09-30,84.26,18.4613,5002.0,8.79
2022-10-03,85.33,19.56,4992.5,8.9875
2022-10-04,87.22,20.3013,5215.5,9.35875
2022-10-05,88.17,19.51,5119.5,9.545
2022-10-06,88.43,19.7275,5087.5,9.61875
2022-10-07,89.12,19.4325,5072.5,9.9775
2022-10-11,88.07,18.5875,4967.0,9.645
2022-10-12,87.71,18.23,4924.75,9.44375
2022-10-13,88.57,18.1,5037.5,9.5875
2022-10-14,86.74,17.58,5089.5,9.41125
2022-10-17,86.84,17.9387,5141.0,9.35
2022-10-18,85.89,17.835,5253.5,9.0425
2022-10-19,85.35,17.6637,5258.5,9.1325
2022-10-20,85.68,18.1087,5290.5,9.425
2022-10-21,85.84,18.11,5316.5,9.29875
2022-10-24,85.63,18.3775,5405.5,9.33375
2022-10-25,86.04,18.4762,5376.5,9.40375
2022-10-26,87.27,18.775,5355.0,9.6625
2022-10-27,87.15,18.7725,5378.0,9.8
2022-10-28,86.17,18.285,5323.5,9.63625
2022-10-31,85.62,18.3587,5368.0,9.52625
2022-11-02,87.62,18.775,5403.0,9.9225
2022-11-03,87.13,18.575,5510.0,9.80875
2022-11-04,90.29,19.8275,5667.5,10.1175
2022-11-07,89.91,20.0362,5640.5,10.325
2022-11-08,88.81,20.6912,5660.0,10.065
2022-11-09,87.43,20.445,5661.0,9.65
2022-11-10,88.6,20.6475,5631.5,9.64125
2022-11-14,89.44,20.905,5737.5,9.7425
2022-11-15,90.41,20.6287,5733.5,9.6575
2022-11-16,89.21,20.6425,5757.5,9.5025
2022-11-17,87.2,19.9925,5728.5,9.30625
2022-11-18,87.01,20.21,5759.5,9.07
2022-11-21,86.68,19.8475,5766.5,8.715
2022-11-22,87.56,20.1338,5807.5,9.32
2022-11-23,87.89,20.4438,5783.0,8.92875
2022-11-25,87.23,20.4813,5833.0,8.9825
2022-11-28,87.08,20.09,5791.0,8.735
2022-11-29,88.11,20.3425,5863.0,8.88875
2022-11-30,89.52,20.81,5880.0,9.2775
2022-12-01,89.83,21.5925,5767.0,9.4725
2022-12-02,88.45,22.0487,5765.0,9.3225
2022-12-05,85.91,21.35,5787.0,9.12875
2022-12-06,84.68,21.365,5752.5,8.65
2022-12-07,84.97,21.6112,5734.0,8.4725
2022-12-08,85.24,22.1,5723.0,8.28125
2022-12-09,85.6,22.5938,5739.5,8.36
2022-12-12,85.95,22.2175,5734.5,8.47875
2022-12-13,88.15,22.7975,5800.5,8.72
2022-12-14,88.25,22.915,5780.5,8.8425
2022-12-15,87.12,22.1213,5716.0,8.68625
2022-12-16,85.91,22.07,5775.0,8.5175
2022-12-19,85.12,22.0037,5783.0,8.66125
2022-12-20,85.75,22.9475,5913.0,8.62
2022-12-21,86.38,22.9662,6018.5,8.91
2022-12-22,84.74,22.6675,6017.5,8.9575
2022-12-23,86.13,22.765,6023.5,9.0
2022-12-28,86.29,22.6063,6043.0,8.95875
2022-12-29,86.46,22.9237,6072.0,8.96125
2022-12-30,86.77,22.9237,6067.0,8.99625
2023-01-03,85.54,23.0163,6231.0,8.98625
2023-01-04,83.84,23.0487,6401.5,8.515
2023-01-05,83.4,22.2437,6466.5,8.58125
2023-01-06,84.55,22.79,6492.0,8.66125
2023-01-09,85.6,22.83,6508.0,8.67875
2023-01-10,85.4,22.6513,6501.0,8.6725
2023-01-11,86.5,22.3412,6523.0,8.955
2023-01-12,87.77,22.785,6617.5,9.1
2023-01-13,88.81,23.0837,6630.0,9.18875
2023-01-17,88.77,22.9825,6564.0,9.2725
2023-01-18,88.86,22.9075,6549.0,9.43
2023-01-19,89.19,22.6012,6455.0,9.23125
2023-01-20,89.85,22.8875,6536.0,9.36375
2023-01-23,90.34,22.1938,6601.5,9.52125
2023-01-24,89.57,22.74,6678.0,9.305
2023-01-25,89.25,22.7237,6656.5,9.32875
2023-01-26,89.89,22.9487,6751.5,9.41625
2023-01-27,88.75,22.5963,6781.5,9.2675
2023-01-30,87.91,22.665,6782.0,9.1325
2023-01-31,89.04,22.725,6873.5,9.10875
2023-02-01,87.45,22.64,6966.5,9.0625
2023-02-02,87.23,22.605,6956.0,8.795
2023-02-03,84.61,21.4062,7003.0,8.74125
2023-02-06,83.86,21.3913,6923.5,8.51
2023-02-07,85.32,21.3862,6983.5,8.83625
2023-02-08,85.77,21.37,7021.5,8.9625
2023-02-09,85.17,21.2588,7102.5,8.965
2023-02-10,85.35,21.0713,6995.0,9.2075
2023-02-13,85.61,20.9662,7037.5,9.175
2023-02-14,85.31,20.7575,7064.0,9.11125
2023-02-15,84.41,20.6637,7063.0,8.98
2023-02-16,84.88,20.7138,7214.5,9.09625
2023-02-17,84.25,20.7013,7169.0,8.8025
2023-02-21,85.46,20.9662,7121.0,8.83625
2023-02-22,84.29,20.7337,7002.5,8.64
2023-02-23,83.57,20.4613,7090.0,8.67875
2023-02-24,82.77,20.0725,7083.0,8.8025
2023-02-27,82.81,19.7325,7171.5,8.71
2023-02-28,83.21,19.965,7247.0,8.93625
2023-03-01,84.16,20.0963,7211.0,8.8825
2023-03-02,84.07,19.9562,7185.5,9.06
2023-03-03,84.75,20.1513,7274.0,9.12375
2023-03-06,84.86,20.2475,7336.0,9.25125
2023-03-07,82.86,19.385,7280.0,9.055
2023-03-08,82.55,19.2375,7317.5,8.88125
2023-03-09,81.92,19.3075,7194.5,8.9275
2023-03-10,82.27,19.6338,6878.0,8.85625
2023-03-13,82.2,20.87,6476.5,8.72125
2023-03-14,81.12,20.9338,6620.0,8.485
2023-03-15,78.64,21.0387,6085.0,7.7275
2023-03-16,79.14,20.6812,6180.0,7.91
2023-03-17,79.38,21.2025,6008.0,7.82
2023-03-20,80.03,21.6025,6065.0,7.7
2023-03-21,80.1,21.2638,6404.0,7.9675
2023-03-22,80.92,21.715,6375.5,8.16
2023-03-23,81.3,22.1688,6225.0,8.215
2023-03-24,81.04,22.1925,5961.5,7.96
2023-03-27,82.52,22.0462,6048.5,8.20125
2023-03-28,83.47,22.2325,6086.5,8.475
2023-03-29,83.21,22.3288,6206.0,8.54
2023-03-30,84.03,22.68,6329.5,8.58875
2023-03-31,84.5,23.03,6298.5,8.685
2023-04-03,86.16,23.0212,6336.0,9.265
2023-04-04,85.95,23.765,6323.5,9.2475
2023-04-05,85.7,23.8237,6268.0,9.25875
2023-04-06,86.15,23.8025,6425.5,9.2825
2023-04-11,85.92,23.9813,6433.0,9.32875
2023-04-12,86.67,24.1887,6480.5,9.53375
2023-04-13,87.25,24.6838,6517.5,9.5125
2023-04-14,86.9,24.175,6724.0,9.515
2023-04-17,86.83,23.9513,6622.0,9.3425
2023-04-18,87.57,24.18,6722.5,9.37625
2023-04-19,86.66,24.1763,6764.5,9.2225
2023-04-20,85.79,24.1425,6710.5,8.94625
2023-04-21,85.41,23.9463,6696.0,9.02125
2023-04-24,85.49,24.02,6718.0,9.0975
2023-04-25,84.25,23.67,6586.0,8.9125
2023-04-26,83.71,23.92,6582.5,8.9025
2023-04-27,83.42,23.835,6649.0,8.66625
2023-04-28,84.14,23.8862,6492.5,8.8275
2023-05-02,82.79,24.1938,6420.0,8.36
2023-05-03,82.09,24.3762,6374.0,7.9325
2023-05-04,82.3,24.7575,6236.0,7.97125
2023-05-05,83.82,24.4212,6396.0,8.2575
2023-05-10,84.15,24.2638,6373.5,8.47
2023-05-11,82.17,23.2875,6390.0,8.33875
2023-05-12,81.31,22.87,6442.0,8.21375
2023-05-15,82.05,23.0225,6442.5,8.26875
2023-05-16,80.98,22.7237,6431.0,8.255
2023-05-17,81.78,22.6675,6421.0,8.41375
2023-05-19,80.77,23.0175,6516.5,8.3525
2023-05-22,81.05,22.665,6583.5,8.40625
2023-05-23,80.87,22.42,6600.5,8.555
2023-05-24,80.54,22.2488,6455.5,8.67
2023-05-25,79.74,21.8875,6478.0,8.44375
2023-05-26,80.88,22.1325,6500.5,8.52625
2023-05-30,79.53,22.23,6347.0,8.2325
2023-05-31,79.03,22.57,6210.0,8.06875
2023-06-01,80.58,22.8337,6308.5,8.2575
2023-06-02,81.25,22.7262,6481.5,8.395
2023-06-05,81.36,22.5613,6439.0,8.55
2023-06-06,81.28,22.4762,6497.5,8.43625
2023-06-07,80.92,22.685,6517.5,8.5475
2023-06-08,81.25,23.2075,6544.5,8.4275
2023-06-09,81.5,23.3575,6472.5,8.40375
2023-06-12,80.08,23.005,6502.0,8.0075
2023-06-13,80.81,22.7875,6508.0,8.1675
2023-06-14,80.87,23.0387,6576.0,8.155
2023-06-15,81.96,22.8,6539.5,8.2725
2023-06-16,82.78,23.0462,6546.0,8.3725
2023-06-20,81.9,22.2,6558.5,8.29
2023-06-21,82.04,21.7663,6618.5,8.53125
2023-06-22,80.54,21.4525,6482.5,8.225
2023-06-26,79.23,21.87,6394.0,8.2075
2023-06-27,78.81,21.9375,6478.5,8.15
2023-06-28,78.62,21.8937,6536.5,8.2175
2023-06-29,78.06,21.6513,6627.5,8.2025
2023-06-30,79.39,21.7663,6680.0,8.37375
2023-07-03,79.61,21.975,6764.0,8.39
2023-07-05,80.47,22.2175,6641.5,8.49
2023-07-06,80.04,21.6763,6481.5,8.32375
2023-07-07,80.62,22.1087,6536.0,8.58375
2023-07-10,80.96,22.0775,6554.0,8.69
2023-07-11,81.53,22.1112,6602.5,8.78125
2023-07-12,82.33,22.95,6751.0,8.88
2023-07-13,83.75,23.6737,6794.0,8.975
2023-07-14,83.71,23.83,6781.0,8.9175
2023-07-17,83.03,23.7738,6826.0,8.815
2023-07-18,83.51,24.0425,6901.0,8.9025
2023-07-19,84.19,24.06,6979.5,8.985
2023-07-20,83.89,23.8288,7005.5,8.88
2023-07-21,84.38,23.6187,6998.0,9.02875
2023-07-24,85.99,23.3838,7009.5,9.3
2023-07-25,86.22,23.6375,7007.5,9.32375
2023-07-26,86.09,23.8225,6966.5,9.3325
2023-07-27,85.89,23.1537,6987.5,9.425
2023-07-28,85.99,23.315,7032.0,9.4325
2023-07-31,85.96,23.7463,7042.5,9.61875
2023-08-01,85.6,23.1162,6976.5,9.5775
2023-08-02,84.37,22.675,6846.0,9.3575
2023-08-03,84.49,22.64,6913.5,9.5775
2023-08-04,84.92,22.605,6996.5,9.7075
2023-08-07,83.98,22.1775,7014.0,9.6475
2023-08-08,83.66,21.78,6797.5,9.6325
2023-08-09,83.87,21.725,6894.5,9.84125
2023-08-10,84.0,21.795,7017.5,9.84625
2023-08-11,83.66,21.7337,6940.0,9.8175
2023-08-14,83.06,21.63,6931.5,9.7375
2023-08-16,82.3,21.6362,6787.5,9.58625
2023-08-17,82.6,21.7162,6757.5,9.55
2023-08-18,83.29,21.7962,6728.0,9.535
2023-08-21,83.32,22.0837,6753.0,9.6275
2023-08-22,83.42,22.3725,6749.5,9.5225
2023-08-23,84.25,23.23,6736.5,9.43
2023-08-24,84.13,23.195,6762.5,9.39125
2023-08-25,84.78,23.0575,6764.5,9.4825
2023-08-29,85.16,23.6525,6933.0,9.57
2023-08-30,84.68,23.68,6934.5,9.6525
2023-08-31,84.73,23.465,6837.5,9.7825
2023-09-01,85.51,23.205,6820.0,10.0275
2023-09-05,85.89,22.6838,6754.0,10.36
2023-09-06,85.53,22.0837,6677.0,10.285
2023-09-07,85.19,21.945,6621.0,10.33
2023-09-08,85.48,21.975,6648.0,10.35
2023-09-11,86.3,22.0375,6708.0,10.315
2023-09-12,86.03,22.1063,6768.5,10.55
2023-09-13,86.43,21.9513,6799.5,10.53
2023-09-14,87.23,21.6213,6923.5,10.69
2023-09-15,86.83,22.225,6915.5,10.7
2023-09-18,86.41,22.095,6797.5,10.75
2023-09-19,86.3,22.1562,6880.5,10.8
2023-09-20,86.28,22.5175,7037.5,10.7
2023-09-21,85.9,22.2525,7038.5,10.6925
2023-09-22,85.78,22.565,7006.0,10.61
2023-09-25,84.94,22.11,6940.0,10.5375
2023-09-26,84.82,21.9013,6950.5,10.6125
2023-09-27,84.76,21.5875,6940.0,10.895
2023-09-28,84.75,21.5212,7022.5,10.8175
2023-09-29,83.89,21.465,7051.5,10.665
2023-10-02,83.02,20.37,6941.5,10.445
2023-10-03,82.16,20.2563,6880.5,10.5075
2023-10-04,80.25,20.0425,6845.5,10.095
2023-10-05,79.13,19.9325,6883.5,9.705
2023-10-06,79.65,20.6462,6981.5,9.7325
2023-10-10,80.49,20.8612,7054.5,10.07
2023-10-11,80.01,21.0675,7071.0,9.8925
2023-10-12,80.14,20.8525,7050.5,9.99
2023-10-13,82.22,21.65,6949.5,10.275
2023-10-16,82.35,21.6712,7022.0,10.3425
2023-10-17,82.52,21.8512,7042.0,10.24
2023-10-18,83.23,21.7712,6983.5,10.52
2023-10-19,83.43,21.9575,6983.5,10.47
2023-10-20,83.57,22.64,6802.5,10.72
2023-10-23,82.75,22.1213,6786.5,10.5275
2023-10-24,82.11,21.8725,6710.5,10.145
2023-10-25,82.65,21.8175,6742.0,10.195
2023-10-26,81.62,21.6787,6690.5,10.22
2023-10-27,82.54,21.7325,6676.5,10.25
2023-10-30,82.03,22.3538,6702.5,10.0925
2023-10-31,81.34,21.9675,6719.5,10.095
2023-11-02,81.96,21.7313,6821.0,10.105
2023-11-03,82.03,22.1612,6876.0,10.015
2023-11-06,82.76,22.0287,6873.5,10.085
2023-11-07,81.14,21.5462,6851.5,9.67125
2023-11-08,80.64,21.7763,6876.0,9.44125
2023-11-09,80.76,21.9538,6939.5,9.47
2023-11-13,81.55,21.23,6996.5,9.6775
2023-11-14,82.26,22.1162,7052.5,9.815
2023-11-15,82.33,22.42,7126.5,9.5875
2023-11-16,81.19,22.8587,7103.0,9.2025
2023-11-17,81.62,22.6938,7210.5,9.4
2023-11-20,82.8,22.4788,7230.5,9.745
2023-11-21,83.5,22.7787,7163.5,9.635
2023-11-22,82.39,22.5925,7154.5,9.3475
2023-11-24,82.13,23.205,7180.0,9.61
2023-11-27,81.95,23.5375,7133.5,9.42
2023-11-28,83.18,23.7875,7152.0,9.615
2023-11-29,83.33,23.885,7187.0,9.6475
2023-11-30,82.38,24.1437,7187.5,9.4275
2023-12-01,82.05,24.1775,7209.0,9.535
2023-12-04,81.12,23.3962,7238.5,9.25125
2023-12-05,80.4,23.0138,7269.5,9.21125
2023-12-06,78.69,22.96,7339.0,8.77
2023-12-07,79.09,22.73,7287.0,8.7325
2023-12-08,78.95,22.1575,7352.0,8.9475
2023-12-11,78.91,21.7812,7349.0,8.9175
2023-12-12,78.35,21.73,7328.0,8.6875
2023-12-13,78.49,21.6375,7323.5,8.7675
2023-12-14,80.49,23.1388,7364.5,9.0625
2023-12-15,80.54,22.9975,7333.5,9.0275
2023-12-18,80.9,22.7475,7356.5,9.25875
2023-12-19,81.49,23.115,7346.5,9.33
2023-12-20,81.32,23.2825,7407.5,9.42125
2023-12-21,80.8,23.3325,7412.0,9.25875
2023-12-22,80.95,23.4225,7432.0,9.3125
2023-12-27,81.76,23.315,7499.5,9.3625
2023-12-28,80.96,23.1087,7455.0,9.1975
2023-12-29,80.23,22.7475,7479.0,9.035
2024-01-02,79.77,22.7987,7542.5,8.8925
2024-01-03,79.78,21.975,7429.0,9.1075
2024-01-04,79.07,21.9912,7560.0,8.935
2024-01-05,79.12,22.265,7577.0,9.265
2024-01-08,77.99,22.15,7602.0,8.845
2024-01-09,78.28,22.0037,7533.0,9.085
2024-01-10,78.0,21.8538,7501.5,9.035
2024-01-11,78.31,21.5475,7365.0,9.21
2024-01-12,78.53,22.3438,7369.5,9.1425
2024-01-16,78.51,22.0,7242.5,9.1075
2024-01-17,77.75,21.6138,7170.5,9.0425
2024-01-18,78.56,21.6887,7224.0,9.1725
2024-01-19,78.83,21.5362,7236.5,9.2075
2024-01-22,79.51,21.2,7299.5,9.3
2024-01-23,79.94,21.3563,7286.0,9.345
2024-01-24,80.31,21.7213,7369.5,9.4325
2024-01-25,80.72,21.77,7324.0,9.5425
2024-01-26,81.05,21.7625,7389.5,9.565
2024-01-29,80.96,22.0362,7329.5,9.6375
2024-01-30,81.51,22.04,7464.0,9.6975
2024-01-31,81.23,22.1338,7449.5,9.545
2024-02-01,80.64,22.1187,7298.5,9.56
2024-02-02,79.53,21.6238,7375.0,9.0825
2024-02-05,79.38,21.3288,7351.0,9.065
2024-02-06,79.88,21.4613,7366.5,9.21125
2024-02-07,80.28,21.4188,7273.0,9.2625
2024-02-08,81.18,21.4862,7258.0,9.4975
2024-02-09,81.53,21.4387,7236.5,9.515
2024-02-12,81.71,21.6575,7314.5,9.5825
2024-02-13,81.43,21.1075,7270.0,9.72
2024-02-14,80.79,21.4088,7334.5,9.65
2024-02-15,81.07,21.8025,7350.0,9.7
2024-02-16,81.46,22.2288,7432.0,9.6975
2024-02-20,80.99,22.02,7521.0,9.625
2024-02-21,81.24,21.865,7513.0,9.68
2024-02-22,81.38,21.7588,7578.0,9.7425
2024-02-23,80.87,21.8325,7605.5,9.615
2024-02-26,80.98,21.5075,7600.5,9.63
2024-02-27,81.63,21.5075,7615.0,9.745
2024-02-28,81.28,21.4112,7658.5,9.71625
2024-02-29,81.38,21.585,7647.0,9.765
2024-03-01,81.94,22.0575,7734.0,9.9675
2024-03-04,82.46,22.7,7758.5,9.8675
2024-03-05,82.17,22.7437,7771.5,9.8125
2024-03-06,82.9,23.1562,7834.0,9.9325
2024-03-07,83.33,23.3425,7879.5,9.8175
2024-03-08,83.0,23.2087,7851.5,9.7425
2024-03-11,83.56,23.3975,7866.5,9.79
2024-03-12,83.49,23.1437,8028.0,9.8075
2024-03-13,84.5,23.84,8077.5,9.935
2024-03-14,84.65,23.725,8014.0,10.11
2024-03-15,85.1,24.285,8112.5,10.155
2024-03-18,85.45,23.9275,8116.5,10.255
2024-03-19,85.07,23.8288,8196.0,10.36
2024-03-20,84.77,23.8037,8193.0,10.2025
2024-03-21,85.01,23.66,8356.5,10.175
2024-03-22,84.35,23.62,8381.5,10.17
2024-03-25,84.98,23.62,8385.5,10.305
2024-03-26,84.49,23.3775,8479.5,10.295
2024-03-27,84.26,23.475,8463.5,10.21
2024-03-28,85.24,23.7375,8524.0,10.375
2024-04-02,86.46,24.6025,8554.5,10.63
2024-04-03,87.59,25.5362,8679.5,10.735
2024-04-04,88.0,25.9438,8777.5,10.67
2024-04-05,88.5,26.0875,8688.0,10.91
2024-04-08,88.58,26.5637,8772.0,10.745
2024-04-09,88.72,26.56,8669.5,10.745
2024-04-10,88.74,26.85,8734.0,10.705
2024-04-11,88.44,26.6162,8529.0,10.755
2024-04-12,88.98,27.6725,8510.5,10.89
2024-04-15,89.03,27.3538,8518.0,10.7
2024-04-16,88.93,26.9325,8318.0,10.81
2024-04-17,88.61,27.3225,8449.5,10.64
2024-04-18,88.41,27.1712,8590.0,10.4575
2024-04-19,89.32,27.2375,8640.5,10.45
2024-04-22,88.53,26.0975,8811.5,10.4
2024-04-23,88.26,26.0513,8950.5,10.48
2024-04-24,88.22,26.1087,8863.5,10.505
2024-04-25,88.48,26.1225,8894.5,10.445
2024-04-26,88.5,25.9587,8970.0,10.67
2024-04-29,88.61,26.0287,8912.5,10.55
2024-04-30,86.86,25.2725,8858.0,10.4575
2024-05-02,85.8,25.4438,8953.0,10.075
2024-05-03,86.2,25.1287,8919.5,10.065
2024-05-07,87.45,26.115,9188.5,10.05
2024-05-08,86.93,26.2362,9199.0,10.1
2024-05-10,87.51,26.985,9216.5,10.11
2024-05-13,87.78,26.8388,9240.0,10.085
2024-05-14,87.68,27.2337,9332.5,9.9875
2024-05-15,88.38,28.095,9334.0,10.0275
2024-05-16,88.52,28.3162,9302.5,10.115
2024-05-17,89.78,29.2575,9352.0,10.215
2024-05-21,90.77,30.7038,9310.5,10.165
2024-05-22,89.64,29.9625,9246.5,10.06
2024-05-23,88.55,28.9587,9252.0,9.975
2024-05-24,88.57,29.0537,9246.5,10.005
2024-05-28,90.42,30.47,9280.0,10.26
2024-05-29,89.78,30.6112,9148.5,10.245
2024-05-30,88.49,29.975,9283.0,10.155
2024-05-31,87.46,28.9925,9300.5,10.025
2024-06-03,86.94,29.095,9329.0,9.65125
2024-06-04,85.63,28.3075,9112.0,9.525
2024-06-05,85.76,28.4963,9083.5,9.5325
2024-06-06,87.26,29.7388,9226.5,9.7725
2024-06-07,85.34,28.0525,9214.0,9.775
2024-06-10,85.84,28.2987,9049.5,9.98125
2024-06-11,85.72,27.8213,8837.5,10.1
2024-06-12,86.64,28.745,8962.5,10.11
2024-06-13,86.05,27.6963,8695.5,10.165
2024-06-14,85.79,27.81,8573.5,10.16
2024-06-17,85.34,27.9825,8678.5,10.25
2024-06-18,86.0,28.0,8766.0,10.42
2024-06-20,86.39,29.1475,8864.5,10.48
2024-06-21,85.44,28.3575,8733.0,10.515
2024-06-24,85.9,28.23,8897.0,10.54
2024-06-25,84.87,27.6525,8812.5,10.535
2024-06-26,84.85,27.62,8798.5,10.41
2024-06-27,85.08,27.7087,8794.5,10.585
2024-06-28,85.16,27.9513,8792.0,10.505
2024-07-01,85.61,27.9525,9007.0,10.705
2024-07-02,85.92,28.3025,8899.0,10.785
2024-07-03,86.98,29.125,9023.0,10.735
2024-07-05,87.6,29.7812,9056.0,10.9
2024-07-08,86.5,29.6388,9062.5,10.675
2024-07-09,85.77,29.2087,8945.0,10.545
2024-07-10,85.56,29.5662,9016.5,10.63
2024-07-11,85.99,30.2013,9049.0,10.6175
2024-07-12,85.79,29.545,9067.5,10.655
2024-07-15,84.93,29.545,9035.0,10.56
2024-07-16,84.99,29.8875,9037.0,10.45
2024-07-17,84.54,28.9487,9098.0,10.55
2024-07-18,84.16,28.7887,9157.5,10.575
2024-07-19,82.64,27.8925,9114.0,10.43
2024-07-22,82.88,27.6437,9273.5,10.21
2024-07-23,82.43,27.7425,9292.0,10.055
2024-07-24,82.44,28.0775,9254.0,10.16
2024-07-25,81.71,26.6525,9226.0,10.14
2024-07-26,81.02,26.5375,9258.0,9.96625
2024-07-29,80.57,26.2313,9227.0,9.915
2024-07-30,80.77,26.7237,9318.0,9.825
2024-07-31,81.84,27.4425,9276.5,10.1175
2024-08-01,80.94,27.3675,8891.5,10.155
2024-08-02,80.12,26.9325,8589.5,9.6525
2024-08-05,79.07,26.0662,8468.0,9.63
2024-08-06,79.23,25.8463,8435.5,9.6725
2024-08-07,79.82,25.7962,8687.5,9.925
2024-08-08,80.39,26.15,8621.5,9.915
2024-08-09,80.69,26.155,8670.0,10.0
2024-08-12,81.69,26.58,8691.5,10.217
2024-08-13,80.82,26.385,8708.5,10.195
2024-08-14,80.54,26.2812,8781.5,10.147
2024-08-16,81.19,27.0775,8978.5,10.071
2024-08-19,81.55,28.11,9063.0,10.014
2024-08-20,81.38,28.1812,8956.5,9.759
2024-08-21,81.24,28.235,8979.5,9.76
2024-08-22,80.64,27.6825,8976.5,9.767
2024-08-23,81.99,28.5225,9063.5,9.9275
2024-08-27,82.71,28.595,9088.0,10.052
2024-08-28,81.79,28.0413,9058.0,9.895
2024-08-29,82.58,28.1737,9088.0,10.041
2024-08-30,81.54,27.6112,9145.5,9.789
2024-09-03,80.42,26.67,9001.0,9.429
2024-09-04,80.14,26.9425,8965.5,9.312
2024-09-05,80.68,27.5225,9062.5,9.32
2024-09-06,79.28,27.3137,8888.5,9.082
2024-09-09,79.85,26.8312,9004.5,9.057
2024-09-10,79.17,27.0737,8878.5,8.808
2024-09-11,79.95,27.1987,8886.5,8.94
2024-09-12,81.55,28.3288,8992.5,9.241
2024-09-13,82.32,29.3375,9061.5,9.244
2024-09-16,82.73,29.36,9052.0,9.258
2024-09-17,83.19,29.2525,9173.0,9.3805
2024-09-18,83.28,29.0675,9146.0,9.3875
2024-09-19,84.21,29.5225,9246.0,9.579
2024-09-20,84.45,29.66,9219.0,9.509
2024-09-23,85.08,29.5025,9051.5,9.4895
2024-09-24,86.47,30.24,9123.0,9.568
2024-09-25,86.33,30.4562,9076.5,9.57
2024-09-26,86.16,30.7687,9273.0,9.215
2024-09-27,86.11,30.28,9281.5,9.146
2024-09-30,85.92,29.7138,9141.5,9.329
2024-10-01,86.96,30.23,8930.0,9.636
2024-10-02,87.29,30.355,8914.0,9.516
2024-10-03,88.17,30.4525,8933.0,9.866
2024-10-07,88.27,30.2463,9182.5,10.3195
2024-10-08,86.26,28.845,9113.0,9.932
2024-10-09,85.71,29.21,9131.0,9.885
2024-10-10,87.03,29.495,9177.0,10.05
2024-10-11,87.37,30.1588,9225.5,10.174
2024-10-15,85.11,30.11,9253.0,9.535
2024-10-16,85.14,30.3475,9271.0,9.491
2024-10-17,85.17,30.305,9326.5,9.538
2024-10-18,85.31,31.1262,9364.0,9.342
2024-10-21,85.72,32.1625,9293.0,9.535
2024-10-22,86.91,33.1275,9297.5,9.799
2024-10-23,86.33,32.14,9266.0,9.691
2024-10-24,86.49,32.0925,9250.0,9.615
2024-10-25,86.98,32.4637,9213.5,9.808
2024-10-28,85.49,32.3325,9291.0,9.264
2024-10-29,85.69,32.665,9243.5,9.198
2024-10-30,86.08,32.3262,9242.0,9.372
2024-10-31,85.56,31.2013,9313.5,9.466
2024-11-04,86.27,31.035,9535.0,9.743
2024-11-05,86.6,31.2075,9550.5,9.92
2024-11-06,85.59,29.76,9318.0,9.88
2024-11-07,86.8,30.285,9314.0,9.805
2024-11-08,85.79,29.9538,9181.0,9.633
2024-11-12,84.1,29.2463,9185.0,9.444
2024-11-13,83.86,29.2175,9172.5,9.389
2024-11-14,83.42,29.1038,9307.0,9.44
2024-11-15,83.56,28.95,9395.0,9.388
2024-11-18,84.85,29.7875,9454.0,9.53
2024-11-19,85.07,29.7125,9309.5,9.536
2024-11-20,85.37,29.6375,9259.0,9.563
2024-11-21,85.65,29.4175,9287.0,9.617
2024-11-22,85.89,29.7475,9134.5,9.746
2024-11-25,84.92,28.8425,9182.0,9.527
2024-11-26,85.19,29.0775,9076.5,9.56
2024-11-27,84.75,28.7812,9041.0,9.475
2024-11-29,85.11,29.3325,9131.5,9.551
2024-12-02,84.29,29.0588,9134.5,9.4345
2024-12-03,84.68,29.5475,9236.0,9.655
2024-12-04,84.73,29.9888,9263.5,9.5885
2024-12-05,84.79,29.795,9495.5,9.428
2024-12-06,85.03,29.8137,9461.5,9.325
2024-12-09,85.76,30.5925,9491.0,9.467
2024-12-10,85.94,30.425,9458.5,9.5115
2024-12-11,86.63,30.65,9445.5,9.599
2024-12-12,85.94,29.5725,9505.0,9.537
2024-12-13,85.49,29.0925,9580.0,9.748
2024-12-16,85.14,29.13,9566.0,9.6975
2024-12-17,84.57,29.0425,9399.5,9.565
2024-12-18,84.35,28.78,9465.5,9.76
2024-12-19,83.51,27.57,9359.5,9.582
2024-12-20,84.18,28.075,9297.0,9.58
2024-12-23,84.22,28.22,9316.0,9.505
2024-12-27,84.62,28.15,9419.0,9.7385
2024-12-30,85.18,27.5225,9459.0,9.798
2024-12-31,85.14,27.5525,9503.5,9.879
2025-01-02,85.9,28.1725,9472.0,10.14
2025-01-03,85.1,28.3975,9467.0,10.143
2025-01-06,85.71,28.7712,9675.0,10.186
2025-01-07,86.14,28.685,9649.0,10.2065
2025-01-08,86.12,28.7738,9709.0,10.1
2025-01-10,88.26,29.02,9760.0,10.383
2025-01-13,88.39,28.2975,9824.5,10.613
2025-01-14,88.26,28.4825,9997.5,10.502
2025-01-15,89.33,29.0063,10158.0,10.726
2025-01-16,89.73,29.385,10174.0,10.572
2025-01-17,89.13,29.0,10267.0,10.6305
2025-01-21,88.96,29.3037,10405.0,10.5215
2025-01-22,89.52,29.365,10338.0,10.487
2025-01-23,89.42,28.93,10516.0,10.3905
2025-01-24,89.6,29.3575,10482.0,10.367
2025-01-27,88.26,28.82,10495.0,10.17
2025-01-28,88.46,28.9088,10496.0,10.169
2025-01-29,89.1,29.4237,10595.0,10.182
2025-01-30,89.46,30.16,10607.0,10.1905
2025-01-31,89.25,30.0163,10555.0,10.1445
2025-02-03,90.02,30.1712,10290.0,10.1275
2025-02-04,90.41,30.7763,10453.0,10.1645
2025-02-05,90.55,30.9425,10505.0,9.975
2025-02-06,90.64,30.7162,10902.0,9.989
2025-02-07,90.67,30.7362,10896.0,9.9595
2025-02-10,91.94,30.62,10886.0,10.135
2025-02-11,92.03,30.4475,11028.0,10.274
2025-02-12,91.95,30.6763,11169.0,10.1645
2025-02-13,92.29,30.7488,11079.0,10.0595
2025-02-14,92.21,31.005,11114.0,10.0105
2025-02-18,93.54,31.35,11389.0,10.133
2025-02-19,93.64,31.1525,11229.0,10.236
2025-02-20,93.83,31.5075,11238.0,10.2905
2025-02-21,93.16,31.1775,11333.0,10.047
2025-02-24,92.35,30.8062,11361.0,9.9945
2025-02-25,91.55,29.9175,11551.0,9.725
2025-02-26,91.11,30.4163,11814.0,9.731
2025-02-27,90.71,29.9387,11731.0,9.8635
2025-02-28,89.14,29.5912,11760.0,9.807
2025-03-03,89.94,30.2588,11966.0,9.802
2025-03-04,90.04,30.1763,11513.0,9.491
2025-03-05,90.54,31.0725,12118.0,9.206
2025-03-06,90.41,31.2,12371.0,9.279
2025-03-07,90.83,30.7887,12286.0,9.508
2025-03-10,90.74,30.7087,11928.0,9.3635
2025-03-11,91.05,31.2675,11771.0,9.395
2025-03-12,91.05,31.7075,11943.0,9.5635
2025-03-13,91.6,32.3275,11876.0,9.446
2025-03-14,91.63,32.1175,12186.0,9.467
2025-03-17,92.21,32.17,12284.0,9.5675
2025-03-18,92.49,32.5525,12600.0,9.515
2025-03-19,92.87,32.0725,12555.0,9.5325
2025-03-20,92.79,31.855,12280.0,9.662
2025-03-21,92.23,31.4875,12300.0,9.688
2025-03-24,92.07,31.4975,12360.0,9.815
2025-03-25,92.37,32.1275,12550.0,9.769
2025-03-26,92.44,32.1675,12483.0,9.915
