date,Goldman Sachs Patrimonial Balanced Fund,Baillie Gifford European Growth Fund,Impax Environmental Markets Fund,DWS ESG Euro Market Fund
2016-04-01,582.14,65.5,170.5,102.54
2016-04-04,581.44,65.75,170.0,102.54
2016-04-05,577.03,63.75,169.5,102.54
2016-04-06,576.79,64.5,172.75,102.54
2016-04-07,574.42,64.4,169.0,102.54
2016-04-08,577.13,64.8,171.5,102.54
2016-04-11,578.81,64.8,170.0,102.54
2016-04-12,579.7,65.275,170.0,102.54
2016-04-13,586.91,66.7,172.0,102.54
2016-04-14,589.54,67.5,173.5,102.53
2016-04-15,589.56,67.8,175.5,102.54
2016-04-18,589.73,67.8,174.25,102.54
2016-04-19,592.44,67.75,174.25,102.54
2016-04-20,595.2,68.1,170.5,102.54
2016-04-21,594.65,68.3,173.0,102.53
2016-04-22,594.15,68.15,172.0,102.53
2016-04-25,591.51,67.2,174.0,102.53
2016-04-26,591.99,68.35,173.5,102.53
2016-04-27,593.15,69.0,174.0,102.53
2016-04-28,594.01,67.55,172.0,102.53
2016-04-29,588.25,67.9,170.0,102.53
2016-05-03,584.7,67.75,170.0,102.53
2016-05-04,581.51,67.5,170.0,102.53
2016-05-06,581.84,66.5,167.0,102.53
2016-05-09,582.25,67.475,166.5,102.53
2016-05-10,584.43,66.85,170.0,102.52
2016-05-11,583.68,67.0,169.0,102.52
2016-05-12,581.99,67.5,167.25,102.52
2016-05-13,582.98,66.9,170.0,102.52
2016-05-17,582.06,66.0,167.5,102.52
2016-05-18,583.18,65.2,167.5,102.52
2016-05-19,581.45,64.2,164.0,102.52
2016-05-20,583.59,65.4,166.75,102.52
2016-05-23,583.51,65.1,167.0,102.52
2016-05-24,588.1,64.825,166.5,102.52
2016-05-25,593.16,65.2,167.0,102.52
2016-05-27,596.16,65.6,169.0,102.52
2016-05-31,595.77,66.4,169.0,102.52
2016-06-01,593.42,65.1,167.25,102.52
2016-06-02,593.44,66.5,168.5,102.52
2016-06-03,591.48,66.5,171.0,102.52
2016-06-06,591.29,67.5,174.75,102.52
2016-06-07,594.43,67.1,173.5,102.52
2016-06-08,594.13,67.2,174.75,102.52
2016-06-09,591.88,66.5,176.5,102.52
2016-06-10,585.37,66.25,176.75,102.52
2016-06-13,578.49,64.6,173.75,102.52
2016-06-14,573.16,63.2,175.0,102.52
2016-06-15,573.71,64.35,175.0,102.52
2016-06-16,572.92,63.0,173.5,102.52
2016-06-17,575.35,64.95,173.0,102.52
2016-06-20,583.95,64.5,172.25,102.52
2016-06-21,586.76,64.85,171.75,102.52
2016-06-22,587.37,64.45,176.0,102.52
2016-06-24,572.53,65.0,173.0,102.5
2016-06-27,561.03,61.85,173.5,102.5
2016-06-28,565.38,63.0,176.0,102.5
2016-06-29,572.47,63.5,176.5,102.5
2016-06-30,576.9,62.95,184.0,102.5
2016-07-01,579.8,64.2,187.0,102.51
2016-07-04,578.73,63.175,185.75,102.51
2016-07-05,573.85,62.65,186.5,102.51
2016-07-06,568.88,62.1,185.75,102.51
2016-07-07,569.47,63.0,185.75,102.51
2016-07-08,575.29,64.05,189.5,102.51
2016-07-11,579.97,65.5,187.5,102.51
2016-07-12,584.44,64.6,188.5,102.51
2016-07-13,585.05,66.0,188.0,102.51
2016-07-14,588.0,66.5,188.25,102.51
2016-07-15,587.47,66.5,192.5,102.51
2016-07-18,587.04,67.5,190.0,102.51
2016-07-19,586.12,67.5,193.5,102.51
2016-07-20,588.73,67.3,193.0,102.51
2016-07-21,589.26,67.0,194.5,102.51
2016-07-22,590.02,68.4,195.5,102.51
2016-07-25,590.54,68.4,192.5,102.51
2016-07-26,590.9,68.0,193.5,102.51
2016-07-27,593.74,69.4,194.25,102.51
2016-07-28,592.1,68.45,196.0,102.51
2016-07-29,593.92,68.6,196.5,102.51
2016-08-01,592.49,69.25,195.625,102.51
2016-08-02,587.14,68.625,198.0,102.51
2016-08-03,586.87,68.0,196.75,102.51
2016-08-04,589.42,68.5,192.25,102.51
2016-08-05,593.28,67.6,198.0,102.51
2016-08-08,595.28,68.6,196.0,102.51
2016-08-09,599.03,69.5,197.0,102.51
2016-08-10,598.91,70.3,198.25,102.51
2016-08-11,601.04,70.5,198.5,102.51
2016-08-12,601.53,71.3,204.0,102.51
2016-08-16,598.79,71.7,201.0,102.51
2016-08-17,595.58,71.2,200.0,102.51
2016-08-18,596.9,71.1,200.5,102.51
2016-08-19,594.86,71.0,204.25,102.51
2016-08-22,594.4,71.9,205.0,102.51
2016-08-23,596.76,70.8,203.25,102.51
2016-08-24,598.14,70.3,203.375,102.51
2016-08-25,596.71,71.0,201.0,102.51
2016-08-26,597.95,70.0,204.0,102.51
2016-08-30,599.01,70.625,203.25,102.51
2016-08-31,598.34,71.5,205.0,102.51
2016-09-01,597.86,70.525,203.5,102.5
2016-09-02,602.81,70.85,203.0,102.51
2016-09-05,603.8,70.6,202.0,102.51
2016-09-06,603.6,70.5,206.0,102.5
2016-09-07,605.44,70.8,201.0,102.5
2016-09-08,604.51,70.8,201.25,102.5
2016-09-09,600.57,71.0,202.5,102.5
2016-09-12,596.19,70.0,200.0,102.5
2016-09-13,592.67,69.6,200.25,102.5
2016-09-14,591.24,69.8,203.0,102.5
2016-09-15,591.43,69.8,200.0,102.5
2016-09-16,589.45,71.05,202.75,102.5
2016-09-19,591.74,70.95,200.0,102.5
2016-09-20,592.88,70.1,204.25,102.5
2016-09-21,594.02,71.75,204.75,102.5
2016-09-22,600.17,71.4,206.0,102.5
2016-09-23,599.86,72.3,209.5,102.5
2016-09-26,595.47,71.0,208.0,102.5
2016-09-27,594.26,72.05,209.0,102.5
2016-09-28,595.83,71.2,207.0,102.5
2016-09-29,596.14,72.0,208.5,102.49
2016-09-30,596.88,72.25,210.0,102.49
2016-10-04,598.33,73.5,209.0,102.49
2016-10-05,597.48,72.9,210.0,102.49
2016-10-06,597.09,73.5,210.25,102.49
2016-10-07,594.39,74.5,212.5,102.49
2016-10-10,596.21,74.9,214.75,102.49
2016-10-11,596.35,75.55,215.25,102.49
2016-10-12,595.21,76.4,216.0,102.49
2016-10-13,592.85,74.9,215.5,102.49
2016-10-14,595.87,75.4,217.75,102.48
2016-10-17,595.53,75.0,215.0,102.48
2016-10-18,598.65,75.3,216.5,102.49
2016-10-19,600.32,75.45,217.0,102.49
2016-10-20,601.71,76.2,214.5,102.48
2016-10-21,601.84,76.0,218.5,102.48
2016-10-24,602.99,75.8,216.25,102.48
2016-10-25,603.14,76.175,218.5,102.48
2016-10-26,601.79,75.725,216.5,102.48
2016-10-27,600.98,75.725,218.75,102.48
2016-10-28,601.48,75.8,216.75,102.48
2016-10-31,599.8,76.0,217.25,102.48
2016-11-02,594.18,75.15,215.625,102.48
2016-11-03,592.05,74.8,214.25,102.48
2016-11-04,589.74,73.5,206.0,102.48
2016-11-07,593.35,74.0,207.5,102.48
2016-11-08,595.23,74.2,209.0,102.48
2016-11-09,597.95,73.6,206.0,102.48
2016-11-10,595.63,74.5,211.0,102.48
2016-11-11,593.03,74.45,207.75,102.47
2016-11-14,592.35,74.8,210.0,102.48
2016-11-15,594.35,74.6,212.0,102.48
2016-11-16,592.9,74.125,212.0,102.48
2016-11-17,593.16,74.2,209.875,102.47
2016-11-18,591.75,73.45,210.0,102.47
2016-11-21,592.1,72.8,211.25,102.48
2016-11-22,594.62,73.25,209.5,102.47
2016-11-23,593.09,72.8,210.0,102.47
2016-11-24,593.33,72.6,210.0,102.47
2016-11-25,593.76,72.5,210.5,102.47
2016-11-28,591.92,72.3,210.625,102.47
2016-11-29,593.05,73.1,211.0,102.47
2016-11-30,594.29,71.9,212.0,102.47
2016-12-01,592.37,71.2,210.0,102.47
2016-12-02,591.53,70.5,210.25,102.47
2016-12-05,592.88,71.0,210.75,102.47
2016-12-06,597.76,72.0,208.5,102.47
2016-12-07,602.09,73.25,208.5,102.47
2016-12-08,605.19,74.85,210.5,102.47
2016-12-09,606.47,75.0,214.0,102.47
2016-12-12,606.87,74.9,212.5,102.47
2016-12-13,610.08,76.0,211.75,102.47
2016-12-14,609.45,76.0,211.5,102.46
2016-12-15,610.67,76.1,212.0,102.46
2016-12-16,611.3,77.4,214.0,102.46
2016-12-19,611.84,77.5,213.0,102.46
2016-12-20,612.24,78.0,212.75,102.46
2016-12-21,612.91,78.0,213.0,102.46
2016-12-22,613.07,78.1,214.75,102.46
2016-12-23,614.51,77.5,215.75,102.46
2016-12-28,615.1,78.0,215.5,102.46
2016-12-29,615.32,78.2,214.0,102.46
2016-12-30,614.63,79.35,218.0,102.46
2017-01-03,616.25,80.575,218.75,102.46
2017-01-04,616.31,81.0,218.75,102.46
2017-01-05,616.7,78.5,217.0,102.45
2017-01-06,616.17,79.225,219.25,102.46
2017-01-09,615.87,79.4,219.25,102.46
2017-01-10,616.44,79.475,218.125,102.46
2017-01-11,617.29,80.5,219.0,102.46
2017-01-12,614.7,80.025,217.75,102.46
2017-01-13,617.3,80.1,220.0,102.46
2017-01-16,615.11,80.3,224.0,102.46
2017-01-17,612.95,80.0,221.0,102.46
2017-01-18,612.55,79.2,218.5,102.46
2017-01-19,612.19,79.7,220.5,102.46
2017-01-20,610.34,79.55,219.0,102.46
2017-01-23,608.98,79.5,216.5,102.46
2017-01-24,606.06,79.225,217.75,102.46
2017-01-25,608.46,80.5,218.0,102.46
2017-01-26,609.44,81.0,218.0,102.46
2017-01-27,609.56,79.8,218.125,102.46
2017-01-30,606.37,80.25,217.25,102.46
2017-01-31,604.85,80.325,216.875,102.46
2017-02-01,606.89,80.05,217.125,102.46
2017-02-02,607.88,80.225,216.25,102.45
2017-02-03,609.59,80.05,219.5,102.45
2017-02-06,606.43,79.85,220.0,102.45
2017-02-07,607.58,79.65,220.0,102.45
2017-02-08,609.18,81.0,219.75,102.45
2017-02-09,611.1,80.45,221.0,102.45
2017-02-10,610.45,80.7,222.0,102.45
2017-02-13,612.12,80.9,223.0,102.45
2017-02-14,611.42,81.2,222.625,102.45
2017-02-15,611.76,80.85,224.0,102.45
2017-02-16,613.06,80.8,223.125,102.45
2017-02-17,613.76,80.8,223.75,102.45
2017-02-20,614.5,80.8,223.5,102.45
2017-02-21,615.5,80.75,223.75,102.45
2017-02-22,616.93,80.75,223.5,102.45
2017-02-23,616.79,80.85,222.25,102.44
2017-02-24,616.1,79.5,221.75,102.44
2017-02-27,616.68,79.275,222.5,102.44
2017-02-28,617.74,79.0,224.25,102.44
2017-03-01,621.32,80.5,228.0,102.44
2017-03-02,621.16,81.0,228.5,102.44
2017-03-03,619.84,81.75,227.875,102.44
2017-03-06,618.76,81.5,227.75,102.44
2017-03-07,618.21,81.5,229.0,102.44
2017-03-08,617.18,82.1,227.5,102.44
2017-03-09,618.85,81.6,226.5,102.44
2017-03-10,619.4,81.5,227.75,102.44
2017-03-13,619.51,81.7,227.75,102.44
2017-03-14,619.58,81.75,227.875,102.44
2017-03-15,620.54,81.55,227.5,102.44
2017-03-16,621.2,82.0,227.5,102.43
2017-03-17,622.16,83.3,230.0,102.43
2017-03-20,622.52,82.75,229.75,102.43
2017-03-21,620.1,82.675,228.0,102.43
2017-03-22,618.28,83.05,224.25,102.43
2017-03-23,620.2,82.3,223.75,102.43
2017-03-24,620.6,82.425,225.75,102.43
2017-03-27,620.28,81.4,222.25,102.43
2017-03-28,622.39,82.5,223.5,102.43
2017-03-29,623.08,83.55,226.5,102.43
2017-03-30,623.89,82.7,224.0,102.43
2017-03-31,623.87,84.0,227.25,102.42
2017-04-03,622.52,83.45,225.0,102.42
2017-04-04,624.15,83.15,225.25,102.42
2017-04-05,623.23,83.9,225.0,102.42
2017-04-06,623.69,83.475,225.125,102.42
2017-04-07,624.99,83.85,225.0,102.42
2017-04-10,624.78,83.9,226.75,102.42
2017-04-11,624.43,83.95,226.0,102.42
2017-04-12,625.66,84.55,226.75,102.41
2017-04-13,625.03,84.075,226.375,102.41
2017-04-18,621.29,83.65,222.875,102.41
2017-04-19,620.94,83.425,220.25,102.41
2017-04-20,621.44,83.0,221.0,102.41
2017-04-21,620.54,83.05,223.375,102.41
2017-04-24,627.91,85.375,226.0,102.41
2017-04-25,628.6,85.3,227.5,102.41
2017-04-26,630.29,85.975,227.75,102.41
2017-04-27,631.94,85.0,225.25,102.4
2017-04-28,630.96,85.5,225.25,102.4
2017-05-02,633.83,86.45,226.5,102.4
2017-05-03,634.73,86.2,227.0,102.4
2017-05-04,637.39,87.7,227.25,102.4
2017-05-05,639.1,88.3,228.0,102.4
2017-05-08,638.73,89.5,227.25,102.4
2017-05-09,640.22,90.475,228.875,102.4
2017-05-10,640.81,91.0,229.0,102.4
2017-05-11,639.6,90.775,229.0,102.39
2017-05-12,642.54,91.025,230.0,102.39
2017-05-15,642.07,91.075,230.375,102.39
2017-05-16,643.22,90.7,230.0,102.39
2017-05-17,640.26,89.875,227.25,102.39
2017-05-18,639.31,88.95,225.0,102.39
2017-05-19,641.7,89.575,227.0,102.39
2017-05-22,640.62,89.75,226.75,102.39
2017-05-23,641.79,90.075,228.375,102.39
2017-05-24,642.87,90.25,229.25,102.39
2017-05-26,643.65,92.0,233.0,102.38
2017-05-30,643.33,91.0,231.875,102.38
2017-05-31,643.29,91.6,232.75,102.38
2017-06-01,645.07,92.0,233.5,102.38
2017-06-02,647.68,92.5,233.0,102.37
2017-06-06,644.42,92.5,234.0,102.37
2017-06-07,643.09,92.8,233.75,102.37
2017-06-08,642.75,91.425,234.0,102.36
2017-06-09,644.85,92.5,238.75,102.36
2017-06-12,642.28,93.1,237.25,102.36
2017-06-13,643.78,93.0,238.0,102.36
2017-06-14,644.52,92.55,238.0,102.35
2017-06-16,642.69,90.8,238.5,102.35
2017-06-19,646.12,91.8,236.75,102.35
2017-06-20,645.83,92.8,237.25,102.35
2017-06-21,644.91,91.6,236.25,102.35
2017-06-22,644.72,91.6,236.5,102.35
2017-06-26,644.28,92.05,237.5,102.34
2017-06-27,639.76,93.0,236.5,102.34
2017-06-28,638.4,92.6,234.0,102.34
2017-06-29,631.68,93.25,234.5,102.34
2017-06-30,632.02,92.9,234.75,102.34
2017-07-03,634.27,93.0,234.75,102.34
2017-07-04,633.62,92.0,233.5,102.33
2017-07-05,634.68,92.2,235.0,102.33
2017-07-06,630.73,90.75,233.5,102.33
2017-07-07,632.21,91.325,232.0,102.33
2017-07-10,633.92,91.45,233.75,102.33
2017-07-11,632.48,90.7,233.0,102.33
2017-07-12,638.05,91.325,236.75,102.32
2017-07-13,638.3,90.8,237.5,102.32
2017-07-14,638.61,90.7,236.875,102.33
2017-07-17,638.93,90.8,237.125,102.33
2017-07-18,636.2,90.7,237.75,102.32
2017-07-19,637.18,91.525,240.0,102.32
2017-07-20,637.9,91.05,243.0,102.32
2017-07-21,635.42,91.875,243.0,102.32
2017-07-24,633.93,92.15,246.5,102.32
2017-07-25,635.29,91.2,243.25,102.32
2017-07-26,636.9,91.15,240.25,102.32
2017-07-27,637.74,91.2,243.0,102.32
2017-07-28,634.8,91.2,240.0,102.32
2017-07-31,634.4,91.0,242.25,102.31
2017-08-01,637.16,91.8,242.0,102.31
2017-08-02,636.01,91.8,242.5,102.31
2017-08-03,635.9,91.95,241.5,102.31
2017-08-04,637.01,92.5,243.0,102.31
2017-08-07,637.01,93.5,243.0,102.31
2017-08-08,636.93,93.6,242.75,102.3
2017-08-09,634.91,93.6,244.25,102.3
2017-08-10,631.61,93.65,239.0,102.3
2017-08-11,630.09,93.225,240.5,102.3
2017-08-14,633.66,94.0,240.0,102.3
2017-08-16,636.13,93.5,240.75,102.3
2017-08-17,635.7,93.3,240.25,102.29
2017-08-18,634.12,92.25,240.25,102.29
2017-08-21,633.25,92.3,240.5,102.29
2017-08-22,636.52,94.0,243.0,102.29
2017-08-23,635.43,92.85,240.75,102.29
2017-08-24,635.99,92.5,242.125,102.29
2017-08-25,635.54,93.35,243.25,102.29
2017-08-29,631.61,92.75,239.25,102.28
2017-08-30,632.73,92.0,240.75,102.28
2017-08-31,635.53,92.775,243.5,102.28
2017-09-01,637.65,93.025,239.0,102.28
2017-09-04,636.21,92.775,241.25,102.28
2017-09-05,636.57,92.1,242.5,102.28
2017-09-06,636.17,92.05,242.0,102.28
2017-09-07,637.88,93.05,240.0,102.27
2017-09-08,637.43,93.05,241.0,102.27
2017-09-11,640.24,93.95,241.0,102.27
2017-09-12,640.92,92.6,241.0,102.27
2017-09-13,640.18,92.9,241.125,102.27
2017-09-14,638.84,91.6,239.0,102.26
2017-09-15,637.15,90.7,236.25,102.26
2017-09-18,638.63,91.35,235.75,102.26
2017-09-19,639.13,91.075,238.0,102.26
2017-09-20,638.78,90.65,239.625,102.26
2017-09-21,639.56,90.65,238.5,102.25
2017-09-22,639.94,91.45,240.0,102.25
2017-09-25,640.42,90.9,238.0,102.25
2017-09-26,639.13,90.6,238.0,102.25
2017-09-27,639.44,91.0,238.25,102.25
2017-09-28,640.09,91.675,238.0,102.25
2017-09-29,641.92,91.95,241.0,102.25
2017-10-02,644.67,93.5,245.0,102.24
2017-10-04,644.93,93.5,246.75,102.24
2017-10-05,645.5,94.0,248.0,102.24
2017-10-06,644.79,94.75,250.0,102.24
2017-10-09,644.93,95.275,248.0,102.24
2017-10-10,645.01,95.3,249.5,102.23
2017-10-11,645.86,95.55,252.75,102.23
2017-10-12,646.77,95.25,250.75,102.23
2017-10-13,647.66,94.3,250.25,102.23
2017-10-16,647.8,95.8,252.75,102.23
2017-10-17,645.63,94.9,254.0,102.23
2017-10-18,646.05,95.05,254.25,102.23
2017-10-19,643.47,93.6,252.0,102.23
2017-10-20,644.0,94.575,252.0,102.23
2017-10-23,644.79,94.6,252.0,102.22
2017-10-24,642.61,94.7,252.5,102.22
2017-10-25,641.69,94.25,251.5,102.22
2017-10-26,644.66,93.5,251.5,102.22
2017-10-27,647.0,95.0,255.0,102.22
2017-10-30,648.18,93.5,254.75,102.22
2017-11-02,647.98,94.9,254.75,102.22
2017-11-03,648.85,95.025,254.0,102.22
2017-11-06,648.24,95.125,254.25,102.21
2017-11-07,645.0,94.4,256.125,102.21
2017-11-08,644.71,94.45,258.25,102.21
2017-11-09,640.61,93.8,258.25,102.21
2017-11-10,639.21,95.1,258.0,102.21
2017-11-13,637.52,93.625,259.25,102.2
2017-11-14,637.0,93.525,259.125,102.2
2017-11-15,635.34,92.675,257.0,102.2
2017-11-16,638.75,92.475,259.0,102.2
2017-11-17,637.43,92.475,259.0,102.2
2017-11-20,638.45,91.725,259.0,102.19
2017-11-21,640.3,90.55,257.5,102.19
2017-11-22,639.03,90.6,257.5,102.19
2017-11-23,638.47,91.025,259.5,102.19
2017-11-24,638.08,91.775,257.875,102.19
2017-11-27,636.95,91.75,258.0,102.19
2017-11-28,640.37,91.85,256.25,102.18
2017-11-29,638.59,91.9,258.0,102.18
2017-11-30,639.96,92.0,258.0,102.18
2017-12-01,637.82,91.375,256.0,102.18
2017-12-04,640.95,91.05,258.75,102.18
2017-12-05,640.55,91.425,257.25,102.18
2017-12-06,640.83,91.2,254.5,102.18
2017-12-07,643.32,91.3,258.0,102.17
2017-12-08,645.14,90.65,254.75,102.17
2017-12-11,646.62,91.25,254.75,102.17
2017-12-12,647.41,91.8,256.0,102.17
2017-12-13,646.5,91.85,252.25,102.17
2017-12-14,643.47,91.75,255.25,102.17
2017-12-15,643.28,92.9,251.5,102.17
2017-12-18,646.44,93.025,252.0,102.17
2017-12-19,644.27,93.3,255.0,102.16
2017-12-20,641.79,93.6,255.0,102.16
2017-12-21,643.26,93.2,254.125,102.15
2017-12-22,643.81,92.9,254.25,102.15
2017-12-27,643.94,94.0,254.25,102.15
2017-12-28,642.96,94.7,256.0,102.15
2017-12-29,642.27,95.1,256.5,102.15
2018-01-02,640.81,94.5,257.0,102.14
2018-01-03,642.43,94.7,257.0,102.14
2018-01-04,645.6,94.2,255.0,102.14
2018-01-05,648.5,94.6,259.5,102.14
2018-01-08,648.53,94.6,263.0,102.14
2018-01-09,649.98,94.9,265.5,102.13
2018-01-10,647.28,95.4,271.0,102.13
2018-01-11,646.9,95.2,271.0,102.13
2018-01-12,647.52,94.8,273.0,102.13
2018-01-15,646.95,95.8,272.0,102.13
2018-01-16,648.07,96.1,270.0,102.13
2018-01-17,647.26,96.1,270.0,102.13
2018-01-18,648.41,96.1,273.0,102.12
2018-01-19,650.61,96.5,271.0,102.12
2018-01-22,651.74,96.0,268.0,102.12
2018-01-23,652.3,97.0,270.0,102.12
2018-01-24,649.39,96.3,267.0,102.12
2018-01-25,647.14,97.4,266.0,102.12
2018-01-26,647.95,96.5,265.0,102.12
2018-01-29,647.21,96.7,265.0,102.11
2018-01-30,645.37,95.2,261.0,102.11
2018-01-31,646.02,95.2,263.0,102.11
2018-02-01,643.12,95.6,260.0,102.11
2018-02-02,638.82,95.2,257.0,102.11
2018-02-05,633.8,94.0,252.5,102.11
2018-02-06,627.38,90.4,246.0,102.11
2018-02-07,633.57,92.4,250.0,102.1
2018-02-08,627.66,91.3,249.0,102.1
2018-02-09,623.04,90.5,248.5,102.1
2018-02-12,626.73,92.3,252.5,102.1
2018-02-13,624.61,92.3,250.0,102.1
2018-02-14,628.48,92.6,251.5,102.09
2018-02-15,631.16,93.2,253.0,102.09
2018-02-16,634.97,94.2,256.0,102.09
2018-02-19,631.0,93.6,255.5,102.09
2018-02-20,632.23,93.3,254.0,102.09
2018-02-21,633.8,94.4,254.0,102.09
2018-02-22,633.0,93.8,254.5,102.08
2018-02-23,634.25,94.0,254.0,102.08
2018-02-26,636.03,94.0,256.0,102.08
2018-02-27,634.59,93.8,256.0,102.08
2018-02-28,634.54,92.8,255.0,102.08
2018-03-01,629.9,92.4,252.0,102.07
2018-03-02,624.94,91.0,253.0,102.07
2018-03-05,627.44,90.4,252.0,102.07
2018-03-06,627.98,91.6,254.0,102.07
2018-03-07,630.27,92.0,252.0,102.07
2018-03-08,634.03,92.2,248.0,102.07
2018-03-09,634.67,93.3,250.0,101.91
2018-03-12,635.65,93.7,251.0,101.91
2018-03-13,632.53,93.9,252.0,101.92
2018-03-14,632.08,93.0,253.0,101.91
2018-03-15,633.29,92.6,253.0,101.91
2018-03-16,632.01,94.2,257.0,101.91
2018-03-19,626.76,92.0,253.0,101.91
2018-03-20,627.94,92.7,257.0,101.91
2018-03-21,627.0,91.6,252.0,101.9
2018-03-22,623.26,89.8,253.0,101.9
2018-03-23,621.42,87.2,246.0,101.89
2018-03-26,618.74,86.6,249.0,101.89
2018-03-27,623.17,87.8,249.5,101.89
2018-03-28,623.92,87.8,250.0,101.88
2018-03-29,625.22,89.0,252.0,101.88
2018-04-03,623.08,88.4,252.0,101.88
2018-04-04,621.38,87.0,248.0,101.88
2018-04-05,628.29,88.0,250.0,101.88
2018-04-06,628.76,88.8,250.0,101.88
2018-04-09,629.8,88.7,252.0,101.87
2018-04-10,632.41,89.7,251.0,101.87
2018-04-11,632.42,90.6,251.0,101.87
2018-04-12,634.3,89.6,250.0,101.87
2018-04-13,634.43,89.2,252.0,101.87
2018-04-16,632.47,88.0,248.0,101.87
2018-04-17,636.32,88.2,250.5,101.87
2018-04-18,637.0,89.6,251.5,101.87
2018-04-19,635.55,90.4,252.0,101.86
2018-04-20,634.77,91.1,256.0,101.86
2018-04-23,635.03,90.8,255.0,101.86
2018-04-24,634.54,91.4,268.0,101.86
2018-04-25,630.97,90.4,267.0,101.86
2018-04-26,634.69,90.6,262.0,101.85
2018-04-27,636.96,91.2,264.0,101.85
2018-04-30,637.71,91.4,266.0,101.85
2018-05-02,640.12,92.5,267.0,101.85
2018-05-03,638.74,92.7,265.0,101.85
2018-05-04,640.1,95.0,265.0,101.84
2018-05-08,642.4,94.2,262.0,101.84
2018-05-09,643.93,94.2,263.0,101.84
2018-05-11,643.64,94.4,264.0,101.83
2018-05-14,642.99,94.9,273.0,101.83
2018-05-15,642.54,94.2,270.0,101.83
2018-05-16,642.21,94.8,271.0,101.83
2018-05-17,643.92,94.5,270.0,101.83
2018-05-18,644.0,94.4,269.0,101.83
2018-05-22,644.55,94.4,273.0,101.82
2018-05-23,642.17,93.6,272.0,101.82
2018-05-24,641.39,93.6,271.0,101.82
2018-05-25,641.59,93.6,271.5,101.82
2018-05-29,633.57,90.8,272.0,101.81
2018-05-30,634.55,90.4,269.0,101.81
2018-06-01,636.31,91.0,269.0,101.8
2018-06-04,639.72,92.0,271.0,101.8
2018-06-05,639.65,92.6,269.0,101.8
2018-06-06,639.19,92.2,275.0,101.8
2018-06-07,639.34,91.4,274.0,101.79
2018-06-08,639.06,91.6,271.0,101.79
2018-06-11,642.01,91.6,272.0,101.79
2018-06-12,643.3,92.0,275.0,101.79
2018-06-13,644.96,92.2,272.0,101.79
2018-06-14,648.49,91.6,275.0,101.78
2018-06-15,645.66,90.6,273.0,101.78
2018-06-18,643.93,91.6,274.0,101.78
2018-06-19,642.69,91.2,271.0,101.78
2018-06-20,643.63,91.4,270.0,101.78
2018-06-21,641.1,91.4,270.0,101.78
2018-06-22,643.77,91.8,270.0,101.78
2018-06-25,637.02,90.1,268.5,101.78
2018-06-26,637.04,90.2,267.0,101.77
2018-06-27,638.17,91.0,267.0,101.77
2018-06-28,635.34,90.6,268.0,101.77
2018-06-29,638.39,89.8,266.0,101.77
2018-07-02,637.03,89.0,266.0,101.76
2018-07-03,638.88,90.4,270.0,101.76
2018-07-04,638.62,90.4,266.0,101.76
2018-07-05,640.47,90.4,270.0,101.76
2018-07-06,642.28,89.6,267.0,101.76
2018-07-09,644.8,91.0,270.0,101.76
2018-07-10,645.95,91.0,271.5,101.76
2018-07-11,642.82,91.0,272.0,101.76
2018-07-12,645.64,91.1,271.5,101.76
2018-07-13,645.48,91.2,271.0,101.75
2018-07-16,644.96,91.4,271.0,101.75
2018-07-17,646.97,91.5,271.0,101.75
2018-07-18,648.02,92.6,273.0,101.75
2018-07-19,645.43,93.0,271.5,101.75
2018-07-20,645.5,92.0,268.0,101.75
2018-07-23,643.75,93.0,271.0,101.75
2018-07-24,645.66,94.0,274.0,101.75
2018-07-25,646.18,93.4,276.0,101.75
2018-07-26,648.55,93.5,274.0,101.74
2018-07-27,650.3,93.7,275.5,101.74
2018-07-30,648.02,94.0,275.0,101.74
2018-07-31,647.49,93.8,276.0,101.74
2018-08-01,645.23,93.9,276.0,101.74
2018-08-02,642.51,93.4,276.0,101.74
2018-08-03,643.92,93.6,276.0,101.74
2018-08-06,644.48,93.8,279.0,101.74
2018-08-07,644.36,93.0,280.0,101.74
2018-08-08,644.18,93.4,281.0,101.74
2018-08-09,645.01,93.3,280.0,101.73
2018-08-10,641.12,92.0,277.0,101.73
2018-08-13,640.2,91.5,277.5,101.73
2018-08-14,640.34,91.0,277.0,101.73
2018-08-16,638.17,89.0,274.0,101.72
2018-08-17,637.37,89.6,275.0,101.72
2018-08-20,640.52,90.4,274.0,101.72
2018-08-21,640.61,90.6,273.5,101.72
2018-08-22,640.4,91.8,271.0,101.72
2018-08-23,640.83,91.6,272.0,101.71
2018-08-24,640.82,91.8,274.0,101.71
2018-08-28,642.35,92.6,275.0,101.71
2018-08-29,642.18,92.5,274.0,101.71
2018-08-30,641.93,92.4,276.0,101.71
2018-08-31,640.14,91.2,274.0,101.71
2018-09-03,638.83,91.4,280.0,101.71
2018-09-04,637.2,91.1,282.5,101.7
2018-09-05,632.86,90.2,278.0,101.7
2018-09-06,631.81,89.4,281.0,101.7
2018-09-07,630.82,89.4,279.0,101.7
2018-09-10,632.28,88.7,277.5,101.7
2018-09-11,632.29,88.2,276.0,101.7
2018-09-12,633.4,88.5,279.0,101.7
2018-09-13,632.27,88.4,274.0,101.7
2018-09-14,634.39,89.6,276.5,101.7
2018-09-17,633.43,89.0,277.0,101.7
2018-09-18,633.63,89.4,278.0,101.7
2018-09-19,634.34,89.4,279.0,101.7
2018-09-20,635.42,89.8,280.0,101.69
2018-09-21,637.7,90.8,287.0,101.69
2018-09-24,634.88,90.2,290.0,101.69
2018-09-25,634.47,90.6,288.5,101.69
2018-09-26,635.1,91.2,288.0,101.69
2018-09-27,634.11,91.2,285.0,101.69
2018-09-28,631.19,90.8,285.0,101.69
2018-10-01,633.44,90.6,286.0,101.68
2018-10-02,632.95,90.4,285.0,101.68
2018-10-04,627.12,88.4,279.0,101.68
2018-10-05,621.71,88.6,279.0,101.68
2018-10-08,616.79,86.4,277.0,101.68
2018-10-09,616.98,85.1,276.0,101.68
2018-10-10,609.95,84.0,266.0,101.68
2018-10-11,605.35,81.4,255.0,101.67
2018-10-12,607.59,82.8,263.0,101.67
2018-10-15,608.37,82.7,265.0,101.67
2018-10-16,614.82,85.6,270.0,101.67
2018-10-17,614.39,83.6,269.0,101.67
2018-10-18,613.29,84.0,270.0,101.66
2018-10-19,612.31,83.4,269.0,101.66
2018-10-22,611.7,83.2,265.0,101.66
2018-10-23,606.59,82.0,262.0,101.66
2018-10-24,605.07,82.2,263.0,101.66
2018-10-25,608.09,81.0,260.0,101.65
2018-10-26,606.49,80.0,255.0,101.65
2018-10-29,609.74,82.4,260.0,101.65
2018-10-30,609.26,82.4,263.0,101.65
2018-10-31,613.66,83.8,264.0,101.65
2018-11-02,615.21,83.0,266.0,101.64
2018-11-05,613.0,83.0,266.0,101.64
2018-11-06,611.81,81.6,266.0,101.64
2018-11-07,615.65,82.8,266.0,101.64
2018-11-08,615.75,83.3,265.0,101.64
2018-11-09,614.95,82.8,264.0,101.64
2018-11-12,611.85,81.8,269.0,101.63
2018-11-13,612.02,81.6,267.0,101.63
2018-11-14,610.75,81.4,268.0,101.63
2018-11-15,607.92,83.4,269.0,101.63
2018-11-16,607.66,82.1,270.5,101.62
2018-11-19,604.34,81.7,271.0,101.61
2018-11-20,601.09,80.2,264.0,101.61
2018-11-21,604.4,81.6,268.5,101.6
2018-11-22,603.45,81.8,265.5,101.59
2018-11-23,604.79,81.6,263.0,101.59
2018-11-26,607.62,81.6,266.0,101.59
2018-11-27,606.44,81.6,268.0,101.59
2018-11-28,607.48,81.6,268.0,101.59
2018-11-29,608.84,82.4,275.0,101.58
2018-11-30,607.12,82.2,273.5,101.58
2018-12-03,609.82,83.4,280.0,101.58
2018-12-04,607.74,83.1,279.0,101.57
2018-12-05,604.48,82.8,277.0,101.57
2018-12-06,597.07,80.8,269.0,101.56
2018-12-07,597.0,81.2,260.0,101.56
2018-12-10,594.09,79.2,262.0,101.56
2018-12-11,597.44,79.6,264.0,101.55
2018-12-12,601.14,80.3,266.0,101.55
2018-12-13,601.11,80.6,263.0,101.55
2018-12-14,599.16,80.4,265.0,101.55
2018-12-17,594.77,79.6,262.0,101.55
2018-12-18,592.38,79.2,260.0,101.55
2018-12-19,593.43,79.6,258.0,101.55
2018-12-20,589.54,79.4,252.0,101.54
2018-12-21,587.78,77.8,250.0,101.54
2018-12-27,582.92,79.0,247.0,101.54
2018-12-28,586.56,77.4,250.0,101.53
2019-01-02,588.76,78.6,255.0,101.53
2019-01-03,585.61,75.4,248.5,101.53
2019-01-04,591.17,77.8,253.0,101.52
2019-01-07,591.2,78.2,252.0,101.52
2019-01-08,593.68,79.2,257.0,101.52
2019-01-09,596.86,79.4,261.5,101.52
2019-01-10,598.9,80.0,263.0,101.52
2019-01-11,599.22,81.4,261.0,101.52
2019-01-14,597.6,79.0,258.0,101.52
2019-01-15,599.36,79.0,264.0,101.51
2019-01-16,600.05,78.7,262.0,101.52
2019-01-17,600.55,78.0,260.0,101.51
2019-01-18,604.98,78.8,263.0,101.51
2019-01-21,605.24,79.2,264.5,101.51
2019-01-22,605.01,78.7,264.0,101.51
2019-01-23,604.79,78.2,262.0,101.52
2019-01-24,607.08,78.0,264.0,101.51
2019-01-25,608.04,78.9,263.0,101.52
2019-01-28,606.0,77.6,262.0,101.52
2019-01-29,605.71,78.0,263.0,101.52
2019-01-30,606.55,78.4,264.0,101.52
2019-01-31,607.53,79.6,268.0,101.52
2019-02-01,606.96,80.3,268.0,101.52
2019-02-04,607.55,79.5,268.0,101.52
2019-02-05,612.65,80.6,274.0,101.52
2019-02-06,611.17,80.4,273.0,101.52
2019-02-07,607.03,80.0,271.0,101.52
2019-02-08,603.55,79.0,271.0,101.52
2019-02-11,606.73,78.9,274.0,101.51
2019-02-12,608.17,78.6,273.0,101.52
2019-02-13,610.67,78.6,277.0,101.51
2019-02-14,612.15,79.6,278.0,101.51
2019-02-15,614.65,80.2,281.0,101.51
2019-02-18,616.53,80.6,282.0,101.51
2019-02-19,616.0,80.2,280.0,101.51
2019-02-20,616.24,80.9,281.0,101.51
2019-02-21,616.1,81.0,281.0,101.51
2019-02-22,616.04,81.5,280.0,101.51
2019-02-25,617.06,82.0,283.0,101.51
2019-02-26,617.32,81.4,279.0,101.51
2019-02-27,614.72,80.9,278.0,101.51
2019-02-28,615.92,80.7,278.0,101.51
2019-03-01,618.07,82.2,282.0,101.51
2019-03-04,618.93,81.5,286.0,101.51
2019-03-05,620.29,80.6,286.0,101.51
2019-03-06,621.4,80.6,286.0,101.51
2019-03-07,621.48,79.7,283.0,101.5
2019-03-08,619.23,80.0,282.0,101.13
2019-03-11,620.64,79.8,284.0,101.13
2019-03-12,620.82,80.2,285.0,101.13
2019-03-13,622.26,80.3,281.0,101.13
2019-03-14,624.94,79.9,282.0,101.13
2019-03-15,626.52,80.4,285.0,101.13
2019-03-18,627.64,80.7,287.0,101.13
2019-03-19,629.76,81.7,286.0,101.13
2019-03-20,627.59,81.4,289.0,101.13
2019-03-21,628.87,81.4,291.0,101.13
2019-03-22,624.1,79.1,284.0,101.13
2019-03-25,622.87,78.8,280.0,101.12
2019-03-26,625.08,78.6,283.0,101.12
2019-03-27,625.98,78.7,283.0,101.12
2019-03-28,626.62,79.0,285.0,101.12
2019-03-29,629.22,79.6,287.0,101.12
2019-04-01,630.87,79.6,289.0,101.12
2019-04-02,633.0,80.2,292.0,101.12
2019-04-03,636.22,80.8,293.0,101.12
2019-04-04,636.05,80.4,292.0,101.11
2019-04-05,637.71,81.2,292.0,101.11
2019-04-08,637.45,81.7,298.0,101.11
2019-04-09,636.97,81.9,298.0,101.11
2019-04-10,638.36,81.4,296.0,101.11
2019-04-11,638.56,81.6,294.0,101.11
2019-04-12,638.8,82.8,295.0,101.11
2019-04-15,639.81,82.2,295.0,101.11
2019-04-16,642.22,83.2,299.0,101.11
2019-04-17,641.3,83.4,302.0,101.1
2019-04-18,642.81,83.6,304.0,101.1
2019-04-23,643.76,84.1,305.0,101.1
2019-04-24,643.87,84.0,306.0,101.1
2019-04-25,643.57,83.3,303.0,101.1
2019-04-26,645.23,82.6,302.0,101.1
2019-04-29,645.35,83.3,303.0,101.1
2019-04-30,646.0,83.2,300.0,101.1
2019-05-02,643.52,83.4,299.0,101.09
2019-05-03,644.75,82.7,298.0,101.09
2019-05-07,642.4,81.5,294.0,101.09
2019-05-08,644.18,81.4,295.0,101.09
2019-05-10,639.31,79.4,292.0,101.08
2019-05-13,635.22,78.6,291.0,101.08
2019-05-14,637.44,79.3,291.0,101.08
2019-05-15,639.37,79.9,291.0,101.08
2019-05-16,643.35,80.7,292.0,101.07
2019-05-17,643.31,80.4,292.0,101.07
2019-05-20,640.49,79.4,292.0,101.07
2019-05-21,642.0,79.5,292.5,101.07
2019-05-22,643.97,79.6,295.0,101.07
2019-05-23,640.3,78.7,290.0,101.07
2019-05-24,642.22,79.6,290.0,101.07
2019-05-28,643.07,79.4,289.0,101.06
2019-05-29,638.11,78.5,287.0,101.06
2019-05-31,639.09,77.6,287.0,101.06
2019-06-03,639.11,78.0,288.0,101.06
2019-06-04,640.21,79.7,289.0,101.06
2019-06-05,642.99,78.8,294.0,101.06
2019-06-06,643.73,80.0,295.0,101.06
2019-06-07,647.15,80.3,298.0,101.06
2019-06-11,650.21,80.6,301.0,101.06
2019-06-12,650.1,80.4,300.0,101.06
2019-06-13,649.91,80.2,302.0,101.05
2019-06-14,648.68,80.8,300.0,101.05
2019-06-17,647.07,80.2,302.0,101.05
2019-06-18,653.53,81.5,302.0,101.05
2019-06-19,652.69,80.9,305.0,101.05
2019-06-21,652.61,82.8,305.0,101.05
2019-06-24,652.94,81.4,307.0,101.05
2019-06-25,652.76,81.8,306.0,101.05
2019-06-26,650.7,81.5,306.0,101.05
2019-06-27,651.01,81.8,305.0,101.05
2019-06-28,654.67,82.4,308.0,101.05
2019-07-01,658.12,83.0,313.0,101.05
2019-07-02,659.95,82.7,310.0,101.05
2019-07-03,664.11,83.2,310.0,101.05
2019-07-04,664.97,82.9,313.0,101.04
2019-07-05,661.88,82.6,315.0,101.04
2019-07-08,661.4,82.4,310.0,101.04
2019-07-09,659.49,82.1,310.0,101.04
2019-07-10,658.22,82.0,310.0,101.04
2019-07-11,657.09,81.8,309.0,101.04
2019-07-12,657.54,82.2,310.0,101.04
2019-07-15,659.86,83.8,310.0,101.04
2019-07-16,660.35,82.7,310.0,101.03
2019-07-17,659.72,81.8,310.0,101.03
2019-07-18,658.82,81.4,309.0,101.03
2019-07-19,660.3,81.8,311.0,101.03
2019-07-22,661.02,81.5,308.0,101.03
2019-07-23,663.47,81.7,309.0,101.03
2019-07-24,665.86,81.9,310.0,101.03
2019-07-25,664.08,81.8,312.0,101.03
2019-07-26,666.53,82.6,312.0,101.03
2019-07-29,667.06,82.8,313.0,101.03
2019-07-30,663.14,82.5,315.0,101.02
2019-07-31,664.04,81.9,317.0,101.02
2019-08-01,666.94,81.6,319.0,101.02
2019-08-02,660.12,81.0,314.0,101.02
2019-08-05,652.6,79.0,308.0,101.02
2019-08-06,653.23,79.2,307.0,101.02
2019-08-07,658.35,80.0,308.0,101.02
2019-08-08,660.84,80.1,310.0,101.01
2019-08-09,659.64,79.6,311.0,101.01
2019-08-12,659.26,79.4,310.0,101.01
2019-08-13,660.45,79.7,309.0,101.01
2019-08-14,656.33,77.6,304.0,101.01
2019-08-16,660.44,77.0,302.0,101.01
2019-08-19,662.8,78.0,306.0,101.01
2019-08-20,662.55,77.1,308.0,101.01
2019-08-21,666.21,77.5,308.0,101.01
2019-08-22,662.49,77.6,306.0,101.0
2019-08-23,662.17,76.2,301.0,101.0
2019-08-27,664.99,76.6,298.0,101.0
2019-08-28,664.69,76.4,297.0,101.0
2019-08-29,667.29,77.0,299.0,101.0
2019-08-30,668.97,77.0,302.0,101.0
2019-09-02,670.14,78.0,307.0,100.99
2019-09-03,669.59,78.0,303.0,100.99
2019-09-04,672.02,78.8,306.0,100.99
2019-09-05,670.37,79.2,309.0,100.99
2019-09-06,672.45,79.9,312.0,100.99
2019-09-09,668.79,80.0,311.0,100.99
2019-09-10,664.25,80.2,309.0,100.98
2019-09-11,666.79,80.4,315.0,100.98
2019-09-12,666.79,81.0,317.0,100.98
2019-09-13,665.12,81.2,319.0,100.98
2019-09-16,664.46,81.4,318.0,100.97
2019-09-17,666.12,81.2,316.0,100.97
2019-09-18,666.62,81.6,314.0,100.97
2019-09-19,666.85,81.4,314.0,100.97
2019-09-20,666.11,82.0,313.0,100.97
2019-09-23,666.93,81.2,314.0,100.96
2019-09-24,667.39,81.2,313.0,100.96
2019-09-25,664.59,80.4,309.0,100.96
2019-09-26,666.21,81.0,315.0,100.96
2019-09-27,668.57,81.8,314.0,100.96
2019-09-30,669.03,81.0,311.0,100.96
2019-10-01,666.84,81.3,315.0,100.95
2019-10-02,658.34,79.6,306.0,100.95
2019-10-04,661.93,79.0,309.0,100.95
2019-10-07,662.48,80.0,308.0,100.95
2019-10-08,660.77,80.0,309.0,100.94
2019-10-09,660.44,80.0,308.0,100.94
2019-10-10,659.69,82.4,310.0,100.94
2019-10-11,663.62,82.6,307.0,100.94
2019-10-14,663.98,82.2,309.0,100.94
2019-10-15,664.61,80.8,307.0,100.94
2019-10-16,663.42,82.0,306.0,100.93
2019-10-17,664.19,82.2,307.0,100.93
2019-10-18,662.15,80.8,307.0,100.93
2019-10-21,662.1,82.1,308.0,100.93
2019-10-22,662.08,83.0,309.0,100.93
2019-10-23,663.15,82.9,310.0,100.92
2019-10-24,666.15,83.3,308.0,100.92
2019-10-25,665.86,83.8,317.0,100.92
2019-10-28,666.77,84.8,316.0,100.92
2019-10-29,666.94,84.0,316.0,100.92
2019-10-30,667.49,83.4,315.0,100.91
2019-10-31,667.21,83.8,315.0,100.91
2019-11-04,669.73,84.2,318.0,100.9
2019-11-05,669.61,84.3,319.0,100.9
2019-11-06,671.88,84.2,319.0,100.9
2019-11-07,670.87,85.0,324.0,100.9
2019-11-08,670.36,85.4,325.0,100.9
2019-11-11,669.75,84.6,319.0,100.9
2019-11-12,669.78,85.8,319.0,100.89
2019-11-13,669.5,85.4,319.0,100.89
2019-11-14,668.98,83.2,319.0,100.89
2019-11-15,670.47,84.2,321.0,100.89
2019-11-18,670.19,84.5,319.0,100.89
2019-11-19,670.78,84.7,320.0,100.89
2019-11-20,669.11,84.5,321.0,100.89
2019-11-21,665.85,84.5,320.0,100.88
2019-11-22,667.1,84.6,322.0,100.88
2019-11-25,671.09,85.0,318.0,100.88
2019-11-26,674.29,85.8,319.0,100.88
2019-11-27,674.71,85.8,320.0,100.87
2019-11-28,675.36,85.8,319.0,100.87
2019-11-29,674.4,86.6,325.0,100.87
2019-12-02,668.45,86.1,323.0,100.87
2019-12-03,669.36,86.5,319.0,100.87
2019-12-04,672.4,86.2,320.0,100.86
2019-12-05,671.38,86.6,320.0,100.86
2019-12-06,674.81,84.2,322.0,100.86
2019-12-09,673.33,86.1,322.0,100.86
2019-12-10,671.41,85.0,319.0,100.86
2019-12-11,671.56,84.0,317.0,100.85
2019-12-12,672.37,86.0,320.0,100.85
2019-12-13,675.51,85.4,320.0,100.85
2019-12-16,681.76,86.8,324.0,100.85
2019-12-17,680.17,88.2,327.0,100.85
2019-12-18,679.75,87.7,326.0,100.85
2019-12-19,680.81,88.4,329.0,100.84
2019-12-20,683.83,87.4,330.0,100.84
2019-12-23,684.77,89.0,335.0,100.84
2019-12-27,686.33,88.9,336.0,100.83
2019-12-30,681.38,88.9,333.0,100.83
2020-01-02,686.16,91.5,332.0,100.82
2020-01-03,685.93,90.2,332.0,100.82
2020-01-06,683.68,88.6,328.0,100.82
2020-01-07,684.29,88.6,331.0,100.82
2020-01-08,684.22,88.4,331.0,100.82
2020-01-09,685.69,88.4,333.0,100.81
2020-01-10,686.6,89.6,333.0,100.81
2020-01-13,685.96,90.4,333.0,100.81
2020-01-14,687.73,91.4,333.0,100.81
2020-01-15,689.57,92.2,337.0,100.81
2020-01-16,688.85,90.6,335.0,100.81
2020-01-17,693.17,92.8,338.0,100.81
2020-01-20,693.03,91.8,337.0,100.81
2020-01-21,693.75,92.2,336.0,100.81
2020-01-22,695.32,93.6,336.0,100.81
2020-01-23,692.71,94.8,336.0,100.8
2020-01-24,696.68,94.8,337.0,100.8
2020-01-27,688.59,94.4,330.0,100.8
2020-01-28,689.62,94.6,333.0,100.8
2020-01-29,690.28,95.4,334.0,100.8
2020-01-30,686.62,93.4,330.0,100.8
2020-01-31,684.86,94.6,330.0,100.8
2020-02-03,687.13,93.2,332.0,100.79
2020-02-04,693.65,93.6,339.0,100.79
2020-02-05,698.01,94.8,344.0,100.79
2020-02-06,698.0,95.0,347.0,100.79
2020-02-07,697.18,95.0,345.0,100.79
2020-02-10,696.89,93.0,349.0,100.79
2020-02-11,699.82,94.2,352.0,100.79
2020-02-12,700.38,94.6,355.0,100.79
2020-02-13,699.57,94.6,350.0,100.78
2020-02-14,701.65,93.5,354.0,100.78
2020-02-17,702.7,93.8,359.0,100.78
2020-02-18,701.39,94.0,356.0,100.78
2020-02-19,706.8,94.8,360.0,100.78
2020-02-20,705.73,95.0,360.0,100.78
2020-02-21,704.25,94.6,355.0,100.77
2020-02-24,690.24,94.2,347.0,100.77
2020-02-25,683.27,90.0,344.0,100.77
2020-02-26,681.73,87.0,340.0,100.77
2020-02-27,670.62,84.2,334.0,100.76
2020-02-28,662.72,79.5,318.0,100.75
2020-03-02,663.74,84.4,327.0,100.75
2020-03-03,670.95,85.0,338.0,100.74
2020-03-04,673.63,88.0,344.0,100.74
2020-03-05,669.32,84.4,340.0,100.74
2020-03-06,657.33,80.2,327.0,100.69
2020-03-09,636.27,74.2,316.0,100.67
2020-03-10,632.08,76.8,315.0,100.65
2020-03-11,627.18,76.2,303.0,100.64
2020-03-12,596.23,71.6,282.0,100.62
2020-03-13,595.71,70.2,272.0,100.59
2020-03-16,580.23,64.8,252.0,100.57
2020-03-17,580.8,62.4,252.0,100.54
2020-03-18,569.48,63.8,248.0,100.51
2020-03-19,571.36,62.0,226.0,100.47
2020-03-20,578.21,68.4,278.0,100.46
2020-03-23,568.92,66.6,245.0,100.43
2020-03-24,586.45,72.6,269.0,100.39
2020-03-25,596.44,75.0,265.0,100.37
2020-03-26,606.17,76.8,271.0,100.37
2020-03-27,600.47,73.1,267.0,100.36
2020-03-30,603.28,77.0,266.0,100.36
2020-03-31,606.99,78.4,268.0,100.36
2020-04-01,598.63,79.8,258.0,100.37
2020-04-02,597.65,76.0,251.5,100.36
2020-04-03,594.69,74.8,246.0,100.37
2020-04-06,604.64,75.0,262.0,100.37
2020-04-07,609.84,79.4,272.5,100.39
2020-04-08,611.6,79.6,270.0,100.39
2020-04-09,619.02,80.8,280.5,100.4
2020-04-14,623.81,79.6,275.0,100.42
2020-04-15,616.75,78.0,269.0,100.43
2020-04-16,620.02,78.0,264.0,100.43
2020-04-17,627.52,80.0,279.0,100.42
2020-04-20,628.95,80.8,275.0,100.43
2020-04-21,620.73,77.6,260.0,100.43
2020-04-22,624.71,80.0,274.0,100.43
2020-04-23,626.45,79.8,272.0,100.43
2020-04-24,624.96,80.6,267.0,100.44
2020-04-27,628.16,80.7,282.0,100.44
2020-04-28,633.27,82.1,287.0,100.45
2020-04-29,639.24,83.2,296.0,100.46
2020-04-30,636.04,82.5,289.0,100.46
2020-05-04,627.87,80.0,280.0,100.46
2020-05-05,633.36,81.0,283.0,100.47
2020-05-06,632.94,81.6,280.5,100.47
2020-05-07,637.54,81.6,284.0,100.47
2020-05-11,642.19,85.0,287.0,100.47
2020-05-12,641.44,88.0,286.0,100.47
2020-05-13,638.49,89.0,283.0,100.48
2020-05-14,632.62,84.2,271.5,100.48
2020-05-15,633.85,86.0,277.0,100.48
2020-05-18,644.17,88.7,289.0,100.48
2020-05-19,645.61,91.0,299.0,100.48
2020-05-20,650.57,91.8,301.5,100.48
2020-05-22,652.05,93.0,299.0,100.49
2020-05-26,656.96,97.0,308.0,100.5
2020-05-27,656.36,98.0,313.0,100.5
2020-05-28,663.58,99.6,315.0,100.51
2020-05-29,663.39,98.8,308.5,100.51
2020-06-02,666.07,100.5,312.5,100.52
2020-06-03,670.46,102.0,316.0,100.53
2020-06-04,669.75,102.5,318.0,100.54
2020-06-05,674.33,105.5,326.0,100.55
2020-06-08,671.36,105.0,324.0,100.55
2020-06-09,669.53,104.0,320.0,100.56
2020-06-10,669.06,102.5,317.0,100.55
2020-06-12,660.75,98.2,305.5,100.55
2020-06-15,661.74,98.0,308.0,100.55
2020-06-16,669.35,100.0,319.0,100.55
2020-06-17,673.05,101.0,318.0,100.55
2020-06-18,672.65,99.6,320.0,100.55
2020-06-19,676.06,100.5,323.0,100.55
2020-06-22,675.14,104.0,318.0,100.55
2020-06-24,672.32,104.5,315.0,100.55
2020-06-25,674.39,104.0,313.0,100.54
2020-06-26,674.91,104.0,316.5,100.54
2020-06-29,676.79,105.0,320.0,100.54
2020-06-30,677.92,104.0,316.0,100.54
2020-07-01,678.72,103.5,319.5,100.54
2020-07-02,685.57,106.5,322.0,100.54
2020-07-03,684.29,106.5,324.0,100.54
2020-07-06,689.18,111.5,333.0,100.54
2020-07-07,686.89,110.0,326.0,100.54
2020-07-08,685.69,109.5,327.5,100.54
2020-07-09,684.61,109.5,331.0,100.54
2020-07-10,687.01,110.5,345.0,100.54
2020-07-13,688.32,110.0,345.0,100.54
2020-07-14,684.73,110.0,327.5,100.54
2020-07-15,691.02,111.0,336.5,100.54
2020-07-16,690.56,111.5,342.0,100.54
2020-07-17,690.66,111.5,347.0,100.54
2020-07-20,695.48,112.0,340.5,100.54
2020-07-21,695.14,116.0,342.0,100.54
2020-07-22,696.49,115.0,340.0,100.54
2020-07-23,699.13,114.0,344.0,100.54
2020-07-24,692.02,113.5,345.5,100.54
2020-07-27,694.63,112.0,342.5,100.54
2020-07-28,693.58,112.0,342.5,100.54
2020-07-29,693.7,112.0,344.0,100.54
2020-07-30,689.63,111.0,335.0,100.54
2020-07-31,688.01,110.5,334.0,100.54
2020-08-03,694.65,111.5,339.0,100.54
2020-08-04,693.99,112.0,343.0,100.53
2020-08-05,696.93,112.5,345.0,100.53
2020-08-06,695.68,113.0,343.5,100.53
2020-08-07,698.29,113.5,346.0,100.53
2020-08-10,696.29,113.0,352.0,100.53
2020-08-11,699.08,115.5,354.5,100.53
2020-08-12,702.61,116.0,359.0,100.53
2020-08-13,702.62,115.5,359.5,100.53
2020-08-14,698.5,115.0,352.5,100.53
2020-08-17,703.04,113.0,357.0,100.52
2020-08-18,701.81,114.25,355.5,100.52
2020-08-19,704.02,115.75,353.5,100.52
2020-08-20,701.7,114.5,348.0,100.52
2020-08-21,701.3,115.0,354.0,100.51
2020-08-24,703.9,117.5,354.0,100.51
2020-08-25,702.93,117.5,353.0,100.51
2020-08-26,705.59,118.0,354.5,100.51
2020-08-27,701.14,118.0,354.0,100.5
2020-08-28,700.28,118.0,350.5,100.51
2020-09-01,700.78,117.0,349.0,100.5
2020-09-02,705.63,119.0,352.0,100.5
2020-09-03,697.3,118.5,344.0,100.5
2020-09-04,691.48,113.5,344.0,100.5
2020-09-07,698.85,115.5,348.0,100.5
2020-09-08,695.35,116.5,345.0,100.5
2020-09-09,700.3,116.0,346.5,100.5
2020-09-10,697.91,117.0,345.0,100.49
2020-09-11,699.6,117.5,342.5,100.49
2020-09-14,701.54,118.5,349.0,100.49
2020-09-15,703.95,119.5,350.0,100.49
2020-09-16,705.88,117.5,347.5,100.49
2020-09-17,704.24,119.0,346.5,100.48
2020-09-18,705.17,119.5,350.0,100.48
2020-09-21,699.37,118.5,334.0,100.48
2020-09-22,699.6,119.0,337.5,100.48
2020-09-23,703.73,121.0,345.5,100.48
2020-09-24,699.72,116.0,337.5,100.48
2020-09-25,702.2,118.0,337.5,100.47
2020-09-28,707.83,120.5,347.5,100.47
2020-09-29,709.9,121.0,347.0,100.47
2020-09-30,710.02,122.0,352.5,100.47
2020-10-01,713.33,123.0,357.5,100.47
2020-10-02,713.57,122.5,359.0,100.47
2020-10-05,716.32,125.5,364.0,100.47
2020-10-06,713.69,127.0,367.0,100.47
2020-10-07,713.7,128.0,371.5,100.47
2020-10-08,715.97,128.0,377.5,100.46
2020-10-09,720.22,128.5,380.0,100.46
2020-10-12,723.56,129.5,384.5,100.46
2020-10-13,723.93,130.0,382.0,100.46
2020-10-14,724.73,131.0,384.5,100.46
2020-10-15,718.62,129.0,381.5,100.46
2020-10-16,723.06,130.5,389.0,100.46
2020-10-19,722.13,132.5,388.5,100.46
2020-10-20,719.7,132.0,392.5,100.45
2020-10-21,713.13,131.5,394.0,100.45
2020-10-22,711.4,130.5,395.5,100.45
2020-10-23,711.97,131.5,392.5,100.45
2020-10-26,705.58,130.0,390.0,100.45
2020-10-27,705.16,130.0,388.0,100.44
2020-10-28,696.36,124.5,377.0,100.44
2020-10-29,696.52,119.5,376.0,100.44
2020-10-30,694.94,120.0,376.0,100.44
2020-11-02,699.08,121.5,380.0,100.43
2020-11-03,703.97,125.0,384.0,100.43
2020-11-04,713.43,129.0,390.5,100.43
2020-11-05,717.89,132.5,395.5,100.43
2020-11-06,717.14,134.5,398.0,100.43
2020-11-09,718.36,140.0,411.0,100.43
2020-11-10,715.94,136.0,421.0,100.42
2020-11-11,722.63,134.0,428.5,100.42
2020-11-12,722.04,135.5,418.5,100.42
2020-11-13,722.09,135.0,412.0,100.42
2020-11-16,722.28,136.0,417.0,100.42
2020-11-17,722.06,131.5,409.0,100.42
2020-11-18,721.66,132.0,415.0,100.41
2020-11-19,720.61,133.0,416.0,100.41
2020-11-20,722.74,133.5,412.5,100.41
2020-11-23,720.01,134.5,415.0,100.41
2020-11-24,718.34,133.0,419.5,100.41
2020-11-25,719.47,132.5,423.5,100.41
2020-11-26,720.54,132.5,423.0,100.4
2020-11-27,723.54,132.5,435.5,100.4
2020-11-30,720.64,133.5,423.5,100.4
2020-12-01,721.08,135.5,425.0,100.4
2020-12-02,720.21,135.5,424.5,100.4
2020-12-03,719.47,134.5,425.0,100.4
2020-12-04,720.1,133.5,426.0,100.4
2020-12-07,721.6,134.5,425.0,100.4
2020-12-08,724.14,134.5,425.0,100.4
2020-12-09,724.14,134.0,418.5,100.4
2020-12-10,723.24,135.0,424.0,100.39
2020-12-11,722.98,134.0,427.0,100.39
2020-12-14,723.26,135.0,423.0,100.39
2020-12-15,725.15,136.0,421.0,100.39
2020-12-16,727.82,138.0,418.0,100.38
2020-12-17,729.28,138.5,420.0,100.38
2020-12-18,730.7,139.5,416.0,100.38
2020-12-21,723.52,138.5,411.0,100.38
2020-12-22,728.02,141.0,415.0,100.37
2020-12-23,728.74,140.0,414.0,100.37
2020-12-29,735.99,143.0,423.5,100.36
2020-12-30,734.72,144.5,423.5,100.35
2021-01-04,736.46,142.5,425.0,100.35
2021-01-05,734.94,143.0,425.0,100.35
2021-01-06,737.23,143.0,429.0,100.35
2021-01-07,739.25,144.0,441.5,100.35
2021-01-08,741.88,145.5,449.0,100.34
2021-01-11,738.8,145.0,453.0,100.34
2021-01-12,736.99,143.5,451.5,100.34
2021-01-13,737.69,142.5,451.5,100.34
2021-01-14,739.83,144.5,458.0,100.33
2021-01-15,734.48,143.0,454.5,100.33
2021-01-18,735.14,142.25,457.5,100.33
2021-01-19,735.78,142.5,465.0,100.33
2021-01-20,738.31,141.5,477.0,100.33
2021-01-21,739.88,143.0,475.0,100.32
2021-01-22,739.66,142.0,475.0,100.32
2021-01-25,738.25,142.5,473.5,100.32
2021-01-26,740.64,144.0,473.0,100.32
2021-01-27,734.88,140.0,458.5,100.32
2021-01-28,734.26,137.0,465.0,100.31
2021-01-29,727.2,137.0,460.5,100.31
2021-02-01,734.71,141.0,459.0,100.31
2021-02-02,738.78,142.8,470.0,100.31
2021-02-03,740.71,145.5,472.5,100.31
2021-02-04,742.5,142.0,472.5,100.3
2021-02-05,740.32,145.0,479.0,100.3
2021-02-08,741.55,144.4,484.0,100.3
2021-02-09,741.25,144.6,484.5,100.3
2021-02-10,740.19,146.1,482.0,100.3
2021-02-11,745.42,146.6,490.0,100.29
2021-02-12,748.36,146.0,488.0,100.29
2021-02-15,749.07,150.6,492.0,100.29
2021-02-16,749.28,149.0,497.0,100.29
2021-02-17,744.8,149.8,488.0,100.28
2021-02-18,740.9,146.2,489.5,100.28
2021-02-19,741.94,148.0,487.5,100.28
2021-02-22,737.94,146.0,473.0,100.27
2021-02-23,733.75,144.0,463.5,100.27
2021-02-24,732.78,142.2,464.0,100.27
2021-02-25,730.74,142.4,465.0,100.26
2021-02-26,726.2,139.4,453.5,100.26
2021-03-01,734.6,141.8,458.0,100.26
2021-03-02,735.21,141.0,449.0,100.26
2021-03-03,731.92,141.6,451.0,100.26
2021-03-04,729.22,137.8,442.5,100.25
2021-03-05,724.5,136.8,438.5,100.2
2021-03-08,730.5,133.6,437.0,100.2
2021-03-09,736.08,134.2,438.0,100.2
2021-03-10,737.93,135.2,442.0,100.2
2021-03-11,743.24,137.0,442.0,100.19
2021-03-12,739.67,136.2,440.5,100.19
2021-03-15,741.6,138.0,442.5,100.19
2021-03-16,744.99,137.8,443.5,100.18
2021-03-17,741.5,137.8,444.5,100.18
2021-03-18,740.88,136.6,440.0,100.18
2021-03-19,739.23,137.0,437.0,100.18
2021-03-22,741.5,135.8,437.5,100.18
2021-03-23,742.48,136.4,436.0,100.17
2021-03-24,742.47,135.6,440.0,100.17
2021-03-25,742.84,136.4,434.5,100.17
2021-03-26,745.03,137.0,440.0,100.17
2021-03-29,745.47,136.0,436.0,100.16
2021-03-30,747.82,135.0,432.0,100.16
2021-03-31,749.38,136.0,437.5,100.15
2021-04-01,753.91,138.6,442.0,100.15
2021-04-06,755.68,136.6,449.0,100.15
2021-04-07,755.21,140.2,457.5,100.15
2021-04-08,760.18,141.4,467.0,100.14
2021-04-09,760.64,143.0,480.0,100.14
2021-04-12,758.15,143.4,477.0,100.14
2021-04-13,760.54,147.0,476.5,100.14
2021-04-14,759.28,147.8,473.5,100.14
2021-04-15,761.87,148.6,477.0,100.13
2021-04-16,765.26,150.4,478.0,100.13
2021-04-19,762.23,151.3,475.5,100.13
2021-04-20,757.41,149.4,466.0,100.13
2021-04-21,760.85,148.4,464.0,100.13
2021-04-22,765.46,150.6,470.0,100.12
2021-04-23,765.09,152.0,471.0,100.12
2021-04-26,765.11,153.4,477.5,100.12
2021-04-27,763.84,153.0,478.0,100.12
2021-04-28,762.33,153.2,478.0,100.12
2021-04-29,761.31,153.0,479.5,100.11
2021-04-30,761.22,152.6,479.0,100.11
2021-05-04,755.47,149.4,469.5,100.11
2021-05-05,762.42,149.0,468.5,100.11
2021-05-06,760.9,150.0,471.0,100.1
2021-05-07,766.38,150.4,473.5,100.1
2021-05-10,762.63,147.8,467.5,100.1
2021-05-11,754.15,143.0,447.0,100.1
2021-05-12,751.95,141.8,442.0,100.1
2021-05-14,758.28,144.6,449.0,100.09
2021-05-17,757.65,143.0,449.0,100.09
2021-05-18,757.84,144.0,452.0,100.09
2021-05-19,753.03,142.6,443.5,100.08
2021-05-20,760.58,143.4,452.0,100.08
2021-05-21,762.92,145.4,458.5,100.08
2021-05-25,766.57,152.0,454.5,100.07
2021-05-26,767.19,151.6,458.0,100.07
2021-05-27,764.38,151.6,459.0,100.07
2021-05-28,768.27,152.6,459.0,100.07
2021-06-01,768.57,155.0,462.0,100.06
2021-06-02,768.62,155.6,464.0,100.06
2021-06-04,770.95,153.0,463.5,100.06
2021-06-07,770.76,152.8,460.5,100.06
2021-06-08,771.81,153.2,462.0,100.05
2021-06-09,770.56,153.8,461.5,100.05
2021-06-10,769.51,153.0,458.0,100.05
2021-06-11,772.69,152.6,462.5,100.05
2021-06-14,773.77,153.8,461.5,100.04
2021-06-15,775.06,154.4,464.0,100.04
2021-06-16,776.86,153.6,459.5,100.04
2021-06-17,777.95,150.6,450.0,100.04
2021-06-18,774.28,151.0,458.0,100.03
2021-06-21,775.55,150.0,455.0,100.03
2021-06-22,776.5,150.8,470.0,100.03
2021-06-24,778.51,151.4,464.5,100.02
2021-06-25,778.7,150.6,473.0,100.02
2021-06-28,779.25,151.0,473.0,100.02
2021-06-29,780.42,151.8,477.0,100.02
2021-06-30,777.17,151.6,475.5,100.02
2021-07-01,778.39,151.8,480.5,100.01
2021-07-02,780.22,153.8,483.0,100.01
2021-07-05,780.66,153.8,484.0,100.01
2021-07-06,781.92,154.4,480.5,100.01
2021-07-07,786.45,156.0,485.5,100.01
2021-07-08,778.79,153.6,480.5,100.0
2021-07-09,782.8,154.2,481.5,100.0
2021-07-12,786.2,154.2,482.5,100.0
2021-07-13,786.93,156.0,485.5,100.0
2021-07-14,785.57,155.6,484.0,100.0
2021-07-15,782.32,153.6,477.5,99.99
2021-07-16,782.42,153.0,479.0,99.99
2021-07-19,777.85,151.0,470.5,99.99
2021-07-20,779.57,152.2,476.0,99.99
2021-07-21,784.31,153.4,482.0,99.99
2021-07-22,788.25,154.4,482.5,99.98
2021-07-23,792.14,156.4,487.0,99.98
2021-07-26,789.54,159.8,482.0,99.98
2021-07-27,788.03,154.2,479.5,99.98
2021-07-28,791.45,155.0,480.0,99.98
2021-07-29,792.55,157.4,486.0,99.97
2021-07-30,793.01,156.6,485.0,99.97
2021-08-02,796.1,158.0,488.0,99.97
2021-08-03,797.33,158.6,489.5,99.97
2021-08-04,801.75,161.0,492.5,99.97
2021-08-05,803.36,161.6,491.5,99.96
2021-08-06,800.84,160.8,489.0,99.96
2021-08-09,802.26,160.2,489.5,99.96
2021-08-10,803.85,159.2,492.5,99.96
2021-08-11,804.01,159.0,494.0,99.95
2021-08-12,805.51,160.2,497.0,99.95
2021-08-13,806.51,161.4,496.0,99.95
2021-08-16,805.19,158.6,496.5,99.95
2021-08-17,807.01,156.4,496.5,99.95
2021-08-18,808.39,159.0,499.0,99.94
2021-08-19,805.75,156.8,495.5,99.94
2021-08-20,808.65,158.8,501.0,99.94
2021-08-23,810.8,161.2,503.0,99.94
2021-08-24,810.19,162.6,511.0,99.93
2021-08-25,808.51,163.4,508.0,99.93
2021-08-26,807.97,162.8,511.0,99.93
2021-08-27,809.76,164.6,518.0,99.92
2021-08-31,807.3,166.0,521.0,99.92
2021-09-01,808.68,167.2,528.0,99.92
2021-09-02,811.04,168.4,536.0,99.92
2021-09-03,807.41,166.4,535.0,99.91
2021-09-06,810.77,169.4,536.0,99.91
2021-09-07,807.24,168.6,540.0,99.91
2021-09-08,802.69,167.8,536.0,99.91
2021-09-09,804.35,166.2,533.0,99.91
2021-09-10,803.13,167.0,533.0,99.9
2021-09-13,802.59,164.6,535.0,99.9
2021-09-14,803.84,164.2,531.0,99.9
2021-09-15,800.41,162.4,527.0,99.9
2021-09-16,802.94,163.6,532.0,99.89
2021-09-17,800.3,163.2,537.0,99.89
2021-09-20,793.12,159.2,526.0,99.89
2021-09-21,797.17,161.8,528.0,99.89
2021-09-22,799.78,162.8,537.0,99.89
2021-09-23,801.35,163.4,544.0,99.88
2021-09-24,794.6,161.0,537.0,99.88
2021-09-27,789.1,157.2,535.0,99.88
2021-09-28,777.61,155.0,523.0,99.88
2021-09-29,779.35,155.0,526.0,99.88
2021-09-30,778.16,152.4,523.0,99.87
2021-10-01,776.43,149.0,521.0,99.87
2021-10-04,771.54,145.6,510.0,99.87
2021-10-05,775.1,148.2,500.0,99.87
2021-10-06,771.99,145.6,491.0,99.86
2021-10-07,776.61,150.0,492.0,99.86
2021-10-08,772.65,147.4,498.0,99.86
2021-10-11,770.18,144.4,492.0,99.86
2021-10-12,770.71,145.0,494.0,99.85
2021-10-13,776.44,145.8,495.0,99.85
2021-10-14,783.67,148.4,510.0,99.85
2021-10-15,786.07,151.0,511.0,99.85
2021-10-18,784.59,150.8,513.0,99.84
2021-10-19,785.58,151.4,516.0,99.84
2021-10-20,786.32,151.0,518.0,99.84
2021-10-21,786.06,153.8,519.0,99.84
2021-10-22,790.8,154.0,519.0,99.83
2021-10-25,788.76,154.0,519.0,99.83
2021-10-26,792.57,156.4,528.0,99.83
2021-10-27,794.18,156.8,528.0,99.83
2021-10-28,796.57,155.4,532.0,99.82
2021-10-29,795.53,154.6,530.0,99.82
2021-11-02,801.06,159.2,541.0,99.82
2021-11-03,803.17,159.0,538.0,99.82
2021-11-04,807.89,162.8,552.0,99.81
2021-11-05,807.1,163.6,553.0,99.81
2021-11-08,807.9,163.2,553.0,99.81
2021-11-09,806.99,163.4,551.0,99.81
2021-11-10,804.86,160.6,555.0,99.81
2021-11-11,807.06,162.0,560.0,99.8
2021-11-12,809.4,162.2,560.0,99.8
2021-11-15,809.96,163.6,571.0,99.79
2021-11-16,811.46,164.4,577.0,99.79
2021-11-17,811.99,163.2,572.0,99.79
2021-11-18,811.66,162.4,575.0,99.78
2021-11-19,814.27,162.4,576.0,99.78
2021-11-22,809.86,160.2,583.0,99.78
2021-11-23,800.27,155.2,571.0,99.78
2021-11-24,799.13,155.6,570.0,99.78
2021-11-25,801.75,157.0,567.0,99.77
2021-11-26,791.2,151.6,548.0,99.76
2021-11-29,793.78,153.2,561.0,99.76
2021-11-30,790.76,152.8,552.0,99.76
2021-12-01,796.57,153.8,562.0,99.76
2021-12-02,790.65,150.6,545.0,99.75
2021-12-03,788.56,149.0,547.0,99.75
2021-12-06,792.19,150.0,552.0,99.75
2021-12-07,804.02,153.0,556.0,99.75
2021-12-08,800.54,154.4,566.0,99.75
2021-12-09,800.47,154.2,565.0,99.75
2021-12-10,798.16,152.8,561.0,99.74
2021-12-13,797.62,149.0,556.0,99.74
2021-12-14,790.43,146.0,542.0,99.74
2021-12-15,793.63,143.8,545.0,99.74
2021-12-16,795.61,144.8,554.0,99.73
2021-12-17,793.23,142.2,552.0,99.73
2021-12-20,785.23,142.8,542.0,99.73
2021-12-21,789.11,144.0,545.0,99.73
2021-12-22,793.74,145.8,549.0,99.72
2021-12-23,795.56,147.4,555.0,99.72
2021-12-29,797.63,148.4,554.0,99.71
2021-12-30,798.17,148.0,552.0,99.7
2022-01-04,795.08,147.4,555.0,99.7
2022-01-05,792.52,144.8,548.0,99.7
2022-01-06,783.32,141.8,518.0,99.69
2022-01-07,780.61,139.2,512.0,99.69
2022-01-10,770.0,133.0,499.0,99.69
2022-01-11,773.69,134.6,498.5,99.69
2022-01-12,777.09,136.4,499.5,99.68
2022-01-13,775.02,135.6,495.0,99.68
2022-01-14,766.55,132.0,482.0,99.67
2022-01-17,768.37,132.6,480.5,99.67
2022-01-18,761.98,129.6,474.5,99.67
2022-01-19,762.95,129.8,471.0,99.67
2022-01-20,767.28,131.4,474.0,99.66
2022-01-21,760.85,129.0,453.5,99.66
2022-01-24,745.85,122.2,414.5,99.66
2022-01-25,745.13,119.6,437.0,99.66
2022-01-26,749.74,121.8,443.5,99.66
2022-01-27,749.88,119.0,442.5,99.65
2022-01-28,745.79,116.6,437.5,99.65
2022-01-31,751.79,121.2,452.0,99.65
2022-02-01,754.63,125.2,464.0,99.64
2022-02-02,757.58,124.8,467.0,99.64
2022-02-03,745.59,121.8,457.0,99.63
2022-02-04,738.94,119.6,454.5,99.61
2022-02-07,740.07,120.4,451.0,99.6
2022-02-08,737.39,119.0,452.5,99.59
2022-02-09,746.28,123.0,466.5,99.59
2022-02-10,742.99,121.0,461.0,99.59
2022-02-11,737.31,118.8,450.5,99.58
2022-02-14,729.98,115.0,440.0,99.58
2022-02-15,736.97,118.0,449.0,99.58
2022-02-16,737.06,118.0,450.0,99.57
2022-02-17,735.17,115.8,444.0,99.57
2022-02-18,731.14,114.4,436.5,99.57
2022-02-21,724.45,110.0,422.0,99.57
2022-02-22,723.97,109.6,411.5,99.56
2022-02-23,722.18,109.2,397.5,99.56
2022-02-24,715.35,104.4,396.0,99.54
2022-02-25,725.62,108.0,420.5,99.54
2022-02-28,729.03,110.2,442.5,99.54
2022-03-01,726.25,106.4,428.5,99.54
2022-03-02,726.5,108.0,437.5,99.54
2022-03-03,719.07,103.8,435.0,99.53
2022-03-04,708.38,98.0,412.5,99.47
2022-03-07,703.52,95.0,415.0,99.46
2022-03-08,697.88,93.0,408.5,99.45
2022-03-09,714.87,100.4,434.0,99.45
2022-03-10,705.68,99.0,431.5,99.44
2022-03-11,708.66,101.6,435.0,99.44
2022-03-14,711.15,102.2,440.0,99.44
2022-03-15,711.56,101.4,440.0,99.44
2022-03-16,723.86,106.6,454.0,99.43
2022-03-17,726.37,107.2,459.5,99.43
2022-03-18,730.94,111.0,456.5,99.43
2022-03-21,728.22,110.0,463.0,99.43
2022-03-22,730.06,109.0,462.0,99.43
2022-03-23,724.88,107.0,459.5,99.43
2022-03-24,723.0,106.0,456.0,99.43
2022-03-25,721.2,105.8,451.5,99.43
2022-03-28,722.78,105.8,452.5,99.43
2022-03-29,729.56,108.4,464.5,99.43
2022-03-30,726.74,109.4,469.0,99.43
2022-03-31,725.49,108.2,467.0,99.43
2022-04-01,725.59,108.0,464.0,99.42
2022-04-04,729.53,107.8,466.5,99.43
2022-04-05,727.19,108.2,466.0,99.42
2022-04-06,718.7,105.4,456.0,99.42
2022-04-07,718.61,104.2,457.0,99.42
2022-04-08,720.76,104.0,457.0,99.41
2022-04-11,715.61,102.8,452.0,99.41
2022-04-12,714.18,102.8,446.5,99.4
2022-04-13,714.36,102.0,450.5,99.4
2022-04-14,713.79,102.2,452.0,99.39
2022-04-19,709.82,99.6,446.5,99.4
2022-04-20,714.48,101.4,449.5,99.4
2022-04-21,714.49,102.4,452.0,99.39
2022-04-22,708.76,101.0,445.0,99.38
2022-04-25,704.54,97.5,433.0,99.37
2022-04-26,699.96,95.0,432.0,99.37
2022-04-27,701.0,94.5,435.0,99.37
2022-04-28,702.79,95.0,440.0,99.36
2022-04-29,704.57,97.0,442.5,99.36
2022-05-03,698.87,95.0,430.5,99.35
2022-05-04,695.03,94.4,419.0,99.35
2022-05-05,692.61,92.9,421.0,99.35
2022-05-06,683.25,90.0,414.5,99.34
2022-05-10,678.64,85.6,404.0,99.33
2022-05-11,684.68,87.7,406.0,99.33
2022-05-12,684.14,83.6,403.0,99.33
2022-05-13,689.65,87.5,414.0,99.32
2022-05-16,686.95,89.0,406.5,99.32
2022-05-17,689.22,90.6,408.5,99.32
2022-05-18,684.62,90.4,411.5,99.31
2022-05-19,680.36,88.2,406.0,99.3
2022-05-20,683.0,89.1,404.5,99.3
2022-05-23,686.32,89.5,416.5,99.3
2022-05-24,683.64,88.6,404.5,99.3
2022-05-25,683.69,87.3,407.0,99.3
2022-05-27,693.07,93.0,420.5,99.3
2022-05-30,695.64,94.4,424.5,99.3
2022-05-31,690.99,93.0,424.0,99.3
2022-06-01,686.57,92.0,420.0,99.29
2022-06-07,687.89,93.5,429.0,99.28
2022-06-08,685.27,92.9,429.0,99.27
2022-06-09,678.34,91.6,425.5,99.27
2022-06-10,668.29,88.8,418.0,99.25
2022-06-13,657.02,85.0,405.0,99.23
2022-06-14,650.22,84.0,402.0,99.2
2022-06-15,656.81,83.9,402.5,99.18
2022-06-17,649.8,80.2,386.0,99.17
2022-06-20,650.34,80.5,386.5,99.18
2022-06-21,651.32,80.1,393.0,99.18
2022-06-22,653.03,79.5,387.5,99.18
2022-06-24,663.33,81.9,396.0,99.17
2022-06-27,664.02,84.9,408.0,99.18
2022-06-28,661.02,82.6,410.0,99.17
2022-06-29,660.73,81.9,404.0,99.17
2022-06-30,658.58,79.4,400.0,99.17
2022-07-01,661.16,80.9,400.0,99.17
2022-07-04,659.2,81.0,402.0,99.17
2022-07-05,657.49,79.0,398.5,99.17
2022-07-06,664.99,81.7,410.0,99.18
2022-07-07,667.61,82.5,413.0,99.17
2022-07-08,668.95,83.7,418.0,99.17
2022-07-11,668.58,83.2,411.5,99.17
2022-07-12,672.0,83.0,412.0,99.18
2022-07-13,667.75,82.1,405.0,99.18
2022-07-14,663.58,80.6,401.5,99.15
2022-07-15,670.26,82.0,409.0,99.16
2022-07-18,671.59,83.9,415.0,99.16
2022-07-19,675.75,85.4,425.5,99.15
2022-07-20,676.42,86.1,439.0,99.16
2022-07-21,679.65,88.8,446.0,99.15
2022-07-22,683.53,88.3,449.0,99.15
2022-07-25,683.53,88.4,446.0,99.15
2022-07-26,683.33,87.7,439.5,99.16
2022-07-27,685.06,87.7,436.0,99.15
2022-07-28,692.19,91.3,446.0,99.15
2022-07-29,697.0,92.7,457.5,99.15
2022-08-01,698.0,92.8,461.5,99.16
2022-08-02,695.19,90.4,454.5,99.16
2022-08-03,694.8,93.7,458.5,99.16
2022-08-04,698.18,95.9,457.0,99.15
2022-08-05,691.5,93.0,462.5,99.16
2022-08-08,694.04,94.3,462.5,99.15
2022-08-09,690.32,92.5,464.0,99.16
2022-08-10,695.35,94.0,468.0,99.15
2022-08-11,694.11,96.1,473.0,99.16
2022-08-12,694.21,94.9,475.0,99.16
2022-08-16,693.78,94.9,480.0,99.17
2022-08-17,689.25,91.8,470.5,99.16
2022-08-18,690.15,92.4,478.0,99.14
2022-08-19,685.05,92.6,481.0,99.14
2022-08-22,678.84,89.0,465.0,99.13
2022-08-23,675.17,88.0,448.5,99.13
2022-08-24,676.95,88.0,455.0,99.13
2022-08-25,678.5,88.1,461.0,99.14
2022-08-26,671.34,87.6,460.0,99.14
2022-08-30,665.44,87.0,454.5,99.13
2022-08-31,662.8,86.1,446.0,99.11
2022-09-01,655.72,83.6,428.0,99.1
2022-09-02,663.06,85.7,438.0,99.09
2022-09-05,658.22,84.8,425.0,99.09
2022-09-06,659.44,84.9,424.5,99.09
2022-09-07,660.18,84.9,430.0,99.09
2022-09-08,659.54,85.5,432.5,99.08
2022-09-09,664.4,89.0,442.5,99.05
2022-09-12,670.05,91.1,449.0,99.05
2022-09-13,663.39,87.2,437.5,99.05
2022-09-14,660.34,85.6,429.5,99.04
2022-09-15,657.98,85.3,429.0,99.04
2022-09-16,651.58,83.6,425.0,99.03
2022-09-20,644.83,82.0,420.5,99.02
2022-09-21,647.55,82.0,426.0,99.02
2022-09-22,640.42,81.2,411.5,99.01
2022-09-23,635.52,79.4,411.5,99.02
2022-09-26,633.44,80.5,413.0,99.01
2022-09-27,630.93,80.6,410.0,99.01
2022-09-28,632.14,81.2,409.0,98.99
2022-09-29,626.09,78.0,390.0,99.01
2022-09-30,631.4,79.5,396.0,99.01
2022-10-04,647.53,84.4,415.5,98.98
2022-10-05,641.45,83.2,418.0,98.98
2022-10-06,638.71,84.3,420.0,98.94
2022-10-07,630.66,81.0,408.0,98.97
2022-10-10,627.77,79.0,404.0,98.97
2022-10-11,626.44,78.4,393.5,98.97
2022-10-12,624.11,77.4,384.5,98.97
2022-10-13,625.34,77.5,386.0,98.97
2022-10-14,626.66,77.5,385.5,98.97
2022-10-17,632.47,79.1,392.0,98.98
2022-10-18,635.89,81.2,401.5,98.98
2022-10-19,632.46,79.5,393.0,98.98
2022-10-20,632.56,79.6,394.0,98.99
2022-10-21,629.66,78.8,388.0,98.98
2022-10-24,636.05,78.8,390.0,99.0
2022-10-25,645.03,83.0,406.0,99.01
2022-10-26,647.47,84.1,414.0,99.01
2022-10-27,648.08,82.3,414.0,99.02
2022-10-28,646.96,81.1,410.0,99.02
2022-10-31,646.17,81.0,411.0,99.02
2022-11-02,646.74,84.0,420.5,99.03
2022-11-03,642.26,81.9,418.0,99.04
2022-11-04,646.94,84.5,420.0,99.04
2022-11-07,647.88,84.0,424.0,99.05
2022-11-08,652.86,85.6,433.5,99.05
2022-11-09,653.7,85.8,436.5,99.05
2022-11-10,665.95,91.0,448.0,99.06
2022-11-11,665.43,94.0,456.0,99.08
2022-11-14,665.53,95.0,457.0,99.08
2022-11-15,666.74,94.35,451.0,99.09
2022-11-16,665.01,92.15,435.5,99.1
2022-11-17,665.56,91.5,435.5,99.12
2022-11-18,668.87,91.2,438.0,99.12
2022-11-21,669.08,90.35,447.0,99.13
2022-11-22,669.76,88.8,439.0,99.15
2022-11-23,672.33,89.0,444.5,99.15
2022-11-24,674.57,91.9,440.0,99.16
2022-11-25,673.48,91.9,443.0,99.16
2022-11-28,671.97,90.7,438.0,99.17
2022-11-29,670.87,89.3,433.5,99.18
2022-11-30,672.57,89.3,432.0,99.19
2022-12-01,677.09,90.5,432.0,99.2
2022-12-02,676.94,91.0,427.0,99.21
2022-12-05,675.61,90.85,428.0,99.22
2022-12-06,673.94,89.3,418.0,99.22
2022-12-07,672.34,88.0,415.5,99.23
2022-12-08,671.97,87.5,416.5,99.23
2022-12-09,673.26,87.8,419.5,99.23
2022-12-12,671.74,87.6,417.0,99.24
2022-12-13,676.32,90.0,421.0,99.24
2022-12-14,676.23,90.15,420.0,99.25
2022-12-15,664.83,88.4,419.0,99.26
2022-12-16,660.63,86.5,410.0,99.25
2022-12-19,659.88,86.5,413.5,99.26
2022-12-20,657.0,86.6,411.5,99.26
2022-12-21,661.8,88.3,416.5,99.26
2022-12-22,658.36,86.9,416.5,99.27
2022-12-23,657.75,86.9,417.0,99.27
2022-12-28,655.87,87.4,415.5,99.29
2022-12-29,658.87,87.55,418.0,99.3
2022-12-30,653.92,87.0,419.5,99.3
2023-01-03,661.61,88.1,421.0,99.31
2023-01-04,669.34,90.2,425.5,99.31
2023-01-05,666.94,89.7,420.0,99.31
2023-01-06,672.04,89.7,428.0,99.31
2023-01-09,675.43,91.3,427.0,99.32
2023-01-10,673.34,91.4,426.0,99.33
2023-01-11,678.21,93.5,430.5,99.34
2023-01-12,680.67,94.1,430.5,99.35
2023-01-13,682.78,95.2,429.0,99.37
2023-01-16,684.23,95.2,427.0,99.38
2023-01-17,686.25,95.1,428.0,99.38
2023-01-18,687.53,95.6,427.5,99.4
2023-01-19,680.77,92.75,414.0,99.41
2023-01-20,680.41,94.5,420.0,99.42
2023-01-23,682.24,96.4,428.0,99.42
2023-01-24,682.8,96.4,432.0,99.43
2023-01-25,681.92,95.45,430.5,99.44
2023-01-26,681.17,97.3,438.0,99.45
2023-01-27,680.98,97.1,442.0,99.46
2023-01-30,679.97,96.1,433.0,99.48
2023-01-31,680.19,95.5,430.0,99.48
2023-02-01,680.57,97.6,435.0,99.49
2023-02-02,690.3,101.2,451.0,99.5
2023-02-03,690.21,101.8,454.0,99.51
2023-02-06,686.14,100.6,453.0,99.52
2023-02-07,684.87,101.0,447.0,99.53
2023-02-08,683.24,99.6,448.0,99.53
2023-02-09,684.52,100.8,445.0,99.53
2023-02-10,679.99,97.5,439.5,99.54
2023-02-13,683.34,99.3,440.5,99.55
2023-02-14,682.12,99.2,442.0,99.56
2023-02-15,683.64,99.4,448.0,99.56
2023-02-16,682.37,100.4,450.0,99.58
2023-02-17,682.38,99.1,446.0,99.58
2023-02-20,682.22,99.9,447.0,99.59
2023-02-21,679.28,97.2,437.0,99.6
2023-02-22,679.01,96.0,434.0,99.6
2023-02-23,679.58,96.7,435.5,99.62
2023-02-24,674.67,95.0,436.0,99.62
2023-02-27,676.69,96.2,437.5,99.63
2023-02-28,673.51,94.9,436.0,99.64
2023-03-01,671.23,95.6,434.0,99.64
2023-03-02,672.79,96.0,436.5,99.64
2023-03-03,675.5,97.2,438.0,99.65
2023-03-06,675.39,98.1,441.0,99.66
2023-03-07,673.67,97.35,440.0,99.67
2023-03-08,674.82,97.0,438.5,99.67
2023-03-09,674.31,96.2,438.0,99.68
2023-03-10,672.54,93.8,422.0,97.91
2023-03-13,669.88,91.1,412.5,97.94
2023-03-14,670.47,94.0,420.0,97.92
2023-03-15,667.33,90.2,413.5,97.93
2023-03-16,671.12,92.9,420.5,97.89
2023-03-17,669.11,90.4,418.0,97.81
2023-03-20,671.47,91.0,418.5,97.9
2023-03-21,673.35,92.5,426.0,97.92
2023-03-22,673.38,93.2,430.5,97.94
2023-03-23,675.88,93.6,428.0,97.97
2023-03-24,673.67,91.5,421.0,97.98
2023-03-27,674.33,91.5,417.0,97.99
2023-03-28,672.24,90.8,410.5,98.02
2023-03-29,676.04,91.9,411.0,98.02
2023-03-30,678.06,93.8,430.0,98.04
2023-03-31,681.35,94.5,428.5,98.04
2023-04-03,681.62,93.0,425.0,98.06
2023-04-04,681.33,92.4,423.0,98.08
2023-04-05,682.53,91.65,415.5,98.09
2023-04-06,684.0,91.8,422.0,98.1
2023-04-11,683.34,92.1,421.0,98.13
2023-04-12,682.44,91.7,425.0,98.13
2023-04-13,683.94,94.6,422.5,98.15
2023-04-14,685.48,94.4,424.0,98.16
2023-04-17,684.23,94.8,424.0,98.17
2023-04-18,686.26,95.2,423.5,98.17
2023-04-19,685.26,94.0,417.5,98.18
2023-04-20,686.53,93.2,414.0,98.2
2023-04-21,688.8,94.0,417.0,98.21
2023-04-24,688.81,94.2,416.5,98.22
2023-04-25,690.1,93.2,416.0,98.22
2023-04-26,686.28,92.0,411.0,98.24
2023-04-27,686.39,92.7,406.5,98.26
2023-04-28,690.36,93.3,410.5,98.28
2023-05-02,688.22,92.5,410.0,98.29
2023-05-03,689.81,93.5,409.5,98.3
2023-05-04,689.13,92.9,406.0,98.32
2023-05-05,690.88,93.7,407.5,98.34
2023-05-10,688.76,93.0,408.0,98.37
2023-05-11,691.72,93.6,409.5,98.39
2023-05-12,692.33,94.0,411.0,98.4
2023-05-15,692.08,94.7,409.0,98.4
2023-05-16,689.81,94.4,410.0,98.41
2023-05-17,688.66,94.25,409.5,98.42
2023-05-19,691.41,95.4,415.5,98.45
2023-05-22,690.66,95.85,417.0,98.46
2023-05-23,687.7,94.65,416.0,98.47
2023-05-24,682.46,92.4,408.5,98.48
2023-05-25,681.79,92.7,409.0,98.5
2023-05-26,684.06,93.6,413.5,98.51
2023-05-30,685.44,92.95,407.5,98.53
2023-05-31,683.99,92.0,405.0,98.54
2023-06-01,686.64,92.6,402.5,98.56
2023-06-02,689.6,95.3,413.5,98.57
2023-06-05,687.15,94.2,415.0,98.58
2023-06-06,688.26,93.85,418.0,98.59
2023-06-07,686.12,93.5,420.0,98.59
2023-06-09,685.8,92.65,413.0,98.63
2023-06-12,687.19,94.25,416.0,98.64
2023-06-13,687.92,94.3,420.0,98.65
2023-06-14,688.12,93.9,416.0,98.65
2023-06-15,686.96,93.7,411.5,98.67
2023-06-16,689.86,94.0,415.0,98.68
2023-06-19,685.8,92.7,410.0,98.69
2023-06-20,686.29,91.7,408.0,98.69
2023-06-21,683.45,91.3,407.0,98.7
2023-06-22,681.4,90.9,402.0,98.72
2023-06-26,683.23,90.4,396.0,98.74
2023-06-27,683.02,91.7,396.0,98.76
2023-06-28,686.48,93.8,402.0,98.76
2023-06-29,685.04,93.6,405.0,98.79
2023-06-30,688.72,94.0,410.0,98.8
2023-07-03,686.61,93.9,407.5,98.81
2023-07-04,686.33,93.9,409.5,98.82
2023-07-05,683.69,92.3,407.0,98.84
2023-07-06,674.25,90.1,398.5,98.86
2023-07-07,673.3,91.0,398.0,98.87
2023-07-10,673.91,91.8,401.0,98.87
2023-07-11,674.54,92.0,403.0,98.88
2023-07-12,680.72,93.7,408.5,98.89
2023-07-13,684.78,94.6,407.0,98.92
2023-07-14,686.7,95.0,406.5,98.93
2023-07-17,685.17,94.0,407.0,98.94
2023-07-18,688.22,94.7,409.0,98.95
2023-07-19,688.48,96.6,417.0,98.97
2023-07-20,688.02,96.5,415.0,98.99
2023-07-21,689.77,96.8,414.5,99.0
2023-07-24,689.73,96.0,414.0,99.01
2023-07-25,690.69,95.8,416.5,99.03
2023-07-26,687.48,95.3,413.0,99.04
2023-07-27,693.06,96.8,416.0,99.06
2023-07-28,693.07,98.0,414.5,99.08
2023-07-31,692.81,97.1,417.0,99.09
2023-08-01,689.21,96.7,414.0,99.1
2023-08-02,685.06,95.2,407.0,99.11
2023-08-03,680.71,95.2,404.0,99.13
2023-08-04,681.69,95.8,402.5,99.14
2023-08-07,681.9,94.7,402.0,99.15
2023-08-08,683.37,93.4,397.0,99.17
2023-08-09,684.19,93.8,401.0,99.17
2023-08-10,686.98,94.8,401.0,99.2
2023-08-11,681.18,93.3,398.0,99.21
2023-08-14,681.13,92.7,396.5,99.22
2023-08-16,676.25,91.6,390.0,99.24
2023-08-17,670.41,88.0,386.0,99.26
2023-08-18,670.27,86.4,381.0,99.28
2023-08-21,668.78,85.8,382.0,99.29
2023-08-22,671.44,86.2,383.0,99.3
2023-08-23,676.87,87.0,385.0,99.31
2023-08-24,676.06,86.6,388.0,99.34
2023-08-25,675.34,86.6,387.0,99.36
2023-08-29,681.64,88.5,395.5,99.38
2023-08-30,680.43,88.2,395.0,99.39
2023-08-31,681.0,88.1,397.0,99.42
2023-09-01,679.34,88.0,399.0,99.43
2023-09-04,677.7,87.8,398.5,99.45
2023-09-05,675.33,87.4,394.0,99.46
2023-09-06,672.71,86.8,393.5,99.47
2023-09-07,674.11,86.0,392.5,99.5
2023-09-08,675.56,85.4,390.0,99.51
2023-09-11,675.42,85.6,389.0,99.52
2023-09-12,674.71,85.4,382.0,99.53
2023-09-13,673.58,85.1,382.0,99.54
2023-09-14,679.2,86.0,385.5,99.56
2023-09-15,678.46,86.3,383.5,99.58
2023-09-18,674.48,85.4,382.0,99.59
2023-09-19,674.39,84.6,378.5,99.59
2023-09-20,678.23,86.1,381.0,99.6
2023-09-21,673.78,84.8,374.5,99.62
2023-09-22,672.64,85.0,373.5,99.64
2023-09-25,669.46,84.0,373.5,99.65
2023-09-26,666.83,83.2,358.0,99.66
2023-09-27,664.36,83.0,366.0,99.67
2023-09-28,662.02,82.7,365.0,99.69
2023-09-29,666.59,83.6,371.0,99.71
2023-10-02,661.02,82.2,366.0,99.73
2023-10-04,657.71,81.4,362.5,99.75
2023-10-05,659.79,81.7,363.0,99.78
2023-10-06,661.07,82.4,360.0,99.79
2023-10-09,661.86,81.6,359.5,99.8
2023-10-10,668.36,83.0,366.5,99.82
2023-10-11,670.81,83.0,367.0,99.83
2023-10-12,669.41,82.9,368.0,99.86
2023-10-13,666.5,81.2,359.5,99.87
2023-10-16,665.76,80.9,361.0,99.88
2023-10-17,664.34,80.3,362.5,99.9
2023-10-18,658.74,78.8,356.5,99.91
2023-10-19,655.44,79.2,351.0,99.93
2023-10-20,651.71,77.1,343.0,99.95
2023-10-23,652.05,76.1,340.0,99.96
2023-10-24,654.55,77.9,340.0,99.97
2023-10-25,654.28,77.0,338.0,99.98
2023-10-26,653.4,75.8,336.5,100.01
2023-10-27,652.16,75.4,334.5,100.02
2023-10-30,653.96,75.8,334.5,100.04
2023-10-31,656.7,76.6,336.0,100.05
2023-11-02,667.19,79.6,350.0,100.09
2023-11-03,669.01,81.5,355.5,100.1
2023-11-06,666.47,81.5,350.5,100.12
2023-11-07,668.72,80.8,352.5,100.13
2023-11-08,670.79,81.5,352.0,100.14
2023-11-09,673.75,83.3,355.0,100.17
2023-11-10,669.96,82.4,356.0,100.18
2023-11-13,671.45,82.7,355.5,100.19
2023-11-14,678.4,84.8,367.0,100.21
2023-11-15,679.09,86.2,373.5,100.22
2023-11-16,679.75,85.1,370.0,100.25
2023-11-17,682.25,86.0,370.0,100.26
2023-11-20,681.48,86.4,368.5,100.28
2023-11-21,682.79,86.1,363.0,100.29
2023-11-22,684.92,86.3,364.5,100.3
2023-11-23,684.7,86.3,364.5,100.33
2023-11-24,685.04,86.4,364.0,100.34
2023-11-27,686.02,86.5,362.0,100.35
2023-11-28,685.85,85.9,359.0,100.36
2023-11-29,689.25,86.0,361.0,100.38
2023-11-30,689.51,86.1,360.5,100.4
2023-12-01,694.43,86.4,362.0,100.42
2023-12-04,695.77,86.3,364.5,100.43
2023-12-05,700.45,86.95,367.0,100.44
2023-12-06,703.04,88.8,369.0,100.46
2023-12-07,702.94,88.2,369.0,100.48
2023-12-08,703.28,88.6,371.5,100.5
2023-12-11,703.57,89.1,373.0,100.51
2023-12-12,704.54,89.5,370.0,100.53
2023-12-13,706.12,89.5,372.0,100.55
2023-12-14,709.14,91.7,387.5,100.58
2023-12-15,710.92,92.8,390.5,100.59
2023-12-18,708.7,91.7,387.5,100.6
2023-12-19,710.63,91.8,389.5,100.61
2023-12-20,712.4,93.0,394.0,100.63
2023-12-21,712.42,92.6,392.5,100.66
2023-12-22,713.0,91.4,391.0,100.68
2023-12-27,714.77,92.6,397.0,100.7
2023-12-28,713.67,92.2,398.5,100.73
2023-12-29,712.33,93.0,400.0,100.75
2024-01-02,710.25,92.1,393.0,100.77
2024-01-03,707.47,90.1,384.0,100.78
2024-01-04,707.67,89.7,381.5,100.8
2024-01-05,705.86,88.8,379.5,100.82
2024-01-08,707.98,89.2,378.0,100.83
2024-01-09,706.77,90.2,380.5,100.85
2024-01-10,705.72,90.2,378.5,100.86
2024-01-11,703.73,90.1,379.0,100.88
2024-01-12,708.25,90.5,380.0,100.9
2024-01-15,705.63,90.0,379.5,100.91
2024-01-16,704.78,89.0,376.0,100.92
2024-01-17,700.56,87.8,370.0,100.93
2024-01-18,702.45,88.2,371.0,100.96
2024-01-19,703.4,88.1,371.5,100.97
2024-01-22,707.32,89.2,376.0,100.99
2024-01-23,704.55,89.7,379.0,101.0
2024-01-24,709.67,91.2,379.0,101.01
2024-01-25,712.08,91.3,377.0,101.04
2024-01-26,715.09,91.6,379.5,101.05
2024-01-29,716.86,91.6,377.0,101.06
2024-01-30,717.28,92.5,380.0,101.08
2024-01-31,719.2,92.7,379.5,101.09
2024-02-01,718.14,92.4,377.5,101.12
2024-02-02,715.64,92.2,377.5,101.13
2024-02-05,714.95,91.4,377.5,101.15
2024-02-06,717.55,92.3,379.0,101.16
2024-02-07,716.18,92.6,382.0,101.17
2024-02-08,715.88,94.0,386.5,101.2
2024-02-09,715.15,94.2,387.5,101.21
2024-02-12,717.13,94.7,389.5,101.23
2024-02-13,713.01,93.6,383.0,101.23
2024-02-14,716.27,94.6,386.5,101.24
2024-02-15,719.3,95.8,391.5,101.27
2024-02-16,721.29,96.5,392.0,101.29
2024-02-19,722.24,96.5,390.0,101.3
2024-02-20,722.44,95.0,387.0,101.31
2024-02-21,720.34,95.3,386.0,101.32
2024-02-22,724.56,96.4,390.0,101.35
2024-02-23,727.17,96.7,387.0,101.37
2024-02-26,725.39,96.5,385.5,101.38
2024-02-27,725.06,96.6,385.5,101.39
2024-02-28,723.68,96.4,385.0,101.4
2024-02-29,724.55,96.4,388.0,101.43
2024-03-01,726.9,97.2,393.0,101.45
2024-03-04,728.36,96.6,393.0,101.46
2024-03-05,729.71,96.0,390.0,101.47
2024-03-06,731.0,96.8,391.0,101.49
2024-03-07,736.45,97.6,395.5,101.51
2024-03-08,737.35,97.2,394.5,99.06
2024-03-11,734.67,96.8,392.5,99.07
2024-03-12,738.5,97.5,394.5,99.08
2024-03-13,738.04,97.8,394.0,99.09
2024-03-14,735.67,97.5,391.0,99.12
2024-03-15,734.04,97.6,391.5,99.14
2024-03-18,732.83,97.3,389.0,99.15
2024-03-19,734.42,97.0,388.5,99.16
2024-03-20,734.4,97.0,392.0,99.17
2024-03-21,740.0,97.7,400.5,99.19
2024-03-22,741.23,97.9,399.5,99.21
2024-03-25,740.03,97.2,395.0,99.22
2024-03-26,742.03,98.5,396.5,99.24
2024-03-27,743.98,98.4,399.0,99.27
2024-03-28,744.02,98.6,402.5,99.29
2024-04-02,737.22,97.2,395.5,99.31
2024-04-03,738.33,97.9,397.0,99.32
2024-04-04,739.93,98.5,399.5,99.34
2024-04-05,735.21,98.0,396.0,99.36
2024-04-08,735.73,98.7,399.0,99.37
2024-04-09,735.09,98.35,398.0,99.39
2024-04-10,734.05,97.6,400.0,99.4
2024-04-11,731.42,97.6,397.0,99.42
2024-04-12,733.96,97.2,397.5,99.44
2024-04-15,732.52,97.45,392.0,99.45
2024-04-16,725.09,96.0,384.0,99.46
2024-04-17,725.54,95.7,382.0,99.47
2024-04-18,726.24,95.4,385.0,99.5
2024-04-19,725.99,94.9,382.0,99.51
2024-04-22,729.79,95.7,386.5,99.53
2024-04-23,733.86,96.8,387.0,99.54
2024-04-24,730.63,96.4,387.0,99.55
2024-04-25,727.92,94.8,381.5,99.57
2024-04-26,734.29,95.9,388.5,99.59
2024-04-29,735.33,95.5,386.0,99.61
2024-04-30,732.21,95.2,384.0,99.62
2024-05-02,732.04,95.1,384.5,99.65
2024-05-03,735.58,96.1,390.5,99.66
2024-05-07,744.74,97.8,397.0,99.69
2024-05-08,746.01,97.6,399.5,99.7
2024-05-10,748.57,99.0,401.0,99.73
2024-05-13,748.96,98.6,402.0,99.76
2024-05-14,747.74,99.5,403.5,99.77
2024-05-15,752.91,101.0,404.5,99.78
2024-05-16,753.29,100.8,405.5,99.8
2024-05-17,751.9,100.0,400.0,99.82
2024-05-21,751.98,100.0,398.5,99.84
2024-05-22,750.74,99.4,400.0,99.86
2024-05-23,749.6,99.4,398.5,99.88
2024-05-24,749.53,100.6,396.0,99.89
2024-05-28,747.0,100.6,398.5,99.92
2024-05-29,740.51,99.0,389.0,99.93
2024-05-31,744.45,98.8,398.0,99.96
2024-06-03,747.44,99.6,398.0,99.98
2024-06-04,747.77,99.6,394.5,100.0
2024-06-05,752.57,101.0,392.0,100.01
2024-06-06,754.63,100.4,402.0,100.03
2024-06-07,752.51,99.6,398.0,100.05
2024-06-10,748.19,98.0,394.0,100.06
2024-06-11,745.53,97.3,393.0,100.07
2024-06-12,753.25,98.8,394.0,100.08
2024-06-13,749.09,98.1,392.0,100.11
2024-06-14,748.14,96.5,390.5,100.12
2024-06-17,747.24,96.0,391.0,100.14
2024-06-18,750.47,96.3,392.0,100.14
2024-06-19,749.94,96.0,394.0,100.15
2024-06-20,753.54,97.0,396.0,100.18
2024-06-21,751.6,96.8,391.0,100.19
2024-06-24,752.76,96.9,391.0,100.2
2024-06-25,752.69,96.2,388.5,100.22
2024-06-26,750.03,96.9,386.5,100.23
2024-06-27,748.72,96.1,388.0,100.25
2024-06-28,746.62,95.9,388.0,100.26
2024-07-01,745.08,95.6,383.5,100.28
2024-07-02,743.59,95.2,382.0,100.29
2024-07-03,747.3,96.0,383.0,100.3
2024-07-04,748.48,96.6,385.0,100.32
2024-07-05,749.33,96.8,382.0,100.34
2024-07-08,749.84,96.5,381.5,100.35
2024-07-09,745.52,95.9,383.0,100.36
2024-07-10,750.24,96.2,381.0,100.37
2024-07-11,754.09,97.5,385.5,100.4
2024-07-12,757.55,97.6,386.5,100.41
2024-07-15,754.97,97.2,389.0,100.42
2024-07-16,754.57,97.0,389.0,100.44
2024-07-17,751.17,96.1,390.0,100.45
2024-07-18,750.29,96.0,391.0,100.47
2024-07-19,747.02,94.6,386.0,100.49
2024-07-22,750.77,95.3,392.0,100.5
2024-07-23,752.84,94.3,394.5,100.51
2024-07-24,749.47,93.1,393.5,100.52
2024-07-25,747.1,92.6,390.5,100.55
2024-07-26,751.61,94.2,396.0,100.57
2024-07-29,751.34,93.9,396.0,100.58
2024-07-30,753.76,94.9,396.5,100.59
2024-07-31,757.25,96.0,404.0,100.6
2024-08-01,752.63,95.3,403.0,100.62
2024-08-02,743.67,92.2,387.0,100.64
2024-08-05,735.03,90.1,377.5,100.65
2024-08-06,736.2,90.3,385.0,100.66
2024-08-07,741.02,91.5,386.0,100.68
2024-08-08,741.38,92.1,386.5,100.7
2024-08-09,743.77,92.1,386.5,100.72
2024-08-12,743.53,92.5,386.0,100.73
2024-08-13,747.37,92.2,384.5,100.74
2024-08-14,750.42,93.0,387.0,100.76
2024-08-16,754.62,94.2,385.0,100.79
2024-08-19,756.55,94.2,389.0,100.8
2024-08-20,756.4,94.7,386.0,100.81
2024-08-21,757.87,94.4,388.5,100.82
2024-08-22,757.89,94.7,386.0,100.84
2024-08-23,760.17,94.9,387.5,100.86
2024-08-27,758.51,92.7,384.0,100.88
2024-08-28,760.38,92.2,384.0,100.89
2024-08-29,763.51,92.1,386.5,100.92
2024-08-30,763.98,92.4,391.0,100.94
2024-09-02,763.43,92.6,388.0,100.94
2024-09-03,761.54,92.3,386.5,100.96
2024-09-04,758.95,90.5,380.0,100.97
2024-09-05,756.71,89.1,378.0,100.99
2024-09-06,754.39,88.0,372.0,101.0
2024-09-09,758.0,89.3,380.0,101.01
2024-09-10,756.36,89.0,376.5,101.03
2024-09-11,757.75,89.0,375.5,101.04
2024-09-12,759.85,90.1,379.5,101.06
2024-09-13,762.01,90.9,381.5,101.07
2024-09-16,762.31,90.0,383.5,101.09
2024-09-17,762.85,92.0,387.0,101.1
2024-09-18,759.4,90.4,384.5,101.11
2024-09-19,764.34,92.3,388.5,101.14
2024-09-20,759.14,91.0,385.5,101.15
2024-09-23,761.1,90.0,386.0,101.16
2024-09-24,763.43,90.2,387.5,101.17
2024-09-25,762.7,90.6,389.0,101.18
2024-09-26,766.93,91.8,390.0,101.21
2024-09-27,768.2,92.6,393.5,101.23
2024-09-30,764.53,91.0,393.5,101.24
2024-10-01,765.35,90.3,391.5,101.25
2024-10-02,764.02,90.1,392.0,101.26
2024-10-04,758.99,90.5,391.5,101.3
2024-10-07,758.44,91.0,392.5,101.31
2024-10-08,757.69,89.6,390.5,101.33
2024-10-09,760.42,89.9,395.5,101.33
2024-10-10,759.27,89.6,390.0,101.36
2024-10-11,761.6,89.7,394.0,101.37
2024-10-14,764.31,89.6,394.0,101.38
2024-10-15,762.16,87.6,393.0,101.39
2024-10-16,762.97,88.5,396.0,101.4
2024-10-17,765.5,88.4,392.0,101.43
2024-10-18,767.65,88.2,393.5,101.44
2024-10-21,762.64,87.6,393.5,101.45
2024-10-22,760.33,87.4,389.5,101.47
2024-10-23,758.48,87.2,388.5,101.48
2024-10-24,759.8,87.2,388.5,101.5
2024-10-25,758.64,87.0,395.0,101.51
2024-10-28,761.04,87.5,394.5,101.53
2024-10-29,757.52,87.9,391.5,101.53
2024-10-30,752.05,87.2,389.5,101.54
2024-10-31,746.72,87.3,386.0,101.56
2024-11-04,749.49,87.4,391.0,101.58
2024-11-05,748.6,87.0,389.0,101.59
2024-11-06,746.61,86.8,393.0,101.6
2024-11-07,746.67,87.0,395.5,101.62
2024-11-08,746.6,86.3,396.0,101.64
2024-11-11,752.09,87.4,399.0,101.64
2024-11-12,744.57,86.15,393.5,101.65
2024-11-13,743.74,86.0,393.0,101.66
2024-11-14,749.63,87.4,392.0,101.68
2024-11-15,746.17,85.6,385.5,101.69
2024-11-18,746.21,84.6,383.5,101.7
2024-11-19,745.6,83.6,382.0,101.71
2024-11-20,744.8,83.2,378.5,101.72
2024-11-21,747.81,83.7,379.5,101.74
2024-11-22,753.99,84.4,382.0,101.75
2024-11-25,755.44,85.0,382.0,101.76
2024-11-26,753.47,85.2,379.0,101.77
2024-11-27,753.23,84.6,374.0,101.78
2024-11-28,755.54,85.0,373.5,101.8
2024-11-29,758.85,85.1,376.5,101.81
2024-12-02,762.0,85.4,376.0,101.82
2024-12-03,763.62,86.5,377.0,101.83
2024-12-04,765.1,87.5,377.0,101.84
2024-12-05,766.27,87.0,378.5,101.86
2024-12-06,767.1,87.4,382.0,101.87
2024-12-09,766.13,87.8,383.5,101.88
2024-12-10,763.51,86.8,380.0,101.89
2024-12-11,764.64,87.2,378.0,101.9
2024-12-12,763.41,87.6,383.5,101.93
2024-12-13,761.49,87.2,384.0,101.94
2024-12-16,761.49,86.7,380.0,101.95
2024-12-17,760.1,86.5,377.0,101.95
2024-12-18,759.68,86.2,379.0,101.96
2024-12-19,752.11,84.3,373.0,101.98
2024-12-20,749.11,84.1,372.0,101.99
2024-12-23,749.2,84.5,375.0,102.02
2024-12-27,751.07,85.5,379.5,102.06
2024-12-30,749.78,85.0,382.5,102.07
2025-01-02,753.09,85.6,390.0,102.1
2025-01-03,749.27,86.0,389.0,102.11
2025-01-06,752.63,86.9,390.0,102.12
2025-01-07,753.26,86.8,386.0,102.13
2025-01-08,753.1,86.2,385.5,102.13
2025-01-09,755.02,87.6,388.5,102.16
2025-01-10,750.61,86.6,382.5,102.17
2025-01-13,746.97,85.5,386.0,102.18
2025-01-14,746.84,86.2,389.0,102.19
2025-01-15,753.65,87.4,396.5,102.19
2025-01-16,758.63,88.5,399.0,102.22
2025-01-17,761.95,89.0,405.5,102.23
2025-01-20,762.96,88.8,406.0,102.24
2025-01-21,765.34,89.7,407.0,102.25
2025-01-22,767.21,89.5,410.0,102.26
2025-01-23,767.84,89.5,408.0,102.28
2025-01-24,766.7,91.0,405.5,102.29
2025-01-27,766.47,90.4,401.0,102.3
2025-01-28,767.23,91.9,400.5,102.31
2025-01-29,769.32,94.5,402.0,102.32
2025-01-30,773.89,94.8,401.0,102.34
2025-01-31,775.76,95.3,407.0,102.35
2025-02-03,773.47,94.6,399.0,102.36
2025-02-04,774.27,94.1,398.0,102.37
2025-02-05,777.0,95.2,397.0,102.38
2025-02-06,782.3,95.8,399.0,102.39
2025-02-07,780.16,95.6,395.0,102.4
2025-02-10,782.29,95.3,395.5,102.41
2025-02-11,782.48,96.0,395.5,102.42
2025-02-12,782.02,96.0,394.5,102.43
2025-02-13,789.08,98.0,395.0,102.45
2025-02-14,786.57,99.5,395.0,102.46
2025-02-17,786.69,101.8,394.0,102.47
2025-02-18,787.23,100.6,391.5,102.48
2025-02-19,782.43,101.6,393.0,102.48
2025-02-20,782.17,101.0,393.5,102.5
2025-02-21,785.37,99.3,391.5,102.51
2025-02-24,785.18,100.2,387.0,102.52
2025-02-25,786.25,100.2,386.5,102.53
2025-02-26,790.27,100.2,388.5,102.54
2025-02-27,788.09,99.7,385.0,102.56
2025-02-28,788.73,99.1,383.0,102.57
2025-03-03,789.92,98.9,384.0,102.58
2025-03-04,783.02,96.9,367.0,102.58
2025-03-05,781.61,99.5,368.5,102.59
2025-03-06,778.05,99.7,371.5,102.61
2025-03-07,779.13,98.9,369.0,99.0
2025-03-10,774.41,95.7,364.0,99.01
2025-03-11,766.64,94.5,359.0,99.02
2025-03-12,770.06,95.4,358.5,99.03
2025-03-13,768.93,95.2,357.5,99.04
2025-03-14,772.76,97.3,362.0,99.06
2025-03-17,776.99,97.8,364.0,99.07
2025-03-18,778.59,98.2,364.5,99.07
2025-03-19,779.5,97.8,365.5,99.08
2025-03-20,777.77,96.9,364.0,99.09
2025-03-21,776.71,96.2,359.5,99.11
2025-03-24,775.6,95.7,362.0,99.11
2025-03-25,777.73,96.2,362.0,99.12
2025-03-26,774.43,95.4,362.5,99.13
