date,Carmignac Patrimoine Fund,Lazard Global Active Equity Fund,Fidelity Euro Stoxx 50 Index Fund,Robeco Global Stars Equity Fund,Invesco Pan-European Equity Fund
2016-04-01,614.13,2.5316,11.78,31.56,16.76
2016-04-04,612.21,2.5727,11.81,31.65,16.91
2016-04-05,614.12,2.5145,11.53,31.5,16.46
2016-04-06,616.04,2.5198,11.61,31.15,16.4
2016-04-07,618.56,2.5226,11.47,31.47,16.37
2016-04-08,617.09,2.5271,11.63,31.21,16.53
2016-04-11,615.68,2.5568,11.68,31.32,16.79
2016-04-12,615.73,2.5479,11.75,31.31,16.82
2016-04-13,615.67,2.5931,12.14,31.8,17.33
2016-04-14,616.04,2.61,12.23,32.58,17.4
2016-04-15,616.48,2.6002,12.2,32.71,17.37
2016-04-18,617.15,2.6034,12.25,32.53,17.34
2016-04-19,616.8,2.642,12.44,32.73,17.62
2016-04-20,617.24,2.6426,12.56,31.6,17.69
2016-04-21,620.1,2.6425,12.6,31.81,17.79
2016-04-22,619.02,2.6475,12.56,31.82,17.68
2016-04-25,616.71,2.6417,12.46,31.84,17.68
2016-04-26,615.77,2.6392,12.49,31.66,17.77
2016-04-27,616.37,2.6423,12.53,31.66,17.83
2016-04-28,617.38,2.616,12.53,31.54,17.66
2016-04-29,617.41,2.6132,12.15,31.45,17.64
2016-05-02,616.34,2.5944,12.2,30.81,17.43
2016-05-03,614.28,2.5512,11.96,30.81,17.02
2016-05-04,613.01,2.5365,11.82,30.4,16.85
2016-05-06,614.85,2.5148,11.86,30.3,16.7
2016-05-09,614.14,2.5568,11.94,30.3,16.93
2016-05-10,616.57,2.5717,12.05,30.54,16.95
2016-05-11,617.8,2.5373,11.96,30.79,16.79
2016-05-12,618.51,2.5703,11.88,30.52,17.04
2016-05-13,619.51,2.5276,11.97,30.61,16.73
2016-05-17,621.21,2.5492,11.91,30.69,16.95
2016-05-18,619.45,2.5327,11.99,30.48,16.89
2016-05-19,619.74,2.5365,11.84,30.76,17.04
2016-05-20,620.16,2.5596,12.02,30.66,17.09
2016-05-23,620.4,2.5627,11.93,30.89,17.03
2016-05-24,619.32,2.5964,12.24,30.81,17.33
2016-05-25,620.07,2.6453,12.46,31.41,17.74
2016-05-26,620.72,2.654,12.5,31.7,17.88
2016-05-27,621.7,2.6593,12.54,31.62,17.84
2016-05-30,621.32,2.6675,12.58,31.88,17.92
2016-06-01,622.8,2.6416,12.38,31.84,17.55
2016-06-02,624.75,2.6536,12.37,31.71,17.63
2016-06-03,624.0,2.6608,12.23,31.85,17.62
2016-06-06,623.37,2.6225,12.26,31.38,17.3
2016-06-07,623.72,2.6572,12.41,31.42,17.59
2016-06-08,625.06,2.646,12.33,31.54,17.52
2016-06-09,626.91,2.623,12.21,31.48,17.42
2016-06-10,624.13,2.5726,11.89,31.42,17.0
2016-06-13,624.0,2.5104,11.66,30.94,16.55
2016-06-14,623.23,2.4726,11.42,30.54,16.27
2016-06-15,623.14,2.4787,11.56,30.48,16.32
2016-06-16,625.22,2.4559,11.52,30.4,16.13
2016-06-17,622.7,2.4846,11.64,30.66,16.47
2016-06-20,622.77,2.5606,12.03,30.52,17.19
2016-06-21,623.55,2.5706,12.14,30.76,17.34
2016-06-22,624.05,2.5831,12.19,30.99,17.44
2016-06-23,626.79,2.6185,12.42,31.01,17.44
2016-06-24,624.85,2.4492,11.35,31.02,15.95
2016-06-27,622.57,2.374,11.03,30.26,15.19
2016-06-28,624.24,2.3962,11.28,29.84,15.37
2016-06-29,627.51,2.4435,11.58,30.38,15.82
2016-06-30,630.23,2.4748,11.72,30.93,15.95
2016-07-01,633.29,2.4996,11.79,31.12,16.02
2016-07-04,633.95,2.4972,11.71,31.23,16.09
2016-07-05,632.5,2.4672,11.51,31.2,15.79
2016-07-06,633.47,2.4146,11.3,30.84,15.25
2016-07-07,633.78,2.4454,11.38,30.95,15.56
2016-07-08,639.48,2.4486,11.62,31.02,15.7
2016-07-11,640.68,2.4966,11.81,31.63,16.01
2016-07-12,641.76,2.5302,12.01,31.82,16.51
2016-07-13,640.0,2.5352,11.98,32.0,16.7
2016-07-15,641.53,2.5235,12.11,32.06,16.59
2016-07-18,642.65,2.5328,12.07,32.1,16.68
2016-07-19,642.99,2.5211,12.0,32.16,16.5
2016-07-20,644.33,2.5509,12.14,32.16,16.75
2016-07-21,645.05,2.5521,12.15,32.39,16.74
2016-07-22,647.36,2.5551,12.16,32.36,16.72
2016-07-25,646.28,2.5707,12.17,32.56,16.79
2016-07-26,647.41,2.5551,12.19,32.45,16.67
2016-07-27,647.57,2.5729,12.28,32.53,16.9
2016-07-28,644.29,2.5618,12.15,32.4,16.72
2016-07-29,643.55,2.5531,12.24,32.1,16.71
2016-08-01,643.96,2.5557,12.15,32.04,16.51
2016-08-02,640.61,2.5252,11.9,32.01,16.29
2016-08-03,641.72,2.5058,11.92,31.68,16.25
2016-08-04,643.76,2.5196,12.01,31.93,16.39
2016-08-05,647.53,2.5293,12.18,32.09,16.48
2016-08-08,646.86,2.5483,12.22,32.57,16.74
2016-08-09,649.66,2.5565,12.41,32.49,16.74
2016-08-10,646.9,2.5647,12.36,32.51,16.77
2016-08-11,648.5,2.5853,12.49,32.31,16.83
2016-08-12,648.2,2.5919,12.47,32.5,16.96
2016-08-16,644.2,2.578,12.36,32.52,16.85
2016-08-17,642.67,2.5588,12.21,32.23,16.69
2016-08-18,642.64,2.5606,12.27,32.22,16.74
2016-08-19,641.43,2.5483,12.16,32.19,16.63
2016-08-22,640.51,2.5546,12.13,32.06,16.63
2016-08-23,642.06,2.5738,12.26,32.08,16.82
2016-08-24,639.78,2.5924,12.32,32.21,17.09
2016-08-25,638.06,2.5731,12.24,32.21,16.88
2016-08-26,640.0,2.5697,12.33,31.99,16.91
2016-08-29,641.59,2.5715,12.28,32.1,16.96
2016-08-30,641.08,2.5958,12.41,32.37,17.11
2016-08-31,639.88,2.6102,12.38,32.47,17.24
2016-09-01,639.26,2.6172,12.36,32.42,17.33
2016-09-02,644.41,2.6149,12.61,32.35,17.2
2016-09-05,646.34,2.647,12.61,32.76,17.5
2016-09-07,648.4,2.6463,12.66,32.66,17.38
2016-09-08,647.21,2.6537,12.63,32.7,17.5
2016-09-09,640.05,2.6371,12.5,32.56,17.48
2016-09-12,640.55,2.5703,12.34,31.99,16.96
2016-09-13,635.89,2.5944,12.18,32.24,17.12
2016-09-14,633.33,2.5716,12.14,31.78,16.89
2016-09-15,635.31,2.5686,12.18,31.7,16.81
2016-09-16,637.11,2.555,12.02,32.0,16.68
2016-09-19,637.28,2.5809,12.16,32.07,16.88
2016-09-20,639.3,2.5922,12.15,32.17,16.84
2016-09-21,643.4,2.6091,12.22,32.19,17.03
2016-09-22,642.38,2.6333,12.5,32.62,17.19
2016-09-23,640.1,2.6226,12.42,32.67,17.06
2016-09-26,636.79,2.5926,12.19,32.51,16.77
2016-09-27,637.99,2.5739,12.18,32.08,16.61
2016-09-28,640.33,2.6052,12.26,32.38,16.88
2016-09-29,636.2,2.6129,12.26,32.57,17.01
2016-09-30,637.0,2.5694,12.31,32.31,16.76
2016-10-03,636.5,2.5791,12.27,32.49,16.98
2016-10-04,634.88,2.5878,12.42,32.48,17.13
2016-10-05,635.48,2.5725,12.41,32.66,17.06
2016-10-06,635.15,2.5755,12.39,32.63,17.16
2016-10-07,634.4,2.5614,12.3,32.59,16.99
2016-10-10,637.45,2.5561,12.45,32.44,16.98
2016-10-11,636.23,2.5758,12.39,32.63,17.11
2016-10-12,635.95,2.5629,12.34,32.48,17.02
2016-10-13,633.68,2.5276,12.2,32.52,16.69
2016-10-14,634.3,2.5624,12.41,32.36,16.96
2016-10-17,633.84,2.5465,12.34,32.52,16.83
2016-10-18,637.67,2.5705,12.5,32.39,17.07
2016-10-19,640.24,2.581,12.54,32.71,17.09
2016-10-20,641.16,2.5828,12.63,32.85,17.2
2016-10-21,644.11,2.5875,12.63,32.92,17.26
2016-10-24,644.86,2.599,12.69,33.02,17.45
2016-10-25,643.01,2.5887,12.67,33.06,17.44
2016-10-26,639.65,2.5469,12.64,33.02,17.29
2016-10-27,640.48,2.5527,12.66,32.76,17.34
2016-10-28,637.66,2.5518,12.64,32.71,17.35
2016-10-31,635.82,2.5428,12.54,32.53,17.28
2016-11-02,624.89,2.501,12.23,32.01,16.95
2016-11-03,623.97,2.4874,12.21,31.71,17.07
2016-11-04,621.11,2.4518,12.13,31.48,16.77
2016-11-07,628.18,2.4853,12.35,31.39,17.07
2016-11-08,630.03,2.4944,12.41,32.18,17.13
2016-11-09,635.02,2.4738,12.55,32.1,17.02
2016-11-10,631.63,2.5531,12.51,33.01,18.03
2016-11-15,631.64,2.5031,12.54,33.21,17.81
2016-11-16,632.49,2.5034,12.44,33.4,17.83
2016-11-17,633.19,2.5003,12.51,33.47,17.74
2016-11-18,637.72,2.5085,12.42,33.73,17.77
2016-11-21,639.15,2.507,12.47,33.84,17.83
2016-11-22,640.44,2.5209,12.52,33.92,18.05
2016-11-23,643.62,2.5041,12.47,33.98,17.95
2016-11-24,642.32,2.5076,12.5,34.11,18.04
2016-11-28,637.99,2.5049,12.4,34.05,17.81
2016-11-29,635.87,2.5005,12.5,33.88,17.81
2016-11-30,640.73,2.5252,12.55,33.88,17.92
2016-12-01,639.05,2.5044,12.46,33.87,18.03
2016-12-02,635.89,2.4749,12.4,33.63,17.83
2016-12-05,635.04,2.5146,12.56,33.38,18.04
2016-12-06,637.92,2.5229,12.75,33.44,18.17
2016-12-07,640.51,2.5594,12.92,33.59,18.55
2016-12-08,649.39,2.5728,13.1,33.86,18.73
2016-12-09,653.89,2.6033,13.15,34.44,18.98
2016-12-12,649.12,2.6044,13.16,34.8,19.01
2016-12-13,652.34,2.6138,13.31,34.46,19.05
2016-12-14,648.11,2.6078,13.21,34.66,19.01
2016-12-15,656.57,2.6128,13.37,34.47,19.16
2016-12-16,657.93,2.6404,13.4,35.1,19.36
2016-12-19,654.82,2.6375,13.4,35.07,19.34
2016-12-20,658.16,2.6457,13.49,35.05,19.35
2016-12-21,654.17,2.6424,13.46,35.32,19.32
2016-12-22,653.22,2.6484,13.46,35.11,19.29
2016-12-23,654.05,2.6513,13.47,34.98,19.28
2016-12-28,656.65,2.6497,13.49,35.1,19.32
2016-12-29,652.88,2.649,13.46,35.06,19.28
2016-12-30,649.21,2.6411,13.54,34.84,19.17
2017-01-04,657.7,2.6816,13.65,35.36,19.59
2017-01-05,652.35,2.6841,13.65,35.39,19.65
2017-01-06,654.84,2.6793,13.67,35.17,19.58
2017-01-09,654.55,2.6689,13.62,35.35,19.43
2017-01-10,652.57,2.6723,13.61,35.27,19.41
2017-01-11,658.32,2.675,13.62,35.26,19.48
2017-01-12,651.16,2.6739,13.53,35.6,19.42
2017-01-13,653.45,2.6833,13.69,35.11,19.44
2017-01-16,653.05,2.6739,13.57,35.29,19.31
2017-01-18,648.89,2.6499,13.56,35.07,19.16
2017-01-19,652.77,2.6546,13.55,35.02,19.25
2017-01-20,653.45,2.6601,13.58,35.09,19.27
2017-01-23,650.27,2.6589,13.48,34.98,19.19
2017-01-24,652.75,2.6546,13.51,34.85,19.13
2017-01-25,656.9,2.6852,13.7,35.02,19.41
2017-01-26,660.54,2.6985,13.67,35.42,19.53
2017-01-27,659.76,2.6753,13.6,35.68,19.33
2017-01-30,657.09,2.661,13.44,35.52,19.23
2017-01-31,653.55,2.6583,13.31,35.31,19.05
2017-02-01,655.13,2.6581,13.42,34.89,19.06
2017-02-02,653.87,2.6655,13.42,35.12,19.09
2017-02-03,656.86,2.6819,13.5,35.1,19.17
2017-02-06,656.4,2.6756,13.35,35.44,19.18
2017-02-07,655.05,2.6664,13.34,35.4,19.04
2017-02-08,654.08,2.6621,13.35,35.52,19.02
2017-02-09,657.85,2.6704,13.52,35.53,19.09
2017-02-10,661.44,2.6769,13.49,35.85,19.11
2017-02-13,662.56,2.7006,13.63,36.09,19.29
2017-02-14,663.77,2.7079,13.65,36.27,19.35
2017-02-15,665.86,2.7239,13.71,36.46,19.49
2017-02-16,663.04,2.7179,13.65,36.57,19.47
2017-02-17,662.85,2.7088,13.64,36.31,19.26
2017-02-20,663.23,2.7187,13.66,36.45,19.38
2017-02-22,663.47,2.7266,13.77,36.89,19.47
2017-02-23,662.04,2.7319,13.75,36.86,19.53
2017-02-24,659.77,2.6922,13.62,36.71,19.24
2017-02-27,657.93,2.6984,13.65,36.67,19.26
2017-02-28,656.85,2.7029,13.69,36.59,19.33
2017-03-01,663.01,2.7458,13.98,36.52,19.64
2017-03-02,660.71,2.7418,13.96,37.04,19.78
2017-03-03,661.55,2.7473,14.03,36.94,19.77
2017-03-06,659.76,2.7423,13.97,36.87,19.72
2017-03-07,657.98,2.7351,13.96,36.74,19.61
2017-03-08,657.59,2.7268,13.98,36.72,19.54
2017-03-09,658.49,2.7308,14.06,36.75,19.55
2017-03-10,660.78,2.7604,14.09,36.78,19.8
2017-03-13,660.71,2.7496,14.08,36.74,19.72
2017-03-14,658.09,2.7461,14.02,36.85,19.65
2017-03-15,661.8,2.7516,14.06,36.79,19.71
2017-03-16,660.99,2.7761,14.18,37.04,19.9
2017-03-17,660.76,2.7806,14.22,36.91,19.97
2017-03-20,661.02,2.7818,14.18,36.84,19.94
2017-03-21,656.53,2.7852,14.15,36.77,20.03
2017-03-22,655.2,2.7354,14.11,36.23,19.65
2017-03-23,655.75,2.7506,14.24,36.23,19.79
2017-03-24,657.23,2.7545,14.21,36.32,19.8
2017-03-27,655.79,2.7474,14.18,36.18,19.72
2017-03-28,657.55,2.7542,14.3,36.05,19.77
2017-03-29,660.58,2.7692,14.34,36.31,19.84
2017-03-30,659.52,2.7784,14.38,36.68,19.91
2017-03-31,659.05,2.8102,14.46,36.85,19.98
2017-04-03,658.85,2.8072,14.37,36.85,20.07
2017-04-04,657.87,2.7889,14.39,36.95,19.95
2017-04-05,657.59,2.7997,14.35,36.97,20.02
2017-04-06,657.12,2.7951,14.42,36.86,19.95
2017-04-07,659.22,2.8003,14.45,36.97,20.01
2017-04-10,660.11,2.8061,14.39,37.09,20.03
2017-04-11,659.48,2.809,14.34,37.13,20.08
2017-04-12,659.8,2.809,14.34,37.04,20.07
2017-04-13,658.65,2.7912,14.25,37.0,19.87
2017-04-18,656.86,2.7667,14.1,36.94,19.66
2017-04-19,654.44,2.7728,14.15,36.63,19.77
2017-04-20,656.15,2.7837,14.23,36.61,19.76
2017-04-21,658.37,2.789,14.23,36.73,19.93
2017-04-24,658.15,2.8643,14.8,35.94,20.4
2017-04-25,660.09,2.88,14.83,35.98,20.47
2017-04-26,660.55,2.88,14.81,35.98,20.42
2017-04-27,659.55,2.8762,14.76,36.15,20.46
2017-04-28,659.54,2.8853,14.76,36.24,20.41
2017-05-02,662.94,2.899,14.86,36.22,20.49
2017-05-03,661.43,2.9059,14.89,36.36,20.48
2017-05-04,661.67,2.93,15.08,36.31,20.65
2017-05-05,664.26,2.9451,15.24,36.3,20.72
2017-05-09,665.2,2.9715,15.2,36.74,21.02
2017-05-10,666.57,2.9596,15.2,36.81,20.96
2017-05-11,667.05,2.9759,15.12,36.72,20.95
2017-05-12,667.99,2.9685,15.18,36.69,20.92
2017-05-15,669.42,2.9706,15.22,36.75,20.97
2017-05-16,669.16,2.9731,15.25,36.57,20.95
2017-05-17,661.9,2.9588,15.02,36.35,20.93
2017-05-18,656.51,2.8867,14.92,35.64,20.4
2017-05-19,658.8,2.9288,15.03,35.71,20.7
2017-05-22,659.45,2.9393,15.0,35.74,20.76
2017-05-23,661.04,2.9512,15.08,35.79,20.87
2017-05-24,663.17,2.9468,15.04,35.91,20.89
2017-05-26,664.69,2.9442,15.01,36.25,20.65
2017-05-29,663.86,2.9467,15.01,36.38,20.71
2017-05-31,660.52,2.9448,14.94,36.32,20.64
2017-06-01,662.72,2.9533,15.0,36.28,20.61
2017-06-02,664.66,2.9824,15.1,36.5,20.77
2017-06-06,664.43,2.9412,14.95,36.58,20.43
2017-06-07,663.86,2.9545,14.93,36.38,20.57
2017-06-08,665.13,2.9434,14.99,36.46,20.52
2017-06-09,666.74,2.9367,15.09,36.55,20.4
2017-06-12,664.45,2.9234,14.92,36.43,20.38
2017-06-13,666.37,2.9361,14.98,36.31,20.49
2017-06-14,664.09,2.957,14.94,36.49,20.58
2017-06-15,663.54,2.9153,14.85,36.24,20.18
2017-06-16,664.02,2.9387,14.92,36.47,20.31
2017-06-19,667.99,2.9611,15.08,36.54,20.48
2017-06-20,667.54,2.9714,15.0,36.99,20.43
2017-06-21,667.47,2.9379,14.97,36.79,20.18
2017-06-22,667.66,2.9495,14.98,36.82,20.15
2017-06-23,666.82,2.9418,14.92,36.83,20.15
2017-06-26,666.94,2.9664,15.0,36.81,20.37
2017-06-27,661.42,2.9432,14.9,36.81,20.23
2017-06-28,661.46,2.9225,14.89,36.33,20.21
2017-06-29,656.68,2.9231,14.62,36.44,20.35
2017-06-30,656.03,2.9109,14.5,35.91,20.17
2017-07-03,658.24,2.9047,14.71,35.99,20.21
2017-07-04,658.2,2.9123,14.66,36.14,20.31
2017-07-06,655.76,2.8914,14.59,36.41,20.19
2017-07-07,657.24,2.8855,14.6,36.09,20.1
2017-07-10,659.18,2.9133,14.66,36.2,20.19
2017-07-11,658.79,2.9131,14.6,36.37,20.18
2017-07-12,662.62,2.93,14.81,36.24,20.32
2017-07-13,663.2,2.9578,14.87,36.63,20.56
2017-07-17,663.25,2.9561,14.82,36.81,20.54
2017-07-18,660.02,2.9445,14.66,36.76,20.37
2017-07-19,663.58,2.9416,14.75,36.47,20.3
2017-07-20,662.37,2.9484,14.74,36.81,20.43
2017-07-21,661.29,2.9165,14.54,36.47,20.21
2017-07-24,661.11,2.8915,14.55,36.34,20.06
2017-07-25,661.66,2.9186,14.64,36.33,20.23
2017-07-26,663.31,2.9291,14.71,36.35,20.32
2017-07-27,662.71,2.9377,14.72,36.51,20.38
2017-07-28,660.83,2.9127,14.61,36.34,20.18
2017-07-31,659.97,2.9201,14.54,36.09,20.25
2017-08-01,660.99,2.9146,14.66,36.03,20.29
2017-08-02,658.36,2.9165,14.58,36.1,20.29
2017-08-03,657.25,2.9106,14.62,35.88,20.28
2017-08-04,659.46,2.9145,14.8,35.82,20.27
2017-08-07,658.54,2.9381,14.79,36.24,20.47
2017-08-08,659.04,2.9445,14.83,36.19,20.5
2017-08-09,656.64,2.9217,14.63,36.31,20.32
2017-08-10,652.76,2.9136,14.48,36.17,20.28
2017-08-11,650.34,2.8717,14.37,35.67,19.87
2017-08-14,653.01,2.9042,14.56,35.52,20.05
2017-08-16,655.21,2.9351,14.7,36.07,20.25
2017-08-17,651.27,2.9313,14.6,36.3,20.17
2017-08-18,650.1,2.8982,14.54,35.7,19.93
2017-08-21,649.23,2.9057,14.44,35.7,19.97
2017-08-23,650.91,2.9183,14.5,35.89,19.98
2017-08-24,651.57,2.9195,14.53,35.63,19.99
2017-08-25,650.03,2.9234,14.5,35.65,19.96
2017-08-28,648.2,2.8973,14.43,35.48,19.75
2017-08-29,647.59,2.8558,14.29,35.28,19.42
2017-08-30,649.29,2.8775,14.36,35.11,19.6
2017-08-31,652.19,2.9032,14.43,35.54,19.74
2017-09-01,653.24,2.9199,14.52,35.88,19.85
2017-09-04,652.06,2.9116,14.47,36.08,19.78
2017-09-06,651.41,2.8978,14.48,35.79,19.6
2017-09-07,652.59,2.9197,14.54,35.82,19.77
2017-09-08,650.53,2.9114,14.54,35.7,19.68
2017-09-11,653.42,2.9453,14.74,35.69,19.91
2017-09-12,654.46,2.9694,14.81,36.0,20.09
2017-09-13,654.44,2.9698,14.86,36.14,20.12
2017-09-14,654.19,2.9762,14.87,36.28,20.17
2017-09-15,652.83,2.9702,14.83,36.25,20.21
2017-09-18,654.34,2.9793,14.88,35.91,20.31
2017-09-19,654.51,2.9764,14.9,35.96,20.34
2017-09-20,654.19,2.975,14.87,35.88,20.35
2017-09-21,653.59,2.9803,14.93,35.95,20.5
2017-09-22,653.65,2.9883,14.94,35.99,20.5
2017-09-25,651.08,2.9848,14.93,35.92,20.5
2017-09-26,651.33,2.9864,14.93,36.02,20.54
2017-09-27,652.42,2.992,15.01,36.34,20.62
2017-09-28,652.83,3.0015,15.04,36.55,20.65
2017-09-29,654.17,3.0137,15.17,36.46,20.7
2017-10-02,656.06,3.0032,15.21,36.61,20.79
2017-10-03,657.6,3.0109,15.24,36.97,20.79
2017-10-04,657.24,3.001,15.17,37.02,20.68
2017-10-05,659.08,3.0121,15.25,37.01,20.68
2017-10-06,658.46,3.022,15.21,37.27,20.7
2017-10-09,657.55,3.0147,15.24,37.15,20.64
2017-10-11,657.24,3.0205,15.23,37.02,20.65
2017-10-12,656.12,3.0223,15.23,37.06,20.61
2017-10-13,655.78,3.029,15.22,36.94,20.68
2017-10-16,655.33,3.0326,15.23,37.04,20.71
2017-10-17,657.11,3.0318,15.24,37.13,20.72
2017-10-18,656.62,3.049,15.29,37.24,20.75
2017-10-19,654.7,3.01311,15.22,37.14,20.59
2017-10-20,654.86,3.03537,15.23,36.85,20.75
2017-10-23,654.3,3.03644,15.24,36.95,20.82
2017-10-24,653.78,3.02674,15.25,36.88,20.82
2017-10-25,652.02,3.02303,15.17,36.83,20.9
2017-10-26,651.88,3.00162,15.36,36.54,20.72
2017-10-27,656.49,3.03942,15.43,36.79,20.86
2017-10-30,655.69,3.04395,15.47,37.59,20.91
2017-10-31,656.63,3.05093,15.52,37.57,20.98
2017-11-02,656.76,3.06024,15.58,37.94,21.04
2017-11-03,657.12,3.05531,15.59,37.7,20.99
2017-11-06,659.11,3.05766,15.55,37.88,20.93
2017-11-07,657.27,3.05146,15.46,38.16,21.0
2017-11-08,656.93,3.03306,15.47,38.07,20.8
2017-11-09,654.93,3.02783,15.26,38.09,20.73
2017-11-10,651.78,3.00936,15.21,37.74,20.62
2017-11-13,650.57,2.98678,15.1,37.64,20.37
2017-11-14,645.6,2.98351,15.03,37.6,20.32
2017-11-15,643.19,2.94652,14.99,37.17,20.02
2017-11-16,646.7,2.97856,15.07,36.92,20.26
2017-11-17,648.59,2.96948,14.99,37.29,20.26
2017-11-20,649.06,2.96469,15.05,37.31,20.32
2017-11-21,651.68,2.98258,15.13,37.42,20.43
2017-11-22,652.6,2.98451,15.06,37.69,20.48
2017-11-23,651.84,2.97609,15.1,37.61,20.39
2017-11-28,652.0,2.97649,15.15,37.23,20.35
2017-11-29,646.84,2.99863,15.17,37.62,20.62
2017-11-30,646.74,3.00229,15.09,37.59,20.73
2017-12-01,644.2,2.96785,14.9,37.59,20.43
2017-12-04,641.22,2.99136,15.11,37.58,20.63
2017-12-05,642.22,2.98256,15.09,37.6,20.54
2017-12-06,642.84,2.9677,15.06,37.51,20.46
2017-12-07,644.67,2.9815,15.11,37.73,20.53
2017-12-08,648.08,3.01231,15.18,37.69,20.82
2017-12-11,649.2,3.00896,15.14,37.98,20.74
2017-12-12,649.65,3.01052,15.23,38.02,20.79
2017-12-13,650.33,3.01475,15.15,38.3,20.87
2017-12-14,648.49,3.00096,15.04,38.19,20.79
2017-12-15,649.03,2.98552,15.06,37.98,20.65
2017-12-18,651.14,3.01797,15.28,38.12,20.85
2017-12-19,650.7,3.02678,15.17,38.24,20.93
2017-12-20,649.68,3.00781,15.05,38.08,20.81
2017-12-21,651.87,2.99553,15.12,37.84,20.77
2017-12-22,652.22,3.00792,15.05,38.04,20.88
2017-12-28,651.12,3.0072,14.92,38.0,20.89
2018-01-02,652.39,2.97833,14.78,37.73,20.73
2018-01-03,655.86,2.99782,14.86,37.96,20.92
2018-01-04,657.02,3.03465,15.11,38.29,21.09
2018-01-05,660.37,3.06394,15.28,38.32,21.23
2018-01-08,662.22,3.08627,15.31,38.7,21.33
2018-01-09,662.7,3.09761,15.34,38.9,21.44
2018-01-10,662.8,3.08592,15.29,39.22,21.42
2018-01-11,663.86,3.09328,15.23,39.06,21.44
2018-01-12,664.35,3.08931,15.3,39.04,21.49
2018-01-15,662.42,3.09043,15.3,39.02,21.52
2018-01-17,662.89,3.08403,15.3,38.76,21.45
2018-01-18,663.82,3.09211,15.34,38.95,21.47
2018-01-19,665.91,3.1047,15.46,38.98,21.55
2018-01-22,668.39,3.11117,15.53,39.25,21.63
2018-01-23,670.35,3.12588,15.56,39.55,21.69
2018-01-24,669.73,3.13152,15.46,39.53,21.73
2018-01-25,667.99,3.11525,15.38,39.17,21.63
2018-01-26,672.65,3.11911,15.45,38.86,21.65
2018-01-29,671.25,3.11757,15.43,39.59,21.62
2018-01-30,667.33,3.08964,15.29,39.5,21.42
2018-01-31,668.11,3.07959,15.3,38.98,21.25
2018-02-01,668.62,3.09561,15.18,38.84,21.4
2018-02-02,662.16,3.03786,14.95,38.56,21.04
2018-02-05,652.03,2.98643,14.76,37.93,20.68
2018-02-06,650.76,2.91503,14.4,36.76,20.16
2018-02-07,652.07,2.93703,14.66,37.2,20.36
2018-02-08,645.54,2.93042,14.33,37.32,20.46
2018-02-09,642.54,2.86684,14.11,36.28,20.0
2018-02-12,645.89,2.89893,14.29,36.4,20.21
2018-02-13,643.5,2.8868,14.17,36.77,20.15
2018-02-14,648.33,2.90146,14.3,36.56,20.15
2018-02-15,650.24,2.93841,14.38,36.94,20.46
2018-02-16,651.4,2.94166,14.54,37.02,20.47
2018-02-19,650.11,2.95314,14.46,37.11,20.6
2018-02-21,649.66,2.94243,14.55,37.1,20.61
2018-02-22,649.22,2.94165,14.56,37.1,20.61
2018-02-23,652.45,2.94603,14.6,37.12,20.65
2018-02-26,655.38,2.96824,14.69,37.52,20.82
2018-02-27,652.92,2.96142,14.67,37.86,20.75
2018-02-28,651.75,2.95638,14.59,37.62,20.75
2018-03-01,649.3,2.93022,14.42,37.39,20.49
2018-03-02,648.9,2.88207,14.11,36.92,20.18
2018-03-05,649.78,2.87081,14.24,36.53,20.12
2018-03-06,649.6,2.90764,14.25,36.76,20.41
2018-03-07,650.07,2.88072,14.33,36.67,20.23
2018-03-08,651.76,2.90807,14.48,36.73,20.41
2018-03-09,654.81,2.92429,14.52,37.15,20.46
2018-03-12,655.71,2.94912,14.55,37.64,20.63
2018-03-13,652.93,2.9445,14.42,37.74,20.61
2018-03-14,652.59,2.9276,14.39,37.23,20.46
2018-03-15,652.31,2.9128,14.49,37.19,20.38
2018-03-16,652.02,2.9239,14.59,37.28,20.49
2018-03-19,648.3,2.9118,14.41,37.42,20.5
2018-03-20,649.4,2.9063,14.49,36.78,20.46
2018-03-21,650.99,2.9041,14.44,36.93,20.42
2018-03-22,647.56,2.8774,14.22,36.95,20.27
2018-03-23,646.05,2.8279,14.0,36.1,19.88
2018-03-26,648.43,2.8432,13.92,35.46,20.06
2018-03-27,645.3,2.8485,14.09,35.77,20.08
2018-03-28,641.61,2.829,14.15,35.53,19.89
2018-03-29,646.11,2.8727,14.28,35.6,20.18
2018-04-03,643.35,2.8538,14.21,35.99,20.09
2018-04-04,644.01,2.8116,14.19,35.88,19.86
2018-04-05,647.06,2.8827,14.57,36.04,20.39
2018-04-06,643.15,2.8976,14.5,36.65,20.56
2018-04-09,643.35,2.894,14.53,36.11,20.57
2018-04-10,647.34,2.9037,14.63,36.09,20.75
2018-04-11,647.01,2.8954,14.55,36.46,20.76
2018-04-12,648.3,2.9016,14.65,36.24,20.8
2018-04-13,648.02,2.9231,14.67,36.66,20.98
2018-04-16,648.07,2.913,14.65,36.56,20.92
2018-04-17,650.82,2.921,14.81,36.59,21.0
2018-04-18,651.75,2.9405,14.86,36.93,21.12
2018-04-19,651.12,2.9496,14.85,37.04,21.23
2018-04-20,649.35,2.956,14.88,36.98,21.38
2018-04-23,649.1,2.9476,14.96,35.82,21.35
2018-04-24,645.91,2.9589,14.96,35.93,21.46
2018-04-25,644.9,2.922,14.87,35.59,21.24
2018-04-26,648.88,2.9535,14.97,35.85,21.33
2018-04-27,649.78,2.9705,15.03,36.21,21.43
2018-04-30,649.2,2.9785,15.12,36.25,21.54
2018-05-02,648.89,2.9994,15.2,36.44,21.7
2018-05-03,646.84,2.9906,15.11,36.48,21.65
2018-05-04,647.04,2.9851,15.22,36.51,21.61
2018-05-07,647.86,3.0035,15.29,36.89,21.75
2018-05-09,649.25,3.03,15.32,37.17,21.86
2018-05-11,650.53,3.0474,15.34,37.71,21.96
2018-05-14,649.25,3.042,15.35,37.56,21.93
2018-05-15,646.52,3.0431,15.34,37.55,22.0
2018-05-16,647.21,3.0342,15.33,37.71,21.98
2018-05-17,647.92,3.0357,15.46,37.91,21.94
2018-05-18,645.47,3.0488,15.41,37.91,21.98
2018-05-22,644.07,3.0586,15.49,38.15,21.99
2018-05-23,646.14,3.0315,15.29,38.14,21.79
2018-05-24,645.82,3.0405,15.2,38.2,21.8
2018-05-25,646.22,3.0311,15.18,38.02,21.59
2018-05-28,645.3,3.0105,15.06,38.17,21.48
2018-05-30,643.23,2.96,14.92,37.87,21.16
2018-05-31,641.95,2.9781,14.78,37.99,21.28
2018-06-01,642.66,2.9877,15.01,37.58,21.41
2018-06-04,642.71,2.9986,15.05,38.03,21.52
2018-06-05,642.78,3.0136,15.0,38.1,21.46
2018-06-06,637.48,2.9946,15.02,38.14,21.34
2018-06-07,631.63,3.0049,15.01,38.03,21.45
2018-06-08,633.42,2.9779,14.96,37.85,21.23
2018-06-11,633.81,3.0039,15.12,37.97,21.39
2018-06-12,636.29,3.0115,15.1,38.02,21.42
2018-06-13,636.48,3.0157,15.12,38.13,21.44
2018-06-14,643.64,2.9937,15.33,38.06,21.33
2018-06-15,644.3,3.0238,15.23,38.69,21.47
2018-06-18,644.78,2.9724,15.09,38.55,21.21
2018-06-19,648.15,2.9463,14.93,38.32,21.12
2018-06-20,648.62,2.9688,14.94,38.26,21.3
2018-06-21,644.98,2.9482,14.79,38.29,21.15
2018-06-22,645.75,2.9534,14.95,37.97,21.2
2018-06-25,639.31,2.9294,14.64,38.16,21.01
2018-06-26,642.74,2.9055,14.64,37.33,20.82
2018-06-27,642.8,2.8989,14.76,37.43,20.76
2018-06-28,644.78,2.903,14.62,37.51,20.85
2018-06-29,641.62,2.9168,14.75,37.59,20.92
2018-07-02,644.05,2.8964,14.65,37.36,20.72
2018-07-03,643.63,2.9142,14.8,37.52,20.88
2018-07-04,643.96,2.9122,14.82,37.37,20.92
2018-07-10,643.28,2.9483,15.09,38.23,21.18
2018-07-11,642.96,2.9156,14.87,38.27,20.89
2018-07-12,646.71,2.9332,14.97,38.0,20.94
2018-07-13,647.95,2.9436,15.01,38.49,20.99
2018-07-16,645.13,2.9423,14.99,38.62,20.92
2018-07-17,647.6,2.9303,15.03,38.46,20.82
2018-07-18,648.04,2.9598,15.14,38.59,20.91
2018-07-19,648.68,2.9581,15.09,38.72,20.9
2018-07-20,646.15,2.9449,15.04,38.58,20.68
2018-07-23,644.75,2.9431,15.01,38.34,20.66
2018-07-24,643.01,2.97,15.14,38.3,20.91
2018-07-25,648.9,2.9691,15.08,38.48,20.91
2018-07-26,644.88,2.9745,15.25,38.78,21.02
2018-07-27,642.11,2.9986,15.33,38.72,21.24
2018-07-30,636.25,2.9939,15.27,38.79,21.15
2018-07-31,635.37,2.9983,15.33,38.39,21.3
2018-08-01,635.23,2.9866,15.25,38.64,21.16
2018-08-02,638.65,2.96,15.09,38.67,20.92
2018-08-03,637.46,2.9739,15.15,38.87,21.01
2018-08-06,639.63,2.9814,15.16,39.14,21.02
2018-08-07,637.3,2.9907,15.25,39.17,21.11
2018-08-08,635.99,2.986,15.2,39.25,21.14
2018-08-09,639.35,2.9681,15.2,39.27,21.06
2018-08-10,643.1,2.9548,14.91,39.32,20.92
2018-08-13,641.19,2.9234,14.83,39.28,20.64
2018-08-14,643.28,2.9381,14.83,39.27,20.67
2018-08-16,636.19,2.912,14.69,39.29,20.45
2018-08-17,635.5,2.9049,14.67,39.26,20.4
2018-08-20,634.39,2.9277,14.76,39.23,20.56
2018-08-21,630.84,2.9394,14.84,39.3,20.66
2018-08-22,629.69,2.9399,14.88,39.13,20.74
2018-08-23,629.78,2.9424,14.87,38.96,20.72
2018-08-24,628.79,2.9413,14.91,38.91,20.79
2018-08-27,629.76,2.9444,15.03,39.01,20.78
2018-08-28,627.44,2.9624,15.0,39.23,20.81
2018-08-29,628.89,2.9572,15.03,39.23,20.8
2018-08-30,626.57,2.9563,14.92,39.52,20.79
2018-08-31,626.7,2.9353,14.76,39.51,20.65
2018-09-03,626.32,2.9322,14.77,39.5,20.63
2018-09-05,618.66,2.9011,14.42,39.56,20.5
2018-09-06,617.21,2.8874,14.34,38.92,20.41
2018-09-07,618.5,2.8648,14.33,38.7,20.18
2018-09-10,617.0,2.8867,14.4,38.83,20.4
2018-09-11,618.99,2.8749,14.41,38.84,20.26
2018-09-12,618.35,2.891,14.47,38.99,20.38
2018-09-13,618.77,2.8948,14.5,39.02,20.46
2018-09-14,620.36,2.8968,14.55,39.06,20.45
2018-09-17,618.12,2.8999,14.55,39.14,20.53
2018-09-18,620.06,2.9092,14.61,38.88,20.63
2018-09-19,621.64,2.9161,14.65,39.21,20.72
2018-09-20,620.71,2.9466,14.8,39.5,20.92
2018-09-21,620.3,2.9678,14.92,39.55,21.02
2018-09-24,618.96,2.9618,14.84,39.65,21.0
2018-09-25,620.03,2.9696,14.89,39.47,21.07
2018-09-26,621.42,2.9638,14.95,39.56,21.0
2018-09-27,623.76,2.9611,15.02,39.63,20.97
2018-09-28,623.71,2.9481,14.8,40.12,20.81
2018-10-01,623.63,2.928,14.86,40.2,20.8
2018-10-02,621.97,2.9027,14.76,40.23,20.58
2018-10-03,624.04,2.9262,14.85,40.15,20.71
2018-10-04,620.11,2.9081,14.69,40.27,20.71
2018-10-05,618.33,2.8831,14.57,39.89,20.57
2018-10-08,615.35,2.8424,14.41,39.59,20.26
2018-10-10,605.47,2.8363,14.23,39.55,20.42
2018-10-11,600.83,2.7436,13.98,38.17,19.83
2018-10-12,604.02,2.7562,13.91,37.52,19.88
2018-10-15,602.21,2.7304,13.98,38.15,19.71
2018-10-16,605.94,2.7617,14.19,37.85,19.77
2018-10-17,607.48,2.7781,14.13,38.62,19.92
2018-10-18,602.4,2.7653,13.99,38.61,19.83
2018-10-19,600.69,2.7174,13.99,38.22,19.51
2018-10-22,601.22,2.7392,13.9,38.13,19.63
2018-10-23,597.31,2.6786,13.68,38.03,19.14
2018-10-24,592.43,2.6793,13.64,37.74,19.11
2018-10-25,595.23,2.6641,13.79,36.91,19.07
2018-10-26,591.38,2.6185,13.66,37.56,18.77
2018-10-29,588.28,2.6793,13.74,37.05,19.2
2018-10-30,588.09,2.667,13.71,37.06,19.14
2018-10-31,591.97,2.7011,13.93,37.42,19.39
2018-11-02,595.15,2.7455,14.02,38.17,19.86
2018-11-05,593.74,2.7228,14.03,38.07,19.7
2018-11-06,592.48,2.7036,13.99,38.04,19.55
2018-11-07,592.34,2.7305,14.16,38.22,19.84
2018-11-08,590.03,2.736,14.12,38.97,19.93
2018-11-09,588.34,2.7115,14.09,39.0,19.66
2018-11-12,587.8,2.7105,13.93,38.79,19.69
2018-11-13,587.44,2.7011,14.07,38.48,19.6
2018-11-14,588.28,2.6918,13.98,38.31,19.51
2018-11-15,587.52,2.6808,13.92,37.94,19.3
2018-11-16,585.75,2.6731,13.88,38.29,19.26
2018-11-19,581.55,2.6705,13.79,38.28,19.22
2018-11-20,579.6,2.6225,13.59,37.52,18.99
2018-11-21,581.21,2.6137,13.76,37.0,18.93
2018-11-22,582.06,2.6295,13.64,37.37,18.98
2018-11-27,582.52,2.656,13.81,37.79,19.23
2018-11-28,584.54,2.6507,13.82,37.96,19.24
2018-11-29,583.7,2.6609,13.85,38.68,19.18
2018-12-04,583.99,2.6779,13.92,39.27,19.18
2018-12-05,584.42,2.6454,13.75,38.29,18.98
2018-12-07,583.96,2.5732,13.35,37.53,18.38
2018-12-10,583.05,2.5456,13.17,36.94,18.15
2018-12-11,582.61,2.5574,13.34,36.88,18.22
2018-12-12,583.26,2.5779,13.57,37.18,18.38
2018-12-13,582.97,2.5849,13.58,37.51,18.39
2018-12-14,580.69,2.5636,13.5,37.47,18.23
2018-12-17,577.0,2.5529,13.37,37.05,18.15
2018-12-18,577.33,2.5337,13.29,36.42,18.03
2018-12-19,573.81,2.5309,13.34,36.2,18.02
2018-12-20,573.64,2.4991,13.11,35.84,17.77
2018-12-21,571.9,2.4739,13.11,35.37,17.56
2018-12-27,575.05,2.4495,12.84,34.85,17.38
2018-12-28,575.58,2.4712,13.05,35.34,17.61
2019-01-02,574.79,2.4705,13.08,35.41,17.53
2019-01-03,575.48,2.4625,12.91,35.9,17.63
2019-01-04,576.24,2.4918,13.32,35.1,17.87
2019-01-07,575.77,2.5211,13.26,36.13,18.09
2019-01-08,575.39,2.5604,13.35,36.12,18.36
2019-01-09,576.04,2.5838,13.45,36.48,18.49
2019-01-10,576.99,2.5594,13.45,36.49,18.33
2019-01-11,576.65,2.5751,13.42,36.62,18.43
2019-01-14,575.74,2.5553,13.35,36.72,18.29
2019-01-15,577.57,2.5715,13.42,36.59,18.38
2019-01-16,578.11,2.5861,13.46,37.08,18.54
2019-01-17,579.07,2.5972,13.42,37.19,18.61
2019-01-18,581.05,2.6315,13.71,37.41,18.9
2019-01-21,581.18,2.6389,13.67,37.93,18.94
2019-01-23,578.6,2.6254,13.61,37.49,18.91
2019-01-24,579.63,2.6295,13.67,37.34,18.88
2019-01-25,580.4,2.6445,13.84,37.52,19.01
2019-01-28,579.68,2.6339,13.72,37.78,18.93
2019-01-29,579.54,2.6315,13.78,37.27,18.92
2019-01-30,581.84,2.6313,13.84,37.39,18.95
2019-01-31,586.94,2.6367,13.84,37.92,19.03
2019-02-01,586.75,2.6329,13.89,38.26,18.82
2019-02-04,586.83,2.6357,13.87,38.33,18.92
2019-02-05,588.26,2.6696,14.09,38.68,19.16
2019-02-06,587.08,2.6859,14.08,39.04,19.27
2019-02-07,585.4,2.6705,13.81,39.05,19.14
2019-02-08,586.55,2.6359,13.74,38.62,18.89
2019-02-11,585.94,2.6422,13.87,38.74,18.96
2019-02-12,587.82,2.672,13.98,39.02,19.16
2019-02-13,588.09,2.68,14.03,39.39,19.19
2019-02-14,588.01,2.698,13.94,39.61,19.26
2019-02-15,588.9,2.7017,14.2,39.59,19.27
2019-02-18,588.69,2.7246,14.22,40.08,19.48
2019-02-20,588.23,2.7279,14.28,39.91,19.53
2019-02-21,587.53,2.7361,14.33,39.98,19.49
2019-02-22,589.6,2.7447,14.33,39.79,19.59
2019-02-25,590.65,2.7534,14.37,40.05,19.62
2019-02-26,590.22,2.7463,14.44,40.04,19.59
2019-02-27,590.25,2.749,14.38,40.13,19.69
2019-02-28,590.02,2.7638,14.45,40.04,19.7
2019-03-01,592.07,2.7853,14.51,39.96,19.84
2019-03-04,592.18,2.789,14.53,40.14,19.81
2019-03-05,593.33,2.7782,14.58,40.15,19.74
2019-03-06,591.17,2.7842,14.57,40.14,19.77
2019-03-07,590.29,2.7737,14.5,39.87,19.67
2019-03-08,590.08,2.7448,14.39,39.79,19.36
2019-03-11,593.7,2.7445,14.48,39.61,19.38
2019-03-12,594.87,2.7545,14.48,40.16,19.41
2019-03-13,596.96,2.7665,14.56,40.14,19.55
2019-03-14,596.45,2.7952,14.65,40.46,19.78
2019-03-15,597.9,2.8124,14.84,40.58,19.91
2019-03-18,597.76,2.823,14.85,40.8,20.01
2019-03-19,598.01,2.8419,14.95,40.94,20.2
2019-03-20,597.63,2.8288,14.79,40.94,20.02
2019-03-21,600.24,2.8053,14.77,40.83,19.76
2019-03-22,597.36,2.794,14.5,40.84,19.61
2019-03-25,596.51,2.758,14.47,40.33,19.36
2019-03-26,598.74,2.7769,14.56,40.09,19.41
2019-03-27,598.01,2.7856,14.57,40.51,19.41
2019-03-28,598.72,2.7896,14.56,40.47,19.38
2019-03-29,600.81,2.8052,14.71,40.66,19.54
2019-04-01,603.15,2.8435,14.86,40.94,19.71
2019-04-02,603.92,2.8487,14.91,41.43,19.83
2019-04-03,604.29,2.8782,15.08,41.58,20.1
2019-04-04,605.31,2.8801,15.11,41.75,20.14
2019-04-05,605.74,2.8864,15.14,41.79,20.15
2019-04-08,604.24,2.882,15.1,41.98,20.17
2019-04-09,603.69,2.8638,15.01,41.94,20.19
2019-04-10,604.17,2.8644,15.04,41.68,20.08
2019-04-11,603.51,2.8728,15.09,41.86,20.09
2019-04-12,602.29,2.8855,15.14,41.7,20.23
2019-04-15,602.14,2.8882,15.16,41.73,20.28
2019-04-16,601.13,2.8994,15.22,41.73,20.29
2019-04-17,599.71,2.905,15.29,41.85,20.38
2019-04-18,601.09,2.916,15.38,41.7,20.38
2019-04-24,604.63,2.9324,15.4,42.49,20.37
2019-04-25,604.84,2.9297,15.37,42.3,20.27
2019-04-26,606.6,2.9441,15.41,42.53,20.23
2019-04-29,607.81,2.9466,15.44,42.65,20.21
2019-04-30,607.39,2.9405,15.51,42.64,20.22
2019-05-02,604.39,2.9293,15.42,42.39,20.23
2019-05-03,606.92,2.9394,15.48,42.04,20.18
2019-05-06,605.28,2.9077,15.32,42.37,19.89
2019-05-07,601.78,2.8656,15.06,42.17,19.8
2019-05-10,599.96,2.8591,14.93,41.22,19.43
2019-05-13,595.43,2.8068,14.75,41.35,19.19
2019-05-14,597.72,2.8318,14.95,40.5,19.13
2019-05-15,600.4,2.8573,15.05,41.02,19.05
2019-05-16,603.74,2.891,15.3,41.34,19.25
2019-05-17,602.78,2.8769,15.24,41.9,19.3
2019-05-20,600.62,2.8503,15.02,40.73,19.14
2019-05-21,602.65,2.865,15.11,40.27,19.3
2019-05-22,603.1,2.8656,15.11,40.54,19.19
2019-05-23,600.18,2.8272,14.86,40.51,18.76
2019-05-24,599.56,2.8466,14.97,39.89,18.87
2019-05-27,600.13,2.853,15.04,39.77,18.83
2019-05-29,599.26,2.8088,14.77,39.85,18.52
2019-05-31,599.83,2.7962,14.69,39.69,18.41
2019-06-03,599.26,2.812,14.78,39.23,18.36
2019-06-04,601.79,2.8354,14.93,38.85,18.65
2019-06-05,603.25,2.8433,14.96,39.48,18.82
2019-06-06,602.56,2.8327,14.96,39.56,18.8
2019-06-07,604.67,2.8581,15.13,39.74,18.83
2019-06-11,606.28,2.8786,15.24,40.33,19.11
2019-06-12,605.75,2.8736,15.18,40.39,18.89
2019-06-13,607.47,2.8776,15.2,40.29,18.95
2019-06-14,607.22,2.8625,15.15,40.38,18.78
2019-06-17,607.65,2.8585,15.17,40.32,18.81
2019-06-18,611.98,2.9095,15.48,40.31,18.93
2019-06-19,613.52,2.9136,15.49,40.88,19.15
2019-06-20,616.21,2.9306,15.55,40.91,19.23
2019-06-21,615.11,2.9161,15.55,41.12,19.2
2019-06-24,614.25,2.918,15.49,40.99,19.07
2019-06-25,612.64,2.9068,15.44,40.75,19.1
2019-06-26,612.02,2.8994,15.44,40.36,19.16
2019-06-27,613.7,2.8917,15.43,40.43,19.16
2019-06-28,616.29,2.9177,15.58,40.35,19.18
2019-07-01,620.38,2.9433,15.68,40.54,19.5
2019-07-02,622.77,2.952,15.73,41.11,19.41
2019-07-03,627.23,2.9784,15.88,41.34,19.47
2019-07-04,627.37,2.9781,15.9,41.59,19.63
2019-07-08,622.98,2.9454,15.81,41.54,19.56
2019-07-09,622.81,2.9319,15.75,41.38,19.37
2019-07-10,622.56,2.9274,15.71,41.42,19.41
2019-07-11,624.76,2.9226,15.69,41.49,19.37
2019-07-12,623.92,2.9235,15.69,41.68,19.44
2019-07-15,624.32,2.9319,15.71,41.86,19.39
2019-07-16,624.76,2.9463,15.8,41.81,19.39
2019-07-17,624.03,2.9372,15.71,41.77,19.36
2019-07-18,624.18,2.9313,15.63,41.51,19.23
2019-07-19,622.91,2.9358,15.62,41.75,19.08
2019-07-22,622.81,2.9475,15.66,41.68,19.18
2019-07-23,625.77,2.9813,15.86,41.89,19.38
2019-07-24,627.48,2.9888,15.86,42.31,19.41
2019-07-25,624.01,2.9508,15.76,42.37,19.5
2019-07-26,626.88,2.9712,15.82,41.94,19.4
2019-07-29,626.24,2.9631,15.82,42.35,19.42
2019-07-30,623.17,2.9237,15.54,41.96,19.1
2019-07-31,622.09,2.9197,15.56,41.69,19.01
2019-08-01,623.3,2.9141,15.66,41.38,18.99
2019-08-02,618.25,2.8639,15.15,41.42,18.57
2019-08-05,608.56,2.7911,14.87,40.79,18.1
2019-08-06,610.8,2.7988,14.78,39.48,18.14
2019-08-07,612.9,2.8041,14.86,39.81,18.07
2019-08-08,616.85,2.8534,15.19,39.81,18.14
2019-08-09,612.59,2.8234,15.0,40.57,18.08
2019-08-12,609.78,2.8107,14.94,40.33,17.93
2019-08-13,612.04,2.8356,15.08,39.94,17.81
2019-08-14,606.95,2.772,14.77,40.44,17.78
2019-08-16,612.12,2.802,14.95,39.66,17.78
2019-08-19,613.85,2.8325,15.13,40.17,18.05
2019-08-20,612.34,2.8119,15.05,40.71,18.02
2019-08-21,613.73,2.8508,15.25,40.48,18.11
2019-08-22,612.18,2.8318,15.15,40.82,18.15
2019-08-23,608.72,2.7937,14.97,40.69,18.2
2019-08-26,610.48,2.8076,15.04,39.81,17.97
2019-08-27,612.35,2.8173,15.14,40.1,18.02
2019-08-28,614.11,2.8132,15.11,40.11,17.97
2019-08-29,616.39,2.8494,15.32,40.21,18.23
2019-08-30,617.88,2.8761,15.39,40.74,18.37
2019-09-02,619.72,2.8782,15.42,41.02,18.38
2019-09-04,620.97,2.8932,15.53,40.96,18.41
2019-09-05,621.84,2.9177,15.65,41.31,18.71
2019-09-06,621.55,2.9569,15.7,41.62,18.77
2019-09-09,619.65,2.952,15.7,41.71,18.87
2019-09-10,618.9,2.9576,15.72,41.4,19.03
2019-09-11,620.73,2.975,15.8,41.54,19.38
2019-09-12,622.4,2.9871,15.9,41.92,19.27
2019-09-13,622.51,2.9911,15.95,41.99,19.51
2019-09-16,622.33,2.9754,15.8,41.81,19.54
2019-09-17,621.75,2.975,15.82,41.97,19.35
2019-09-18,620.85,2.9772,15.85,41.94,19.38
2019-09-19,621.65,2.9833,15.96,41.96,19.46
2019-09-20,622.66,2.9885,16.04,42.11,19.58
2019-09-23,621.81,2.9736,15.89,42.01,19.33
2019-09-24,619.46,2.9636,15.9,42.09,19.34
2019-09-25,620.06,2.9547,15.78,41.85,19.02
2019-09-26,620.11,2.9661,15.87,42.03,19.27
2019-09-27,617.12,2.969,15.94,42.16,19.42
2019-09-30,618.91,2.991,16.05,42.01,19.45
2019-10-01,616.4,2.8952,15.82,42.28,19.51
2019-10-02,611.73,2.8195,15.35,41.65,18.91
2019-10-03,613.57,2.8237,15.36,40.83,18.6
2019-10-04,615.77,2.8497,15.5,41.04,18.58
2019-10-07,613.86,2.8568,15.61,41.62,18.84
2019-10-08,610.89,2.8173,15.43,41.54,18.59
2019-10-09,613.19,2.833,15.57,41.1,18.71
2019-10-10,612.68,2.8531,15.71,41.28,18.73
2019-10-11,614.97,2.9029,16.05,41.3,19.36
2019-10-14,614.43,2.8963,15.99,41.69,19.34
2019-10-15,617.65,2.9216,16.18,41.65,19.56
2019-10-16,617.45,2.9205,16.18,42.05,19.73
2019-10-17,617.57,2.9255,16.14,41.93,19.89
2019-10-18,616.34,2.9167,16.1,41.97,19.83
2019-10-21,616.55,2.9325,16.19,41.88,19.92
2019-10-22,615.7,2.9323,16.21,41.94,19.93
2019-10-23,617.27,2.9323,16.22,41.87,19.89
2019-10-24,619.3,2.9564,16.28,41.96,19.95
2019-10-25,620.14,2.9539,16.3,42.45,19.78
2019-10-28,623.14,2.9638,16.3,42.83,19.92
2019-10-29,620.18,2.9607,16.29,43.28,19.82
2019-10-30,621.45,2.9626,16.28,43.01,19.79
2019-10-31,621.66,2.9487,16.22,43.25,19.69
2019-11-04,624.08,3.0014,16.5,43.33,20.1
2019-11-05,623.58,3.006,16.55,43.65,20.23
2019-11-06,623.98,3.018,16.61,43.76,20.31
2019-11-07,624.48,3.033,16.69,43.79,20.43
2019-11-08,624.14,3.0322,16.65,43.97,20.45
2019-11-12,623.91,3.0365,16.71,44.15,20.51
2019-11-13,623.01,3.031,16.65,44.32,20.3
2019-11-14,623.6,3.0291,16.61,44.34,20.4
2019-11-15,625.55,3.0461,16.71,44.22,20.29
2019-11-18,624.99,3.043,16.68,44.49,20.45
2019-11-19,626.55,3.0389,16.64,44.46,20.51
2019-11-20,626.82,3.0271,16.59,44.52,20.19
2019-11-21,626.31,3.0294,16.58,44.32,20.25
2019-11-22,625.89,3.0409,16.62,44.11,20.34
2019-11-25,629.15,3.0611,16.71,44.24,20.52
2019-11-26,629.85,3.0713,16.7,44.76,20.51
2019-11-27,630.12,3.0735,16.73,44.78,20.5
2019-11-28,629.61,3.0674,16.69,45.01,20.45
2019-12-03,624.5,3.0066,16.28,44.18,19.99
2019-12-04,624.76,3.0324,16.5,43.92,20.05
2019-12-05,624.66,3.0315,16.44,44.11,20.25
2019-12-06,626.96,3.0602,16.65,44.15,20.2
2019-12-09,625.29,3.0508,16.55,44.67,20.34
2019-12-10,625.57,3.0438,16.55,44.47,20.13
2019-12-11,627.14,3.0529,16.62,44.31,20.28
2019-12-12,628.61,3.0695,16.71,44.54,20.34
2019-12-13,631.42,3.0936,16.82,44.82,21.0
2019-12-16,633.31,3.1204,17.01,44.88,21.05
2019-12-17,634.13,3.1055,16.89,45.18,20.92
2019-12-18,635.04,3.1038,16.86,45.17,20.9
2019-12-19,636.56,3.116,16.86,45.32,20.92
2019-12-20,638.47,3.1372,17.03,45.51,20.99
2019-12-23,638.78,3.1398,17.03,45.94,20.99
2019-12-30,637.22,3.1139,16.86,46.11,20.96
2019-12-31,637.19,3.1157,16.89,45.73,20.86
2020-01-03,640.61,3.1346,17.01,46.33,20.85
2020-01-06,640.85,3.1263,16.93,46.21,20.8
2020-01-07,642.24,3.1308,16.96,46.21,20.99
2020-01-08,644.0,3.1407,17.02,46.27,20.95
2020-01-09,647.57,3.1552,17.13,46.48,21.0
2020-01-10,647.73,3.1538,17.1,46.8,21.0
2020-01-13,648.46,3.1558,17.06,46.74,20.83
2020-01-14,648.41,3.1538,17.04,46.88,20.81
2020-01-15,648.73,3.1377,17.01,47.0,20.74
2020-01-16,650.23,3.1456,17.04,46.99,20.68
2020-01-17,652.92,3.1685,17.19,47.42,20.92
2020-01-20,652.98,3.1638,17.16,47.59,20.91
2020-01-22,653.8,3.1448,17.02,47.43,20.79
2020-01-23,654.11,3.1352,16.88,47.66,20.71
2020-01-24,653.63,3.1476,17.07,47.67,20.82
2020-01-27,650.33,3.0847,16.61,47.37,20.31
2020-01-28,651.93,3.1128,16.8,46.71,20.31
2020-01-29,652.61,3.1219,16.87,47.06,20.49
2020-01-30,648.49,3.1094,16.67,47.09,20.29
2020-01-31,645.66,3.0644,16.44,47.01,20.15
2020-02-03,646.96,3.08,16.53,46.4,19.98
2020-02-04,650.95,3.1305,16.86,46.92,20.28
2020-02-05,652.53,3.1795,17.05,47.82,20.64
2020-02-06,655.36,3.202,17.2,48.25,20.88
2020-02-07,654.23,3.1854,17.17,48.63,20.77
2020-02-10,656.81,3.1961,17.15,48.74,20.77
2020-02-11,659.06,3.218,17.3,49.18,20.92
2020-02-12,662.68,3.2373,17.42,49.35,21.14
2020-02-13,663.97,3.2341,17.39,49.83,21.02
2020-02-14,665.98,3.2384,17.36,49.76,21.22
2020-02-17,667.16,3.2493,17.42,49.82,21.17
2020-02-19,669.43,3.2607,17.47,49.87,21.24
2020-02-20,667.26,3.2455,17.28,50.22,21.2
2020-02-21,663.34,3.2173,17.18,49.79,21.05
2020-02-24,652.87,3.0855,16.49,49.12,20.25
2020-02-25,645.85,3.0132,16.15,47.51,20.04
2020-02-26,643.64,3.0189,16.17,46.43,19.62
2020-02-27,630.74,2.9214,15.62,46.35,19.27
2020-02-28,623.73,2.8801,15.05,44.41,18.43
2020-03-02,627.48,2.9116,15.09,43.96,17.88
2020-03-03,627.46,2.8836,15.24,44.7,18.64
2020-03-04,635.28,2.9757,15.49,44.06,18.63
2020-03-05,632.82,2.8708,15.21,45.76,18.26
2020-03-06,626.86,2.8072,14.61,44.58,17.51
2020-03-09,620.19,2.552,13.38,43.12,16.08
2020-03-10,616.78,2.6237,13.16,40.04,16.39
2020-03-11,614.11,2.5229,13.13,41.28,15.82
2020-03-12,609.84,2.2483,11.53,40.29,14.67
2020-03-13,596.51,2.4031,11.69,37.25,14.73
2020-03-16,589.56,2.1486,11.08,39.67,12.76
2020-03-17,582.23,2.2379,11.44,35.76,13.04
2020-03-18,575.46,2.1458,10.79,37.23,13.09
2020-03-19,582.46,2.208,11.1,36.04,12.85
2020-03-20,585.72,2.2152,11.52,36.97,13.65
2020-03-23,579.58,2.1949,11.24,36.14,12.91
2020-03-24,587.66,2.3398,12.28,34.9,13.62
2020-03-25,595.07,2.4192,12.66,37.55,14.33
2020-03-26,602.35,2.4582,12.88,38.09,14.3
2020-03-27,597.46,2.3687,12.35,39.49,14.35
2020-03-30,597.51,2.4061,12.53,38.21,14.26
2020-03-31,598.39,2.4322,12.62,39.36,14.67
2020-04-01,595.0,2.3539,12.14,39.73,14.39
2020-04-02,596.08,2.3957,12.18,38.53,14.6
2020-04-03,595.96,2.3702,12.07,39.39,14.42
2020-04-06,596.28,2.4735,12.67,39.19,14.77
2020-04-07,596.95,2.4774,12.96,41.29,15.35
2020-04-08,599.57,2.4954,12.93,41.16,14.96
2020-04-09,607.77,2.5318,13.1,42.0,15.17
2020-04-14,613.37,2.5521,13.22,42.09,15.32
2020-04-15,610.87,2.4797,12.72,43.08,14.92
2020-04-16,614.16,2.4936,12.74,42.45,14.79
2020-04-17,616.0,2.5638,13.08,43.0,15.21
2020-04-20,615.61,2.5605,13.18,43.89,14.97
2020-04-21,610.71,2.5006,12.65,43.55,14.79
2020-04-22,615.22,2.5336,12.84,42.37,14.77
2020-04-23,619.61,2.5318,12.92,43.34,14.96
2020-04-24,619.62,2.5289,12.73,43.5,15.04
2020-04-27,621.38,2.5688,13.06,43.92,15.14
2020-04-28,620.02,2.5946,13.29,44.39,15.49
2020-04-29,621.16,2.6291,13.59,44.34,15.62
2020-04-30,617.78,2.5987,13.29,45.26,15.78
2020-05-04,616.82,2.5285,12.81,44.75,14.98
2020-05-05,619.81,2.5607,13.08,44.01,15.23
2020-05-06,619.72,2.5548,12.94,44.81,15.37
2020-05-07,624.4,2.6009,13.13,44.9,15.34
2020-05-11,622.78,2.6144,13.15,45.46,15.36
2020-05-12,621.65,2.5985,13.15,45.84,15.49
2020-05-13,621.92,2.572,12.81,45.21,15.26
2020-05-14,622.88,2.5423,12.59,44.68,14.82
2020-05-15,625.68,2.5494,12.64,44.83,14.92
2020-05-18,628.81,2.6356,13.29,45.08,15.2
2020-05-19,629.44,2.6139,13.25,46.08,15.36
2020-05-20,631.58,2.6596,13.43,45.66,15.36
2020-05-22,630.08,2.6502,13.27,45.84,15.3
2020-05-25,631.73,2.6927,13.57,45.9,15.5
2020-05-27,634.65,2.7248,13.94,45.97,16.05
2020-05-28,636.19,2.7627,14.14,45.19,16.13
2020-05-29,637.03,2.7519,13.93,45.18,16.0
2020-06-02,642.67,2.812,14.43,45.22,16.47
2020-06-03,645.97,2.8699,14.94,45.57,16.71
2020-06-04,643.21,2.8641,14.9,45.9,16.81
2020-06-05,651.8,2.9051,15.46,45.44,17.05
2020-06-08,654.24,2.9059,15.38,46.49,17.43
2020-06-09,650.78,2.8799,15.17,46.58,17.11
2020-06-10,651.11,2.8647,15.05,46.36,17.03
2020-06-11,636.74,2.7388,14.37,46.37,16.57
2020-06-12,638.87,2.7799,14.41,44.0,16.41
2020-06-15,639.69,2.7727,14.33,44.78,16.1
2020-06-16,647.09,2.8302,14.82,44.95,16.73
2020-06-17,649.33,2.8523,14.94,46.12,16.94
2020-06-18,648.95,2.8503,14.86,46.33,16.8
2020-06-19,650.9,2.8489,14.99,46.47,16.87
2020-06-22,651.46,2.8559,14.85,46.54,16.74
2020-06-24,646.28,2.8152,14.64,46.7,16.69
2020-06-25,648.61,2.8413,14.75,45.7,16.48
2020-06-26,644.56,2.8219,14.68,46.54,16.71
2020-06-29,646.15,2.8377,14.82,45.74,16.43
2020-06-30,649.84,2.8384,14.83,46.01,16.52
2020-07-01,652.97,2.8545,14.8,46.58,16.42
2020-07-02,655.92,2.9105,15.22,46.79,16.77
2020-07-03,655.51,2.9059,15.11,47.29,16.76
2020-07-07,658.51,2.9111,15.25,47.75,16.8
2020-07-08,660.57,2.9237,15.1,47.4,16.75
2020-07-09,661.38,2.903,14.99,47.61,16.68
2020-07-10,660.68,2.9285,15.15,47.54,16.54
2020-07-13,657.21,2.9151,15.39,47.83,16.77
2020-07-15,661.96,2.9703,15.53,47.66,16.99
2020-07-16,658.17,2.9676,15.47,48.1,16.93
2020-07-17,660.77,2.968,15.48,47.75,16.99
2020-07-20,664.68,2.9984,15.59,47.86,16.99
2020-07-21,668.17,2.9877,15.67,48.37,17.37
2020-07-22,666.81,2.9862,15.51,48.29,16.99
2020-07-23,665.7,2.9559,15.51,47.88,17.07
2020-07-24,663.11,2.9219,15.23,47.45,16.76
2020-07-27,664.93,2.9265,15.19,47.05,16.61
2020-07-28,664.09,2.9148,15.2,46.85,16.57
2020-07-29,666.45,2.9301,15.18,46.91,16.62
2020-07-30,662.31,2.8627,14.76,47.19,16.28
2020-07-31,663.2,2.844,14.6,46.57,16.32
2020-08-03,665.12,2.8968,14.93,46.58,16.28
2020-08-04,667.28,2.8904,14.97,47.47,16.55
2020-08-05,668.94,2.9008,15.03,47.52,16.76
2020-08-06,669.69,2.8931,14.91,47.54,16.52
2020-08-07,668.44,2.8925,14.97,47.77,16.51
2020-08-10,667.39,2.8976,15.0,47.81,16.68
2020-08-11,664.91,2.9271,15.33,47.74,17.11
2020-08-12,666.02,2.9767,15.47,47.56,17.08
2020-08-13,666.77,2.9553,15.38,48.35,17.05
2020-08-14,665.34,2.9217,15.21,48.19,16.75
2020-08-17,669.64,2.9272,15.21,47.98,16.83
2020-08-18,670.69,2.9099,15.14,48.15,16.94
2020-08-19,669.36,2.9189,15.26,48.16,16.79
2020-08-20,670.87,2.9032,15.06,48.15,16.74
2020-08-21,671.83,2.9044,15.0,48.39,16.7
2020-08-24,674.06,2.9557,15.33,48.59,16.96
2020-08-25,675.12,2.9462,15.31,49.07,17.11
2020-08-26,681.64,2.9769,15.44,49.11,16.98
2020-08-27,680.78,2.9487,15.32,49.61,16.98
2020-08-28,682.45,2.9529,15.26,49.53,16.92
2020-08-31,678.76,2.9218,15.06,49.36,16.95
2020-09-01,682.25,2.9295,15.09,49.17,16.8
2020-09-02,688.62,2.9854,15.37,49.28,16.96
2020-09-03,681.68,2.9372,15.21,50.39,17.1
2020-09-04,677.67,2.9239,15.01,48.53,16.94
2020-09-07,677.34,2.9595,15.26,48.26,16.82
2020-09-09,676.04,2.9725,15.31,47.33,16.82
2020-09-10,671.97,2.9462,15.25,48.21,16.88
2020-09-11,671.5,2.9598,15.27,47.32,16.8
2020-09-14,675.64,2.9622,15.27,47.43,16.84
2020-09-15,678.87,2.978,15.34,47.77,16.95
2020-09-16,679.06,2.9858,15.37,48.17,16.98
2020-09-17,675.7,2.9798,15.27,48.08,16.93
2020-09-18,672.4,2.9624,15.12,47.96,16.95
2020-09-21,665.57,2.8841,14.55,47.62,16.28
2020-09-22,667.18,2.8855,14.57,47.19,16.3
2020-09-23,663.46,2.8702,14.64,47.76,16.45
2020-09-24,661.46,2.8605,14.55,47.09,16.24
2020-09-25,663.45,2.8572,14.45,47.0,15.87
2020-09-28,666.79,2.9023,14.85,47.49,16.32
2020-09-29,665.82,2.8836,14.81,48.06,16.28
2020-09-30,667.57,2.8813,14.72,47.53,16.17
2020-10-01,670.24,2.9008,14.72,47.72,16.28
2020-10-02,668.18,2.9037,14.71,48.03,16.16
2020-10-05,670.03,2.9316,14.84,47.76,16.42
2020-10-06,668.75,2.9143,14.91,48.31,16.5
2020-10-07,672.38,2.9287,14.91,47.71,16.51
2020-10-08,675.62,2.95,15.01,48.46,16.63
2020-10-09,679.98,2.9623,15.09,48.83,16.7
2020-10-12,683.55,2.986,15.2,49.19,16.81
2020-10-13,683.77,2.9693,15.12,49.86,16.78
2020-10-14,682.33,2.9713,15.09,49.83,16.69
2020-10-15,679.48,2.9166,14.72,49.45,16.33
2020-10-16,680.56,2.9448,14.96,49.23,16.41
2020-10-19,675.99,2.9244,14.95,49.29,16.56
2020-10-20,676.93,2.9252,14.88,48.44,16.48
2020-10-21,677.48,2.8803,14.66,48.29,16.32
2020-10-22,677.06,2.884,14.62,47.91,16.19
2020-10-23,678.4,2.9173,14.75,48.24,16.34
2020-10-26,673.95,2.8488,14.31,48.32,16.13
2020-10-27,675.28,2.8124,14.15,47.51,15.9
2020-10-28,665.71,2.7206,13.66,47.11,15.39
2020-10-29,669.72,2.7328,13.65,46.02,15.11
2020-10-30,667.27,2.7341,13.64,46.67,15.25
2020-11-02,671.7,2.7766,13.93,46.44,15.49
2020-11-03,676.45,2.8294,14.29,46.97,15.85
2020-11-04,687.03,2.8864,14.58,47.65,15.98
2020-11-05,696.14,2.9326,14.83,49.3,16.25
2020-11-06,696.22,2.9219,14.78,49.79,16.28
2020-11-09,698.81,3.0272,15.72,49.49,17.09
2020-11-10,693.82,3.0645,15.88,49.87,17.37
2020-11-12,696.85,3.0594,15.81,50.41,17.54
2020-11-13,700.46,3.0769,15.83,49.89,17.52
2020-11-16,702.3,3.0972,15.99,50.36,17.89
2020-11-17,700.94,3.086,16.02,50.5,17.78
2020-11-18,698.53,3.0951,16.06,50.11,17.89
2020-11-19,699.12,3.0957,15.92,49.87,17.84
2020-11-20,700.89,3.1086,15.99,50.22,17.98
2020-11-23,702.57,3.096,15.97,50.2,18.06
2020-11-24,704.15,3.1178,16.18,50.41,18.26
2020-11-25,703.07,3.1259,16.19,50.77,18.31
2020-11-26,703.84,3.1183,16.19,50.8,18.27
2020-12-01,704.75,3.129,16.26,50.82,18.31
2020-12-02,703.7,3.1342,16.24,50.73,18.26
2020-12-03,705.24,3.1169,16.24,50.7,18.31
2020-12-04,707.48,3.1415,16.32,50.28,18.48
2020-12-07,709.22,3.1282,16.28,50.79,18.5
2020-12-08,710.38,3.1365,16.26,50.83,18.34
2020-12-09,707.95,3.1386,16.28,51.04,18.7
2020-12-10,706.81,3.1312,16.25,50.93,18.58
2020-12-11,707.11,3.1195,16.08,50.81,18.16
2020-12-14,704.76,3.1237,16.16,50.8,18.52
2020-12-15,707.23,3.1391,16.24,50.56,18.37
2020-12-16,710.22,3.1542,16.34,51.1,18.69
2020-12-17,714.16,3.1662,16.43,51.23,18.77
2020-12-18,712.55,3.1666,16.36,51.26,18.68
2020-12-21,708.96,3.1057,15.91,51.16,18.03
2020-12-22,709.32,3.1345,16.13,51.2,18.24
2020-12-23,711.76,3.1585,16.33,51.21,18.4
2020-12-29,713.46,3.2166,16.52,51.91,18.89
2020-12-30,714.74,3.2062,16.47,51.98,18.87
2020-12-31,716.18,3.2018,16.32,51.78,18.76
2021-01-04,717.18,3.2089,16.45,52.26,19.0
2021-01-05,719.16,3.2003,16.35,51.73,18.78
2021-01-06,719.11,3.2217,16.67,51.94,19.15
2021-01-07,721.05,3.2368,16.72,52.39,19.36
2021-01-08,723.93,3.2699,16.82,53.19,19.53
2021-01-11,721.52,3.2507,16.71,53.46,19.44
2021-01-12,720.61,3.2448,16.68,53.93,19.47
2021-01-13,720.44,3.2498,16.7,53.79,19.6
2021-01-14,720.28,3.2647,16.81,53.77,19.63
2021-01-15,717.1,3.2365,16.62,53.62,19.56
2021-01-18,716.86,3.2488,16.64,53.38,19.43
2021-01-20,724.45,3.268,16.74,53.71,19.52
2021-01-21,723.38,3.2587,16.71,54.61,19.63
2021-01-22,720.46,3.2389,16.64,54.58,19.19
2021-01-25,719.72,3.2154,16.41,54.38,19.19
2021-01-26,717.03,3.2177,16.59,54.5,19.17
2021-01-27,707.17,3.1505,16.33,54.34,18.85
2021-01-28,709.89,3.1769,16.43,52.97,18.7
2021-01-29,704.78,3.1208,16.1,53.26,18.8
2021-02-01,713.94,3.1687,16.31,52.38,18.82
2021-02-02,722.82,3.2112,16.58,53.37,18.88
2021-02-03,724.14,3.2215,16.67,54.06,19.09
2021-02-04,726.9,3.2387,16.84,54.31,19.05
2021-02-05,731.57,3.2406,16.89,54.93,19.34
2021-02-08,732.27,3.2527,16.94,54.88,19.43
2021-02-09,732.82,3.2449,16.92,55.09,19.31
2021-02-10,734.17,3.2302,16.86,54.78,19.36
2021-02-11,734.62,3.2473,16.97,54.61,19.34
2021-02-12,735.5,3.255,17.08,54.83,19.3
2021-02-15,736.53,3.2873,17.26,55.23,19.75
2021-02-17,736.63,3.2683,17.1,55.52,19.8
2021-02-18,731.69,3.2476,17.01,55.74,19.67
2021-02-19,731.05,3.2533,17.16,55.33,19.57
2021-02-22,724.86,3.2321,17.1,55.15,19.64
2021-02-23,726.14,3.2361,17.05,54.73,19.59
2021-02-24,725.62,3.2409,17.13,54.62,19.8
2021-02-25,717.26,3.2104,17.03,55.09,19.98
2021-02-26,715.88,3.1828,16.81,53.67,19.66
2021-03-01,725.05,3.2412,17.13,53.86,19.79
2021-03-02,723.36,3.2422,17.14,55.18,19.93
2021-03-03,721.03,3.2287,17.16,55.04,20.04
2021-03-04,716.8,3.2133,17.13,54.24,19.86
2021-03-05,720.64,3.2319,16.97,53.8,19.98
2021-03-08,718.34,3.2568,17.4,54.86,20.08
2021-03-09,718.17,3.2845,17.51,54.96,20.46
2021-03-10,720.19,3.3106,17.66,55.39,20.46
2021-03-11,725.71,3.3277,17.78,55.65,20.6
2021-03-12,725.81,3.3238,17.73,56.03,20.69
2021-03-15,725.93,3.3291,17.71,56.07,20.89
2021-03-16,727.32,3.3436,17.81,56.15,20.84
2021-03-17,726.95,3.3396,17.8,56.28,20.78
2021-03-18,726.06,3.3345,17.89,56.21,20.88
2021-03-19,724.2,3.3323,17.75,55.77,20.82
2021-03-22,721.96,3.3387,17.73,55.54,20.72
2021-03-23,719.21,3.3243,17.7,55.54,20.58
2021-03-24,717.57,3.3154,17.72,55.35,20.54
2021-03-25,718.73,3.3228,17.74,55.24,20.5
2021-03-26,722.78,3.3558,17.89,55.67,20.86
2021-03-29,722.31,3.3567,17.97,56.6,21.03
2021-03-30,724.77,3.3798,18.17,56.63,21.12
2021-03-31,724.62,3.3693,18.14,56.56,21.23
2021-04-01,727.93,3.3827,18.27,56.51,21.16
2021-04-06,729.48,3.3941,18.39,57.23,21.35
2021-04-07,728.19,3.3919,18.32,57.45,21.25
2021-04-08,729.99,3.4121,18.42,57.11,21.23
2021-04-09,730.6,3.4269,18.43,57.34,21.24
2021-04-12,728.77,3.4058,18.35,57.93,21.23
2021-04-13,729.73,3.4178,18.37,57.77,21.17
2021-04-14,730.14,3.4122,18.42,57.74,21.14
2021-04-15,732.25,3.4357,18.5,57.43,21.27
2021-04-16,734.01,3.469,18.68,58.18,21.34
2021-04-19,733.23,3.4525,18.62,58.25,21.44
2021-04-20,728.25,3.4003,18.27,57.92,21.17
2021-04-21,730.75,3.4295,18.44,57.08,21.15
2021-04-22,732.26,3.4417,18.61,57.56,21.17
2021-04-23,734.76,3.4604,18.61,57.19,21.15
2021-04-26,735.66,3.4643,18.64,57.74,21.24
2021-04-27,736.89,3.464,18.61,57.7,21.25
2021-04-28,738.61,3.4652,18.63,57.62,21.35
2021-04-29,739.49,3.4599,18.56,57.61,21.34
2021-04-30,738.67,3.4429,18.47,57.29,21.13
2021-05-03,736.33,3.4651,18.59,57.01,21.2
2021-05-04,732.17,3.4137,18.25,57.15,21.38
2021-05-05,732.54,3.4639,18.63,57.17,21.35
2021-05-06,730.52,3.4696,18.64,57.55,21.4
2021-05-07,729.95,3.4927,18.83,57.65,21.65
2021-05-10,727.76,3.4829,18.79,57.74,21.77
2021-05-11,725.44,3.4229,18.43,57.39,21.38
2021-05-12,722.85,3.4179,18.44,56.65,21.45
2021-05-14,726.84,3.4872,18.78,56.71,21.6
2021-05-17,727.85,3.4842,18.74,57.19,21.65
2021-05-18,727.11,3.4804,18.73,57.2,22.02
2021-05-19,725.44,3.4451,18.41,56.52,21.65
2021-05-20,726.17,3.4744,18.71,56.07,21.55
2021-05-21,726.85,3.4948,18.83,56.62,21.77
2021-05-25,728.36,3.5204,18.9,57.06,21.89
2021-05-26,729.34,3.5257,18.88,56.88,21.77
2021-05-27,731.88,3.5365,18.92,56.99,21.81
2021-05-28,732.57,3.5574,19.06,57.17,22.01
2021-05-31,732.82,3.5465,18.92,57.29,22.0
2021-06-02,735.04,3.5797,19.15,57.2,22.12
2021-06-03,733.97,3.5765,19.11,57.39,22.02
2021-06-04,733.01,3.5825,19.16,57.54,22.11
2021-06-07,733.93,3.5903,19.2,57.86,22.21
2021-06-08,732.47,3.5792,19.19,57.87,22.22
2021-06-09,730.56,3.5838,19.2,56.92,22.13
2021-06-10,730.79,3.5857,19.19,56.86,22.15
2021-06-11,733.68,3.6078,19.34,57.12,22.29
2021-06-14,735.28,3.6122,19.36,57.41,22.35
2021-06-15,732.39,3.6212,19.41,57.53,22.3
2021-06-16,731.69,3.6335,19.45,57.28,22.29
2021-06-17,735.86,3.6267,19.48,56.96,22.3
2021-06-18,734.8,3.5745,19.13,57.65,22.03
2021-06-21,735.4,3.6093,19.27,56.95,21.88
2021-06-22,736.32,3.6077,19.32,57.58,21.96
2021-06-24,738.99,3.6249,19.33,57.51,22.04
2021-06-25,740.83,3.6292,19.32,58.2,22.11
2021-06-28,740.12,3.6134,19.18,58.5,22.04
2021-06-29,741.07,3.6196,19.26,58.72,22.06
2021-06-30,741.06,3.5887,19.06,58.81,21.83
2021-07-01,742.1,3.6211,19.12,59.01,22.02
2021-07-02,742.43,3.6217,19.15,59.26,22.19
2021-07-05,742.17,3.6205,19.16,59.85,22.2
2021-07-07,742.33,3.6325,19.12,59.64,22.11
2021-07-08,736.04,3.5772,18.73,60.0,21.75
2021-07-09,738.27,3.6226,19.08,59.1,21.96
2021-07-12,739.37,3.641,19.2,59.64,21.91
2021-07-13,741.2,3.6497,19.21,59.95,22.07
2021-07-15,739.17,3.6129,19.03,60.22,21.79
2021-07-16,738.15,3.5944,18.93,59.67,21.71
2021-07-19,734.67,3.5284,18.44,59.18,21.09
2021-07-20,737.22,3.5463,18.57,58.36,21.05
2021-07-21,738.12,3.6008,18.9,59.3,21.43
2021-07-22,739.93,3.6171,19.05,59.76,21.84
2021-07-23,737.83,3.6485,19.29,60.07,21.91
2021-07-26,731.7,3.6484,19.26,60.72,21.94
2021-07-27,728.05,3.6272,19.08,60.53,21.95
2021-07-28,732.65,3.6547,19.26,59.96,22.07
2021-07-29,731.62,3.6612,19.32,60.2,22.24
2021-07-30,730.41,3.6452,19.2,60.34,22.06
2021-08-02,731.92,3.6567,19.32,60.26,22.1
2021-08-03,732.99,3.6841,19.33,59.99,22.33
2021-08-04,735.87,3.6889,19.46,60.62,22.46
2021-08-05,737.37,3.6987,19.53,60.59,22.45
2021-08-06,735.33,3.6967,19.6,60.75,22.59
2021-08-09,735.1,3.6996,19.61,60.96,22.67
2021-08-10,735.02,3.7072,19.66,60.9,22.73
2021-08-11,732.98,3.7221,19.74,61.18,22.8
2021-08-12,733.35,3.7241,19.84,61.01,22.98
2021-08-13,732.73,3.7311,19.86,61.05,23.0
2021-08-16,729.66,3.7221,19.73,61.01,22.85
2021-08-17,728.13,3.6954,19.7,61.3,22.76
2021-08-18,728.09,3.6992,19.67,61.24,22.78
2021-08-19,725.84,3.6757,19.36,60.7,22.43
2021-08-20,726.97,3.6832,19.47,60.76,22.45
2021-08-23,728.93,3.6927,19.61,61.19,22.73
2021-08-24,732.06,3.6975,19.61,61.25,22.77
2021-08-25,731.84,3.6915,19.63,61.31,22.84
2021-08-26,729.03,3.6828,19.58,61.6,22.77
2021-08-27,728.94,3.7034,19.67,61.42,22.71
2021-08-30,730.79,3.7023,19.71,61.63,22.82
2021-08-31,732.09,3.6922,19.7,61.89,22.73
2021-09-01,734.26,3.7072,19.84,61.72,22.82
2021-09-02,732.47,3.717,19.87,61.45,22.78
2021-09-03,730.98,3.708,19.73,61.7,22.8
2021-09-06,733.03,3.729,19.93,61.63,22.78
2021-09-08,731.56,3.6636,19.61,61.6,22.55
2021-09-09,730.26,3.6537,19.61,61.25,22.24
2021-09-10,729.46,3.6335,19.58,60.88,22.36
2021-09-13,728.4,3.6588,19.67,60.39,22.42
2021-09-14,727.05,3.6555,19.68,60.67,22.47
2021-09-15,725.28,3.6341,19.47,60.27,22.38
2021-09-16,728.11,3.6498,19.58,60.75,22.45
2021-09-17,729.22,3.6117,19.39,60.9,22.29
2021-09-20,724.27,3.5605,18.99,60.36,21.61
2021-09-21,726.62,3.5995,19.29,59.73,21.88
2021-09-22,728.76,3.6354,19.54,59.78,22.06
2021-09-23,732.38,3.6668,19.75,60.28,22.34
2021-09-24,732.19,3.6391,19.57,60.85,22.33
2021-09-27,732.09,3.634,19.61,60.98,22.42
2021-09-28,724.52,3.5646,19.12,60.64,22.23
2021-09-29,725.64,3.5824,19.22,59.37,22.2
2021-09-30,725.54,3.5736,19.07,59.78,22.22
2021-10-01,725.29,3.5794,19.01,59.27,21.95
2021-10-04,719.85,3.5473,18.83,59.76,22.09
2021-10-05,723.38,3.5716,19.16,58.95,22.2
2021-10-06,723.52,3.562,18.91,59.68,21.85
2021-10-07,728.26,3.5943,19.31,59.93,22.29
2021-10-08,726.41,3.59,19.2,60.72,22.28
2021-10-11,725.01,3.5775,19.19,60.66,22.32
2021-10-12,724.77,3.5813,19.11,60.48,22.33
2021-10-13,726.68,3.6151,19.25,60.34,22.33
2021-10-14,729.95,3.6425,19.56,60.46,22.54
2021-10-15,732.58,3.6657,19.71,61.53,22.66
2021-10-18,732.44,3.6491,19.57,61.85,22.68
2021-10-19,734.73,3.6579,19.65,61.98,22.75
2021-10-20,735.62,3.6684,19.67,62.28,22.7
2021-10-21,736.04,3.6716,19.59,62.52,22.68
2021-10-22,735.68,3.6852,19.75,62.83,22.86
2021-10-25,735.46,3.681,19.75,62.96,22.86
2021-10-26,734.96,3.6901,19.92,63.16,23.04
2021-10-27,730.17,3.6774,19.9,63.37,22.93
2021-10-28,731.66,3.6999,19.97,63.17,22.98
2021-10-29,734.21,3.7114,20.05,63.07,23.01
2021-11-02,731.87,3.7467,20.27,63.39,23.21
2021-11-03,734.01,3.7664,20.33,63.83,23.16
2021-11-04,733.82,3.7771,20.45,64.14,23.26
2021-11-05,734.03,3.777,20.58,64.71,23.24
2021-11-08,732.26,3.7759,20.53,64.65,23.17
2021-11-09,732.47,3.784,20.5,64.66,23.25
2021-11-10,729.93,3.7747,20.52,64.63,23.21
2021-11-12,736.49,3.808,20.62,64.9,23.37
2021-11-15,736.86,3.8203,20.69,65.27,23.4
2021-11-16,739.75,3.8298,20.77,65.4,23.52
2021-11-17,738.05,3.827,20.76,65.74,23.45
2021-11-18,737.04,3.8038,20.68,65.76,23.46
2021-11-19,737.28,3.7781,20.54,65.56,23.15
2021-11-22,733.59,3.7618,20.48,65.72,23.26
2021-11-23,729.58,3.7279,20.22,65.81,23.23
2021-11-24,731.9,3.7245,20.18,65.86,23.19
2021-11-25,732.27,3.7331,20.26,66.3,23.22
2021-11-30,715.82,3.5809,19.18,64.84,22.11
2021-12-01,711.28,3.6091,19.73,63.66,22.6
2021-12-02,712.41,3.619,19.4,63.13,22.41
2021-12-03,707.32,3.594,19.26,63.73,22.47
2021-12-06,709.67,3.6417,19.53,63.35,22.53
2021-12-07,717.59,3.7222,20.19,64.06,23.05
2021-12-08,717.07,3.7062,19.99,65.51,23.11
2021-12-09,717.09,3.6892,19.87,65.27,22.94
2021-12-10,714.89,3.6841,19.83,65.17,22.95
2021-12-13,713.45,3.6628,19.75,65.51,22.99
2021-12-14,710.01,3.6327,19.57,65.3,22.76
2021-12-15,710.48,3.6575,19.64,64.66,22.71
2021-12-16,709.46,3.6675,19.84,65.88,23.01
2021-12-17,708.53,3.6498,19.65,65.47,22.75
2021-12-20,702.47,3.6153,19.39,64.84,22.43
2021-12-21,709.65,3.6688,19.71,64.01,22.76
2021-12-22,710.2,3.6945,19.91,65.39,22.88
2021-12-23,711.16,3.7204,20.14,65.61,23.19
2021-12-29,709.78,3.7585,20.23,67.0,23.47
2021-12-30,712.23,3.7533,20.33,66.86,23.5
2021-12-31,709.91,3.7433,20.3,66.7,23.42
2022-01-04,708.9,3.8021,20.63,67.03,23.88
2022-01-05,704.18,3.7689,20.75,66.74,24.02
2022-01-06,703.02,3.739,20.43,65.67,23.93
2022-01-07,700.38,3.7274,20.34,65.59,23.96
2022-01-10,699.92,3.6862,20.03,64.89,23.96
2022-01-11,701.99,3.7214,20.23,64.9,23.99
2022-01-12,701.41,3.7297,20.4,65.37,24.13
2022-01-13,697.53,3.7096,20.39,65.3,24.26
2022-01-14,695.11,3.7092,20.19,64.51,24.27
2022-01-17,696.02,3.7161,20.33,64.44,24.38
2022-01-19,696.48,3.6625,20.17,63.84,24.29
2022-01-20,699.96,3.6515,20.32,63.16,24.21
2022-01-21,695.48,3.5864,19.99,62.76,23.88
2022-01-24,689.84,3.5219,19.2,61.75,23.24
2022-01-25,689.28,3.5034,19.28,61.48,23.08
2022-01-26,689.91,3.5396,19.69,60.95,23.7
2022-01-27,694.17,3.5683,19.78,61.11,23.66
2022-01-28,692.43,3.5617,19.56,61.32,23.49
2022-01-31,692.78,3.5911,19.74,62.44,23.54
2022-02-01,693.96,3.6198,19.97,63.21,23.86
2022-02-02,693.69,3.6295,19.96,63.42,24.0
2022-02-03,687.35,3.5426,19.58,64.09,23.89
2022-02-04,687.36,3.5221,19.32,61.73,23.38
2022-02-07,686.19,3.5338,19.48,61.59,23.43
2022-02-08,684.8,3.548,19.52,61.54,23.7
2022-02-09,687.54,3.6119,19.88,62.22,24.03
2022-02-10,687.14,3.5704,19.84,63.27,24.04
2022-02-11,684.38,3.5281,19.66,62.19,23.88
2022-02-14,681.67,3.5001,19.23,61.43,23.34
2022-02-15,683.34,3.5557,19.61,61.49,23.76
2022-02-16,684.17,3.5613,19.57,62.34,23.78
2022-02-17,683.76,3.5111,19.46,62.49,23.78
2022-02-18,682.68,3.4978,19.28,61.21,23.68
2022-02-21,680.88,3.4391,18.86,60.83,23.32
2022-02-23,677.39,3.4244,18.84,60.18,23.18
2022-02-24,669.26,3.3775,18.12,59.3,22.18
2022-02-25,671.86,3.4469,18.79,60.43,22.72
2022-02-28,664.02,3.4042,18.57,61.19,22.56
2022-03-01,663.55,3.3291,17.82,61.16,22.29
2022-03-02,659.69,3.3663,18.08,60.41,22.15
2022-03-03,657.53,3.307,17.71,61.91,22.05
2022-03-04,662.85,3.195,16.83,61.43,21.02
2022-03-07,662.8,3.1306,16.62,61.1,20.51
2022-03-08,656.53,3.1459,16.59,59.28,21.0
2022-03-09,647.39,3.2926,17.82,58.9,21.42
2022-03-10,648.64,3.2531,17.29,60.1,21.42
2022-03-11,650.68,3.2533,17.46,59.94,21.87
2022-03-14,648.04,3.2981,17.71,59.63,21.79
2022-03-15,645.47,3.3255,17.7,59.4,21.73
2022-03-16,647.02,3.4358,18.42,60.4,22.44
2022-03-17,646.99,3.449,18.4,61.76,22.38
2022-03-18,650.77,3.4742,18.48,61.81,22.27
2022-03-21,651.4,3.4438,18.38,62.71,22.58
2022-03-22,652.55,3.4839,18.6,62.76,22.8
2022-03-23,655.52,3.4283,18.33,63.58,22.71
2022-03-24,655.63,3.4364,18.3,63.17,22.64
2022-03-25,658.15,3.4455,18.32,63.99,22.67
2022-03-28,658.57,3.4571,18.41,64.45,22.91
2022-03-29,658.55,3.5224,18.96,64.71,22.99
2022-03-30,658.63,3.4851,18.75,64.83,22.88
2022-03-31,656.99,3.4369,18.49,64.43,22.82
2022-04-01,661.33,3.4767,18.56,63.71,22.75
2022-04-04,665.21,3.5059,18.72,64.19,22.79
2022-04-05,663.84,3.4813,18.56,64.83,22.78
2022-04-06,660.4,3.4329,18.13,64.65,22.59
2022-04-07,660.25,3.4598,18.02,64.05,22.74
2022-04-08,662.56,3.4638,18.29,64.22,22.87
2022-04-11,658.65,3.4473,18.2,64.4,23.0
2022-04-12,657.83,3.4267,18.17,63.21,22.8
2022-04-13,658.94,3.4519,18.15,63.12,22.9
2022-04-14,661.2,3.4514,18.25,63.43,22.93
2022-04-19,657.01,3.4576,18.19,63.26,22.96
2022-04-20,653.74,3.4722,18.5,63.76,23.23
2022-04-21,649.33,3.4684,18.65,63.61,23.38
2022-04-22,646.76,3.4329,18.23,63.02,23.0
2022-04-25,646.41,3.4242,17.84,61.68,22.36
2022-04-26,648.91,3.3432,17.69,62.17,22.54
2022-04-27,652.85,3.3754,17.77,61.26,22.47
2022-04-28,653.1,3.4209,17.98,62.22,22.66
2022-04-29,651.81,3.387,18.11,63.59,22.67
2022-05-02,650.05,3.3829,17.83,61.57,22.61
2022-05-03,648.25,3.3991,17.98,61.76,22.54
2022-05-04,648.31,3.4094,17.81,61.91,22.66
2022-05-05,648.35,3.339,17.7,63.1,22.78
2022-05-06,646.4,3.2752,17.42,61.33,22.27
2022-05-10,642.42,3.2173,17.08,58.92,21.78
2022-05-11,643.55,3.2166,17.53,58.91,22.05
2022-05-12,645.73,3.2293,17.38,58.46,21.71
2022-05-13,643.5,3.2986,17.85,58.93,22.23
2022-05-16,645.84,3.3039,17.74,60.38,22.38
2022-05-17,638.83,3.3439,18.02,60.44,22.86
2022-05-18,638.09,3.2942,17.78,60.78,22.82
2022-05-19,636.95,3.284,17.55,58.85,22.23
2022-05-20,640.51,3.3149,17.63,58.26,22.78
2022-05-23,637.52,3.3472,17.92,58.51,22.78
2022-05-24,639.6,3.3306,17.62,59.11,22.8
2022-05-25,639.98,3.3376,17.77,58.47,22.82
2022-05-27,638.92,3.4266,18.4,59.74,23.25
2022-05-30,637.4,3.4528,18.57,61.11,23.41
2022-06-01,635.06,3.3897,18.17,60.64,23.23
2022-06-02,635.26,3.4323,18.35,60.33,23.22
2022-06-03,634.91,3.4036,18.29,61.06,23.23
2022-06-07,635.32,3.4354,18.41,60.52,23.3
2022-06-08,635.31,3.3921,18.32,60.05,23.27
2022-06-09,635.74,3.3425,18.01,59.24,23.13
2022-06-10,637.9,3.2836,17.39,58.22,22.5
2022-06-13,635.24,3.1938,16.94,57.03,21.63
2022-06-14,632.02,3.1533,16.8,55.64,21.35
2022-06-15,630.76,3.2083,17.08,55.36,21.65
2022-06-16,630.28,3.0921,16.58,56.19,21.06
2022-06-17,627.52,3.1047,16.63,54.34,21.29
2022-06-20,626.29,3.1384,16.78,54.8,21.13
2022-06-22,622.71,3.1219,16.76,55.69,21.0
2022-06-24,621.51,3.1953,17.1,56.04,20.94
2022-06-27,621.08,3.1886,17.12,57.62,21.35
2022-06-28,622.87,3.1802,17.17,57.5,21.57
2022-06-29,624.57,3.1717,17.0,56.96,21.19
2022-06-30,623.17,3.1267,16.72,57.13,20.72
2022-07-01,627.19,3.143,16.68,56.62,20.69
2022-07-04,626.02,3.1236,16.7,57.18,20.93
2022-07-06,629.46,3.1005,16.56,57.88,20.49
2022-07-07,628.02,3.1579,16.88,58.45,20.83
2022-07-08,626.88,3.1709,16.98,59.28,21.05
2022-07-11,631.88,3.151,16.81,59.25,21.05
2022-07-12,632.17,3.1531,16.88,59.12,20.77
2022-07-13,631.44,3.1428,16.72,58.91,20.82
2022-07-15,630.76,3.164,16.84,58.54,20.57
2022-07-18,627.32,3.1687,17.01,59.25,21.04
2022-07-19,621.68,3.2524,17.38,58.37,21.01
2022-07-20,621.33,3.2354,17.37,59.63,21.32
2022-07-21,621.63,3.2718,17.42,59.9,21.21
2022-07-22,623.32,3.2603,17.42,60.56,21.23
2022-07-25,623.8,3.2699,17.46,59.88,21.34
2022-07-26,630.33,3.2575,17.32,60.11,21.23
2022-07-27,627.39,3.2921,17.48,60.27,21.38
2022-07-28,628.21,3.327,17.69,61.37,21.51
2022-07-29,626.65,3.368,17.96,61.95,21.91
2022-08-01,624.48,3.3461,17.95,62.43,22.03
2022-08-02,626.47,3.3221,17.85,61.67,21.76
2022-08-03,624.59,3.3524,18.08,61.58,21.91
2022-08-04,623.9,3.3419,18.19,62.5,22.24
2022-08-05,623.78,3.3309,18.05,62.26,22.05
2022-08-08,621.63,3.3379,18.21,62.23,22.21
2022-08-09,623.34,3.3259,18.0,61.97,22.14
2022-08-10,617.77,3.3533,18.17,61.66,22.22
2022-08-11,618.98,3.349,18.21,62.02,22.32
2022-08-12,624.23,3.3794,18.3,61.83,22.44
2022-08-16,627.43,3.3884,18.44,64.15,22.59
2022-08-17,627.55,3.3501,18.2,64.47,22.47
2022-08-18,629.84,3.3622,18.31,63.94,22.44
2022-08-19,632.5,3.3379,18.08,64.44,22.28
2022-08-22,637.93,3.279,17.73,64.25,21.99
2022-08-23,637.79,3.2814,17.7,63.58,22.03
2022-08-24,637.95,3.2896,17.77,63.27,21.94
2022-08-25,640.14,3.3064,17.81,63.36,22.04
2022-08-26,635.87,3.2248,17.46,64.11,22.03
2022-08-29,634.51,3.2067,17.3,62.21,21.44
2022-08-30,632.09,3.1939,17.26,61.92,21.82
2022-08-31,628.39,3.1593,17.05,61.03,21.37
2022-09-01,631.1,3.1303,16.76,60.03,20.93
2022-09-02,627.04,3.1525,17.18,60.55,21.08
2022-09-05,632.17,3.1165,16.92,59.96,21.1
2022-09-07,627.66,3.1663,16.98,60.03,21.21
2022-09-08,629.07,3.1696,17.03,60.5,21.33
2022-09-09,626.08,3.2146,17.31,60.94,21.77
2022-09-12,622.74,3.2623,17.67,61.49,22.05
2022-09-13,622.13,3.198,17.38,61.46,22.27
2022-09-14,622.14,3.1966,17.29,59.89,21.77
2022-09-15,620.68,3.1707,17.17,60.01,21.67
2022-09-16,617.69,3.1398,16.97,59.64,21.41
2022-09-19,617.05,3.1425,16.97,58.89,21.07
2022-09-20,616.03,3.0955,16.81,59.12,21.13
2022-09-21,619.47,3.0956,16.94,58.57,21.12
2022-09-22,622.14,3.0764,16.63,58.44,21.04
2022-09-23,622.56,3.0078,16.25,58.24,20.24
2022-09-26,623.39,2.9899,16.22,57.88,20.04
2022-09-27,622.78,2.9875,16.15,57.65,20.17
2022-09-28,621.36,3.0191,16.18,57.72,19.82
2022-09-29,619.32,2.9575,15.91,58.84,19.76
2022-09-30,616.74,2.9669,16.1,57.26,19.85
2022-10-03,616.13,2.9835,16.21,56.78,20.0
2022-10-04,611.25,3.0832,16.9,57.58,20.75
2022-10-05,615.62,3.0661,16.73,58.38,20.72
2022-10-06,616.7,3.0297,16.66,58.83,20.48
2022-10-07,619.53,2.9877,16.38,58.62,20.51
2022-10-10,620.18,2.9771,16.29,57.32,20.31
2022-10-11,618.49,2.9607,16.21,57.35,20.08
2022-10-12,617.88,2.9466,16.17,56.88,20.11
2022-10-13,614.2,2.9963,16.32,56.79,20.1
2022-10-14,610.56,2.9843,16.41,57.81,20.6
2022-10-17,611.97,3.0501,16.7,56.65,20.66
2022-10-18,613.12,3.0737,16.81,57.66,20.97
2022-10-19,610.97,3.0463,16.84,58.03,20.89
2022-10-20,609.84,3.0393,16.95,57.69,20.83
2022-10-21,611.84,3.0701,16.87,57.22,20.7
2022-10-24,610.66,3.092,17.12,58.59,21.21
2022-10-25,614.99,3.1394,17.4,58.83,21.22
2022-10-26,614.3,3.1337,17.49,59.08,21.48
2022-10-27,614.1,3.1401,17.49,58.31,21.47
2022-10-28,615.67,3.168,17.53,58.17,21.5
2022-10-31,614.68,3.1577,17.56,59.41,21.56
2022-11-02,610.49,3.1387,17.58,59.14,21.84
2022-11-03,607.3,3.139,17.45,58.15,21.48
2022-11-04,612.12,3.2068,17.91,58.19,21.96
2022-11-07,612.42,3.2096,18.01,58.06,22.22
2022-11-08,615.65,3.2176,18.15,58.13,22.25
2022-11-09,611.99,3.2052,18.1,58.18,22.29
2022-11-10,629.48,3.3112,18.67,57.31,22.34
2022-11-14,629.01,3.2927,18.87,58.63,22.77
2022-11-15,632.4,3.3078,19.01,58.35,22.82
2022-11-16,631.72,3.2819,18.85,58.39,22.78
2022-11-17,631.08,3.284,18.83,58.07,22.56
2022-11-18,631.11,3.3078,19.06,58.16,22.89
2022-11-21,632.46,3.3144,18.99,58.4,22.81
2022-11-22,635.83,3.3266,19.12,58.69,23.01
2022-11-23,636.29,3.3308,19.17,59.26,23.09
2022-11-24,636.7,3.3518,19.25,59.37,23.29
2022-11-28,633.77,3.3285,19.12,59.45,23.03
2022-11-29,636.89,3.3193,19.12,58.73,23.12
2022-11-30,646.61,3.3788,19.26,58.5,23.23
2022-12-01,647.62,3.3581,19.37,60.43,23.38
2022-12-02,648.12,3.3609,19.37,59.6,23.33
2022-12-05,641.73,3.3477,19.27,59.59,23.34
2022-12-06,642.45,3.3289,19.15,58.48,23.2
2022-12-07,643.74,3.303,19.07,57.71,23.03
2022-12-08,643.78,3.3035,19.07,57.68,22.98
2022-12-09,641.68,3.3222,19.17,57.75,23.01
2022-12-12,642.31,3.309,19.07,57.37,23.03
2022-12-13,643.19,3.3531,19.38,57.93,23.19
2022-12-14,643.87,3.3559,19.33,57.85,23.18
2022-12-15,639.48,3.2722,18.65,57.61,23.01
2022-12-16,638.54,3.2441,18.49,56.18,22.39
2022-12-19,639.23,3.243,18.54,55.55,22.54
2022-12-20,640.83,3.2332,18.49,55.23,22.41
2022-12-21,644.08,3.2864,18.83,55.12,22.72
2022-12-22,643.66,3.2502,18.6,56.05,22.85
2022-12-23,643.63,3.2498,18.56,55.39,22.68
2022-12-28,643.3,3.2471,18.52,55.14,22.79
2022-12-29,644.55,3.2721,18.73,54.79,22.64
2022-12-30,643.3,3.2319,18.45,55.38,22.63
2023-01-04,651.99,3.3629,19.38,55.53,23.27
2023-01-05,651.19,3.3581,19.3,55.61,23.43
2023-01-06,656.87,3.3958,19.56,55.21,23.46
2023-01-09,655.68,3.4205,19.81,55.81,23.79
2023-01-10,656.04,3.4049,19.75,55.52,23.69
2023-01-11,658.62,3.4235,19.95,55.84,23.82
2023-01-12,663.09,3.441,20.08,56.38,24.01
2023-01-13,666.16,3.4573,20.2,56.38,24.06
2023-01-16,664.95,3.4762,20.23,56.74,24.17
2023-01-18,663.36,3.4835,20.32,56.85,24.35
2023-01-19,663.19,3.4352,19.96,56.19,23.95
2023-01-20,661.87,3.4584,20.05,55.89,24.0
2023-01-23,660.29,3.4778,20.25,56.3,24.14
2023-01-24,661.92,3.477,20.22,56.7,24.18
2023-01-25,662.72,3.4646,20.2,56.43,24.14
2023-01-26,663.08,3.4764,20.32,56.3,24.31
2023-01-27,662.42,3.4821,20.34,57.14,24.4
2023-01-30,657.69,3.475,20.25,57.35,24.27
2023-01-31,658.66,3.482,20.27,56.63,24.13
2023-02-01,660.83,3.4853,20.31,57.24,24.34
2023-02-02,661.94,3.5253,20.65,57.54,24.46
2023-02-03,657.5,3.5457,20.73,58.23,24.48
2023-02-06,653.88,3.5154,20.47,58.27,24.38
2023-02-07,656.49,3.5133,20.5,58.31,24.5
2023-02-08,655.35,3.5223,20.5,59.08,24.71
2023-02-09,654.62,3.5416,20.7,58.61,24.91
2023-02-10,654.19,3.5018,20.46,58.33,24.61
2023-02-13,655.2,3.5288,20.67,58.61,24.76
2023-02-14,653.76,3.5295,20.66,58.97,24.97
2023-02-15,651.36,3.5542,20.86,58.89,24.92
2023-02-16,649.84,3.5765,20.94,59.28,25.11
2023-02-17,647.67,3.5707,20.84,58.62,24.97
2023-02-20,646.63,3.5659,20.82,58.41,25.13
2023-02-22,641.9,3.5428,20.68,57.35,24.81
2023-02-23,644.1,3.5593,20.79,57.54,25.05
2023-02-24,641.59,3.512,20.37,58.06,25.05
2023-02-27,640.4,3.5553,20.7,57.58,25.1
2023-02-28,637.18,3.5348,20.66,57.6,25.14
2023-03-01,637.41,3.5174,20.55,57.45,25.18
2023-03-02,638.75,3.5328,20.67,56.97,24.97
2023-03-03,641.85,3.5655,20.93,57.46,25.29
2023-03-06,639.38,3.5729,21.02,58.27,25.21
2023-03-07,635.5,3.5479,20.85,58.13,25.29
2023-03-08,636.61,3.5487,20.9,57.78,25.12
2023-03-09,634.45,3.5449,20.89,58.08,25.07
2023-03-10,630.95,3.4934,20.61,57.41,24.79
2023-03-13,633.1,3.4002,19.96,56.08,24.09
2023-03-14,630.04,3.4572,20.37,55.5,24.13
2023-03-15,634.92,3.3477,19.66,56.5,23.65
2023-03-16,630.26,3.4015,20.07,56.58,23.55
2023-03-17,634.13,3.3523,19.81,57.3,23.69
2023-03-20,630.22,3.3855,20.08,56.74,23.44
2023-03-21,629.28,3.4375,20.39,56.75,24.15
2023-03-22,632.88,3.4345,20.47,57.31,24.15
2023-03-23,633.55,3.4332,20.52,56.84,23.94
2023-03-24,635.27,3.3809,20.16,56.74,23.43
2023-03-27,634.27,3.4136,20.33,57.27,23.86
2023-03-28,634.86,3.4126,20.34,57.38,23.87
2023-03-29,636.41,3.4595,20.65,56.88,24.13
2023-03-30,638.71,3.5011,20.92,57.65,24.59
2023-03-31,643.02,3.5204,21.1,57.68,24.59
2023-04-03,646.16,3.5219,21.05,58.6,24.73
2023-04-04,647.31,3.5208,21.07,58.65,24.86
2023-04-05,649.07,3.5055,21.03,58.04,24.58
2023-04-06,649.51,3.5285,21.05,58.03,24.77
2023-04-11,646.05,3.5469,21.18,58.26,24.87
2023-04-12,646.1,3.5591,21.18,58.31,24.96
2023-04-13,649.33,3.5719,21.32,58.07,24.97
2023-04-14,647.1,3.5948,21.5,58.48,25.02
2023-04-17,646.12,3.6024,21.39,58.69,25.11
2023-04-18,646.08,3.6194,21.48,58.96,25.22
2023-04-19,642.89,3.616,21.48,58.95,25.11
2023-04-20,643.67,3.6074,21.43,58.65,25.0
2023-04-21,643.45,3.6258,21.55,58.58,24.91
2023-04-24,642.74,3.6283,21.55,58.65,25.01
2023-04-25,641.9,3.6188,21.46,58.34,24.86
2023-04-26,639.55,3.5869,21.33,57.98,24.68
2023-04-27,640.95,3.5851,21.39,57.42,24.75
2023-04-28,641.97,3.6044,21.46,58.5,24.57
2023-05-02,641.61,3.5654,21.13,58.73,24.84
2023-05-03,641.23,3.5712,21.21,58.45,24.55
2023-05-04,644.78,3.546,21.11,57.85,24.31
2023-05-05,645.17,3.5842,21.41,57.74,24.53
2023-05-10,644.87,3.5739,21.3,58.56,24.77
2023-05-11,645.77,3.5842,21.32,58.74,24.81
2023-05-12,644.87,3.6012,21.39,59.23,24.8
2023-05-15,646.19,3.6112,21.4,59.43,24.92
2023-05-16,644.49,3.6102,21.39,59.48,24.87
2023-05-17,643.83,3.61,21.43,59.44,24.75
2023-05-19,641.93,3.64,21.79,60.62,25.12
2023-05-22,641.39,3.6504,21.8,60.46,25.09
2023-05-23,635.79,3.6295,21.62,60.36,25.09
2023-05-24,632.31,3.5739,21.19,59.71,24.59
2023-05-25,631.27,3.5595,21.22,59.14,24.59
2023-05-26,634.78,3.595,21.55,59.85,24.48
2023-05-31,636.25,3.5184,20.99,60.34,24.43
2023-06-01,641.82,3.548,21.19,60.44,24.46
2023-06-02,642.76,3.601,21.52,60.79,24.83
2023-06-05,643.97,3.5826,21.37,61.54,24.96
2023-06-06,645.53,3.598,21.42,61.57,24.71
2023-06-07,640.07,3.5882,21.36,60.73,24.88
2023-06-08,643.27,3.5957,21.39,60.12,24.99
2023-06-09,645.61,3.5859,21.35,60.13,24.86
2023-06-12,648.59,3.5989,21.48,60.31,24.92
2023-06-13,648.11,3.6244,21.64,60.9,24.95
2023-06-14,648.71,3.6347,21.78,60.94,25.31
2023-06-15,650.93,3.6267,21.72,60.92,25.07
2023-06-16,650.03,3.6496,21.87,61.13,25.24
2023-06-19,648.02,3.6198,21.71,60.86,25.12
2023-06-21,643.46,3.5949,21.53,60.47,24.84
2023-06-22,642.06,3.5761,21.44,59.89,24.56
2023-06-26,642.28,3.5597,21.32,60.13,24.41
2023-06-27,642.18,3.5629,21.44,59.57,24.44
2023-06-28,643.2,3.5952,21.64,59.87,24.69
2023-06-29,640.09,3.6078,21.69,60.08,24.77
2023-06-30,644.19,3.6433,21.91,60.35,25.02
2023-07-03,643.46,3.638,21.9,60.84,25.15
2023-07-04,642.95,3.6373,21.87,60.59,25.06
2023-07-06,634.13,3.5334,21.07,60.62,24.5
2023-07-07,633.89,3.5413,21.11,60.03,24.3
2023-07-10,634.17,3.5458,21.25,59.39,24.38
2023-07-11,634.74,3.5576,21.36,59.3,24.54
2023-07-12,640.65,3.604,21.73,59.43,24.91
2023-07-13,644.93,3.633,21.93,59.82,25.22
2023-07-17,642.73,3.62,21.71,59.99,24.96
2023-07-18,645.25,3.6396,21.77,60.05,25.01
2023-07-19,646.05,3.6473,21.74,60.54,25.19
2023-07-20,643.13,3.6604,21.78,60.74,25.33
2023-07-21,644.13,3.6696,21.88,60.62,25.35
2023-07-24,645.79,3.6625,21.85,60.83,25.39
2023-07-25,646.81,3.6733,21.89,61.22,25.53
2023-07-26,645.63,3.646,21.66,61.65,25.42
2023-07-27,644.95,3.6982,22.17,61.53,25.7
2023-07-28,648.05,3.6803,22.26,61.67,25.67
2023-07-31,648.63,3.6902,22.29,62.04,25.73
2023-08-01,646.65,3.6725,21.97,62.05,25.65
2023-08-02,643.69,3.6298,21.62,61.91,25.33
2023-08-03,642.24,3.5947,21.46,61.38,25.03
2023-08-04,642.6,3.6046,21.6,61.23,25.07
2023-08-07,642.96,3.6182,21.63,60.62,25.06
2023-08-08,647.05,3.6194,21.39,61.07,24.91
2023-08-09,645.36,3.6343,21.53,61.29,25.29
2023-08-10,643.79,3.6656,21.86,60.94,25.24
2023-08-11,642.41,3.6267,21.55,60.95,25.16
2023-08-14,643.02,3.632,21.6,60.87,25.16
2023-08-16,637.92,3.596,21.37,60.81,24.9
2023-08-17,635.87,3.5717,21.09,60.53,24.88
2023-08-18,636.48,3.5522,21.01,60.13,24.6
2023-08-21,635.78,3.5618,21.07,60.0,24.85
2023-08-22,637.08,3.5822,21.25,60.24,24.97
2023-08-23,643.07,3.6018,21.28,60.48,24.88
2023-08-24,640.67,3.5791,21.11,61.2,24.91
2023-08-25,642.05,3.5803,21.13,60.48,24.92
2023-08-28,642.89,3.6181,21.4,61.02,24.93
2023-08-29,646.95,3.6449,21.58,61.29,25.23
2023-08-30,643.11,3.6435,21.52,62.09,25.31
2023-08-31,645.77,3.6386,21.43,61.7,25.37
2023-09-01,646.44,3.6357,21.36,61.96,25.41
2023-09-04,646.93,3.6352,21.34,62.43,25.39
2023-09-06,644.39,3.6132,21.14,62.68,24.96
2023-09-07,645.01,3.6075,21.04,62.33,24.97
2023-09-08,644.95,3.6118,21.12,62.26,24.9
2023-09-11,646.24,3.6122,21.22,62.48,25.13
2023-09-12,645.63,3.5972,21.16,62.62,25.08
2023-09-13,646.29,3.588,21.06,62.45,24.85
2023-09-14,651.53,3.6293,21.34,62.3,25.16
2023-09-15,647.78,3.6335,21.42,63.25,25.62
2023-09-18,646.53,3.5877,21.18,62.62,25.33
2023-09-19,644.16,3.5926,21.16,62.55,25.21
2023-09-20,642.86,3.6249,21.34,62.31,25.36
2023-09-21,638.16,3.5795,21.02,61.87,25.16
2023-09-22,637.73,3.5682,20.99,61.12,25.14
2023-09-25,638.39,3.546,20.8,61.21,24.93
2023-09-26,633.99,3.522,20.6,61.63,24.79
2023-09-27,633.99,3.5181,20.62,60.98,24.76
2023-09-28,632.68,3.531,20.77,61.32,24.8
2023-09-29,633.66,3.5474,20.87,61.51,25.09
2023-10-02,632.03,3.4798,20.65,61.26,24.82
2023-10-03,626.83,3.4367,20.44,61.66,24.41
2023-10-04,625.98,3.4426,20.46,61.03,24.33
2023-10-05,626.16,3.4471,20.46,61.46,24.24
2023-10-06,628.49,3.4717,20.68,61.43,24.42
2023-10-09,631.53,3.4595,20.53,62.07,24.45
2023-10-10,634.34,3.5257,20.99,62.34,24.85
2023-10-11,636.16,3.5318,20.97,62.53,25.0
2023-10-12,635.34,3.5345,20.96,62.76,25.17
2023-10-13,636.21,3.496,20.65,62.92,24.85
2023-10-16,635.72,3.4974,20.71,62.72,24.73
2023-10-17,633.26,3.498,20.73,63.16,24.72
2023-10-18,630.0,3.4609,20.49,62.87,24.59
2023-10-19,627.68,3.4212,20.42,62.27,24.3
2023-10-20,625.36,3.3763,20.09,61.61,23.93
2023-10-23,623.18,3.3845,20.17,60.69,23.68
2023-10-24,625.58,3.4077,20.29,60.35,23.92
2023-10-25,623.32,3.4056,20.33,60.87,23.89
2023-10-26,624.64,3.385,20.21,60.14,23.75
2023-10-27,626.15,3.3555,20.04,59.64,23.87
2023-10-30,625.26,3.3696,20.11,59.42,23.83
2023-10-31,623.11,3.3868,20.28,59.97,23.81
2023-11-02,629.56,3.46,20.83,61.41,24.27
2023-11-03,631.91,3.4721,20.85,61.87,24.33
2023-11-06,630.9,3.4648,20.77,61.65,24.32
2023-11-07,630.95,3.4682,20.74,61.79,24.19
2023-11-08,629.03,3.4909,20.87,62.26,24.18
2023-11-09,626.6,3.5079,21.12,62.41,24.38
2023-11-10,627.37,3.4839,20.96,62.24,24.24
2023-11-13,626.78,3.5066,21.14,63.05,24.41
2023-11-14,631.2,3.5473,21.44,62.9,24.43
2023-11-15,629.87,3.5585,21.56,62.9,25.0
2023-11-16,630.48,3.5388,21.54,62.88,24.91
2023-11-17,631.48,3.5687,21.68,63.06,25.0
2023-11-20,633.15,3.5722,21.71,63.07,25.04
2023-11-21,633.33,3.5599,21.65,63.12,25.04
2023-11-22,634.47,3.574,21.8,63.23,25.1
2023-11-23,633.23,3.5801,21.8,63.94,25.07
2023-11-27,633.73,3.5759,21.82,63.54,25.19
2023-11-28,636.65,3.5701,21.74,63.42,25.08
2023-11-29,637.34,3.594,21.86,63.16,25.37
2023-11-30,638.4,3.6045,21.91,63.15,25.53
2023-12-01,643.78,3.6386,22.09,63.66,25.67
2023-12-04,640.6,3.6334,22.09,64.24,25.73
2023-12-05,638.79,3.6459,22.28,63.95,25.74
2023-12-06,638.62,3.6638,22.43,64.13,25.86
2023-12-07,642.7,3.6562,22.38,64.11,25.86
2023-12-08,642.56,3.6844,22.63,64.48,25.89
2023-12-11,640.73,3.6894,22.71,64.96,26.01
2023-12-12,640.84,3.6804,22.69,65.15,26.02
2023-12-13,646.75,3.69,22.66,65.45,25.95
2023-12-14,649.58,3.7099,22.71,65.83,26.3
2023-12-15,651.31,3.7132,22.76,64.75,26.32
2023-12-18,652.89,3.7044,22.62,65.26,26.2
2023-12-19,654.15,3.718,22.69,65.59,26.2
2023-12-20,652.54,3.7262,22.68,65.57,26.23
2023-12-21,656.48,3.7256,22.69,65.04,26.16
2023-12-22,656.12,3.7246,22.68,65.48,26.22
2023-12-27,657.95,3.743,22.71,65.39,26.37
2023-12-28,656.87,3.7395,22.64,65.23,26.26
2023-12-29,657.48,3.7428,22.68,65.28,26.31
2024-01-02,655.94,3.7234,22.64,65.47,26.28
2024-01-03,652.78,3.6836,22.41,65.51,26.07
2024-01-04,649.84,3.711,22.54,65.1,25.98
2024-01-05,650.35,3.7044,22.48,64.75,25.9
2024-01-08,652.4,3.7225,22.59,64.8,26.0
2024-01-09,652.27,3.7194,22.51,65.49,26.01
2024-01-10,651.22,3.7256,22.52,65.79,25.93
2024-01-11,653.17,3.7073,22.38,66.19,26.0
2024-01-12,655.4,3.7375,22.57,66.13,25.97
2024-01-15,654.87,3.7197,22.45,66.39,25.99
2024-01-17,650.53,3.6733,22.19,66.57,25.48
2024-01-18,652.68,3.703,22.44,66.39,25.62
2024-01-19,654.1,3.6995,22.42,66.95,25.7
2024-01-22,652.66,3.7293,22.59,67.64,25.71
2024-01-23,654.12,3.7249,22.52,67.72,25.79
2024-01-24,655.31,3.779,23.01,67.97,25.9
2024-01-25,659.7,3.7885,23.1,67.9,25.8
2024-01-26,660.64,3.819,23.37,68.38,26.17
2024-01-29,666.13,3.8315,23.39,68.42,26.09
2024-01-30,663.0,3.8405,23.51,69.13,26.2
2024-01-31,661.04,3.8412,23.44,69.09,26.27
2024-02-01,666.2,3.8228,23.39,67.79,25.96
2024-02-02,669.27,3.8183,23.47,68.65,25.93
2024-02-05,672.05,3.8268,23.47,69.69,25.85
2024-02-06,671.92,3.8449,23.65,69.97,25.77
2024-02-07,672.29,3.8339,23.59,69.87,25.83
2024-02-08,672.03,3.8328,23.75,70.3,25.79
2024-02-09,672.56,3.8395,23.8,69.95,25.77
2024-02-12,673.16,3.8647,24.0,70.2,25.85
2024-02-13,669.86,3.8233,23.67,70.16,25.82
2024-02-14,673.88,3.8524,23.81,69.72,25.81
2024-02-15,673.79,3.8676,23.98,70.4,25.91
2024-02-16,673.33,3.8861,24.1,70.24,26.12
2024-02-19,673.6,3.8777,24.08,70.01,26.09
2024-02-21,669.77,3.8681,24.1,69.38,26.15
2024-02-22,675.17,3.9188,24.51,69.45,26.39
2024-02-23,674.31,3.9276,24.59,71.09,26.39
2024-02-26,671.83,3.9197,24.55,71.01,26.31
2024-02-27,672.32,3.9279,24.66,70.66,26.33
2024-02-28,672.15,3.9159,24.64,70.64,26.33
2024-02-29,675.53,3.9122,24.6,70.68,26.39
2024-03-01,681.77,3.9412,24.71,71.17,26.48
2024-03-04,682.51,3.9569,24.84,71.6,26.4
2024-03-05,680.85,3.945,24.74,71.49,26.38
2024-03-06,682.98,3.9619,24.87,70.96,26.42
2024-03-07,689.58,4.0082,25.16,71.15,26.49
2024-03-08,688.0,4.0,25.05,71.79,26.58
2024-03-11,684.55,3.9787,24.89,71.05,26.47
2024-03-12,686.77,4.0142,25.16,70.94,26.68
2024-03-13,687.49,4.0107,25.24,71.75,26.87
2024-03-14,687.94,4.0146,25.21,71.53,26.88
2024-03-15,685.33,3.9861,25.17,72.01,26.84
2024-03-18,685.62,3.993,25.16,71.52,26.8
2024-03-19,684.34,4.0045,25.28,71.73,26.72
2024-03-20,687.72,4.0095,25.25,72.21,26.82
2024-03-21,690.76,4.0439,25.53,72.8,26.96
2024-03-22,692.47,4.0422,25.45,72.97,27.04
2024-03-25,691.3,4.0437,25.52,73.32,27.02
2024-03-26,690.31,4.0545,25.65,72.75,27.22
2024-03-27,693.27,4.0521,25.74,72.78,27.3
2024-03-28,693.74,4.0629,25.71,72.87,27.43
2024-04-02,695.92,4.0222,25.5,72.94,27.52
2024-04-03,697.6,4.0468,25.63,72.57,27.27
2024-04-04,693.36,4.0391,25.64,72.53,27.48
2024-04-05,699.69,4.0093,25.35,71.43,27.15
2024-04-08,697.38,4.0354,25.53,72.69,27.33
2024-04-09,697.22,4.0021,25.25,72.24,27.35
2024-04-10,697.74,4.0118,25.31,72.13,27.48
2024-04-11,702.07,3.9921,25.15,72.29,27.22
2024-04-12,702.97,3.9817,25.09,73.09,27.38
2024-04-15,699.62,3.9873,25.24,72.58,27.29
2024-04-16,696.02,3.9388,24.91,71.75,26.8
2024-04-17,694.86,3.9277,24.88,71.48,26.9
2024-04-18,692.47,3.9441,24.99,71.21,26.83
2024-04-19,687.73,3.9363,24.9,70.97,26.74
2024-04-22,688.92,3.9637,25.04,70.17,27.04
2024-04-23,691.67,4.0158,25.44,70.81,27.33
2024-04-24,691.1,3.9973,25.41,71.43,27.44
2024-04-25,685.74,3.9665,25.1,71.34,27.33
2024-04-26,690.78,4.026,25.48,70.8,27.51
2024-04-29,688.45,4.02,25.37,71.88,27.74
2024-04-30,683.74,4.0095,25.09,71.55,27.66
2024-05-02,686.56,3.9901,24.94,71.11,27.36
2024-05-03,687.31,4.0135,25.1,71.31,27.51
2024-05-06,689.45,4.0368,25.3,71.54,27.67
2024-05-07,691.62,4.0906,25.6,72.2,27.88
2024-05-10,694.28,4.1135,26.02,72.74,28.4
2024-05-13,692.44,4.124,26.07,73.07,28.3
2024-05-14,693.11,4.1338,26.03,72.79,28.33
2024-05-15,696.37,4.1673,26.14,72.95,28.41
2024-05-16,694.49,4.1606,26.07,73.68,28.47
2024-05-17,695.7,4.1546,25.98,73.53,28.3
2024-05-21,696.82,4.1517,25.96,73.54,28.3
2024-05-22,693.93,4.1421,25.85,73.75,28.24
2024-05-23,694.16,4.1587,25.9,73.86,28.38
2024-05-24,693.19,4.1483,25.88,73.8,28.17
2024-05-27,693.54,4.1573,26.0,74.08,28.3
2024-05-29,693.08,4.0872,25.54,74.0,28.02
2024-05-30,689.88,4.1084,25.66,73.74,27.95
2024-05-31,689.42,4.1178,25.66,73.21,28.03
2024-06-03,690.09,4.1331,25.77,73.24,28.26
2024-06-04,687.52,4.1117,25.51,73.48,27.85
2024-06-05,692.1,4.1665,25.95,73.43,28.04
2024-06-06,696.04,4.1989,26.12,74.35,28.14
2024-06-07,693.18,4.1952,26.03,74.56,27.97
2024-06-10,696.83,4.1729,25.86,74.85,27.84
2024-06-11,696.68,4.1382,25.59,75.74,27.76
2024-06-12,693.94,4.1924,25.94,74.91,27.74
2024-06-13,698.48,4.128,25.43,74.99,27.57
2024-06-14,702.48,4.0633,24.93,75.6,26.9
2024-06-17,700.42,4.0636,25.14,76.07,26.85
2024-06-18,701.75,4.1002,25.3,76.53,27.06
2024-06-19,702.39,4.0769,25.15,76.78,27.16
2024-06-21,706.39,4.0788,25.28,76.8,27.04
2024-06-24,701.99,4.1078,25.5,76.54,27.16
2024-06-25,704.03,4.0949,25.44,75.95,27.05
2024-06-26,704.8,4.0629,25.33,76.58,27.03
2024-06-27,705.0,4.056,25.26,76.83,26.8
2024-06-28,703.91,4.0504,25.22,76.74,26.83
2024-07-01,702.74,4.0699,25.4,76.57,26.92
2024-07-02,702.6,4.0594,25.28,76.56,26.67
2024-07-03,702.39,4.0897,25.59,76.84,26.99
2024-07-04,704.11,4.1085,25.71,76.83,27.2
2024-07-08,706.16,4.1132,25.62,77.27,27.27
2024-07-09,705.84,4.0718,25.28,77.22,26.97
2024-07-10,708.4,4.1069,25.57,77.31,26.97
2024-07-11,708.27,4.128,25.66,77.97,27.12
2024-07-12,706.03,4.1744,26.0,77.12,27.35
2024-07-15,705.63,4.1375,25.68,77.32,27.38
2024-07-16,708.16,4.1302,25.49,77.24,27.12
2024-07-17,700.52,4.0931,25.19,77.84,27.25
2024-07-18,697.14,4.0698,25.06,76.28,27.43
2024-07-19,696.43,4.0425,24.84,75.72,27.13
2024-07-22,695.92,4.075,25.21,75.38,27.37
2024-07-23,699.73,4.0778,25.32,76.05,27.39
2024-07-24,698.07,4.0484,25.03,76.29,27.18
2024-07-25,693.91,4.0114,24.76,74.77,26.62
2024-07-26,694.96,4.0447,25.01,74.02,26.97
2024-07-29,696.44,4.0361,24.78,74.88,27.09
2024-07-30,697.32,4.0634,24.9,75.01,27.0
2024-07-31,703.42,4.0993,25.08,74.96,27.17
2024-08-01,704.46,4.0486,24.53,75.85,26.95
2024-08-02,693.1,3.9408,23.87,75.2,26.23
2024-08-05,685.66,3.859,23.54,72.85,25.2
2024-08-06,689.62,3.8764,23.57,70.7,25.35
2024-08-07,690.55,3.9287,24.05,71.61,25.83
2024-08-08,693.91,3.9344,24.05,71.38,25.65
2024-08-09,697.42,3.9622,24.09,72.84,26.0
2024-08-12,698.21,3.9459,24.07,73.5,25.99
2024-08-13,699.85,3.9681,24.19,73.6,25.9
2024-08-14,698.81,3.9861,24.36,74.57,26.1
2024-08-16,703.78,4.0434,24.94,75.96,26.59
2024-08-19,702.73,4.0632,25.1,76.1,26.66
2024-08-20,702.15,4.0484,25.03,76.18,26.7
2024-08-21,701.42,4.0618,25.17,75.87,26.68
2024-08-22,699.85,4.073,25.17,76.16,26.75
2024-08-23,700.96,4.0879,25.3,75.65,26.87
2024-08-26,699.97,4.0861,25.24,75.94,26.95
2024-08-27,699.33,4.0904,25.25,75.76,27.16
2024-08-28,699.65,4.1001,25.32,75.99,27.18
2024-08-29,699.35,4.1438,25.59,75.99,27.36
2024-08-30,700.71,4.1497,25.55,76.39,27.52
2024-09-02,699.68,4.1511,25.62,77.11,27.33
2024-09-04,690.86,4.0702,24.99,75.7,26.76
2024-09-05,689.45,4.0493,24.82,75.16,26.88
2024-09-06,685.69,4.0112,24.44,74.79,26.61
2024-09-09,688.08,4.0372,24.65,73.56,26.52
2024-09-10,688.36,4.0232,24.49,74.81,26.53
2024-09-11,690.29,4.0208,24.58,74.94,26.43
2024-09-12,695.8,4.0511,24.83,75.9,26.62
2024-09-13,696.56,4.0788,24.98,76.1,26.67
2024-09-16,696.56,4.0648,24.9,76.31,26.71
2024-09-17,695.68,4.0794,25.08,76.14,26.97
2024-09-18,694.69,4.0545,24.94,76.19,26.89
2024-09-19,697.73,4.1081,25.49,76.07,27.34
2024-09-20,696.73,4.0531,25.13,77.13,27.13
2024-09-23,696.91,4.0587,25.21,76.64,26.76
2024-09-24,698.64,4.0847,25.48,77.0,27.12
2024-09-25,698.51,4.0923,25.37,77.1,27.09
2024-09-26,699.62,4.1445,25.96,77.12,27.36
2024-09-27,697.76,4.1638,26.15,77.66,27.61
2024-09-30,695.54,4.1089,25.8,77.15,27.3
2024-10-01,698.07,4.0388,25.56,77.57,27.27
2024-10-02,699.01,4.0349,25.59,77.18,27.06
2024-10-03,698.7,3.997,25.38,77.5,26.93
2024-10-04,699.64,4.0195,25.55,77.41,26.9
2024-10-07,699.9,4.0254,25.63,78.34,27.01
2024-10-08,700.19,4.0179,25.54,77.76,26.88
2024-10-09,700.63,4.0455,25.7,78.48,26.87
2024-10-10,704.61,4.036,25.64,79.18,26.92
2024-10-11,706.7,4.0633,25.82,79.46,26.95
2024-10-14,708.42,4.0819,26.01,79.61,27.0
2024-10-15,704.21,4.0499,25.58,80.31,27.0
2024-10-16,703.67,4.0328,25.39,79.7,26.87
2024-10-17,705.24,4.0652,25.59,80.01,27.17
2024-10-18,706.27,4.0783,25.77,80.54,27.3
2024-10-21,707.09,4.0464,25.53,80.6,27.13
2024-10-22,707.33,4.0329,25.52,80.23,26.84
2024-10-23,705.49,4.0095,25.44,80.38,26.97
2024-10-24,702.77,4.0103,25.5,79.63,27.13
2024-10-25,702.44,4.0143,25.54,79.56,26.88
2024-10-28,699.7,4.0266,25.69,79.49,26.87
2024-10-29,699.95,4.0016,25.59,79.74,27.07
2024-10-30,698.48,3.9603,25.31,79.73,26.51
2024-10-31,695.27,3.9164,24.98,79.04,26.49
2024-11-04,696.83,3.9385,25.1,78.44,26.76
2024-11-05,697.96,3.9453,25.19,78.01,26.6
2024-11-06,707.92,3.9042,24.84,78.97,26.7
2024-11-07,706.76,3.9327,25.11,81.06,26.68
2024-11-08,706.66,3.9224,24.86,81.45,26.49
2024-11-12,706.93,3.8856,24.54,82.81,26.42
2024-11-13,706.4,3.8719,24.53,82.5,25.94
2024-11-14,703.8,3.9153,25.01,82.44,26.26
2024-11-15,702.97,3.8655,24.81,82.32,26.29
2024-11-18,702.41,3.856,24.82,81.36,26.11
2024-11-19,704.01,3.8341,24.62,81.28,25.86
2024-11-20,706.08,3.8338,24.51,81.42,26.01
2024-11-21,707.4,3.8396,24.64,81.83,25.93
2024-11-22,711.68,3.8831,24.83,82.39,26.03
2024-11-25,707.43,3.8812,24.88,83.81,26.18
2024-11-26,708.62,3.8645,24.69,83.21,26.04
2024-11-27,703.59,3.8439,24.54,83.77,25.8
2024-11-28,703.47,3.8635,24.67,82.98,26.02
2024-12-02,706.31,3.9233,25.15,83.82,26.2
2024-12-03,709.05,3.9385,25.32,84.69,26.36
2024-12-04,709.81,3.9606,25.53,84.59,26.39
2024-12-05,706.39,3.9907,25.7,84.97,26.46
2024-12-06,705.28,4.0055,25.83,84.64,26.67
2024-12-09,704.65,4.012,25.87,84.78,26.8
2024-12-10,705.82,4.0038,25.69,84.13,26.71
2024-12-11,709.99,4.0219,25.73,84.4,26.63
2024-12-12,709.45,4.0178,25.76,85.46,26.61
2024-12-13,708.9,3.9928,25.76,85.17,26.49
2024-12-16,709.42,3.9832,25.65,84.97,26.2
2024-12-17,706.73,3.9726,25.63,84.83,26.09
2024-12-18,702.1,3.98,25.7,84.58,26.11
2024-12-19,702.96,3.9204,25.29,82.64,25.76
2024-12-20,701.4,3.8661,25.21,82.97,25.26
2024-12-23,704.79,3.8725,25.16,83.46,25.49
2024-12-30,703.89,3.8944,25.25,83.89,25.8
2024-12-31,703.91,3.9116,25.38,83.41,25.82
2025-01-02,709.26,3.9275,25.52,83.46,25.82
2025-01-03,711.73,3.9003,25.28,84.13,25.87
2025-01-06,714.14,3.9406,25.88,84.96,26.06
2025-01-07,714.87,3.9565,26.0,84.91,26.14
2025-01-08,719.19,3.9523,25.92,84.07,26.03
2025-01-09,720.42,3.9659,26.04,84.95,26.05
2025-01-13,718.11,3.9038,25.71,84.02,25.71
2025-01-14,717.81,3.9105,25.85,84.36,26.04
2025-01-15,721.21,3.9549,26.11,83.8,26.06
2025-01-16,723.49,3.9945,26.5,85.24,26.28
2025-01-17,725.17,4.0178,26.72,85.38,26.52
2025-01-20,723.9,4.0221,26.85,86.09,26.54
2025-01-22,728.59,4.0615,27.06,86.09,26.7
2025-01-23,732.57,4.0713,27.11,86.28,26.62
2025-01-24,730.72,4.0782,27.09,86.81,26.95
2025-01-27,726.16,4.0777,26.92,85.9,26.69
2025-01-28,730.03,4.093,26.97,84.36,26.97
2025-01-29,729.4,4.1031,27.15,85.79,27.0
2025-01-30,732.91,4.1369,27.45,85.51,27.13
2025-01-31,731.24,4.1444,27.43,86.43,27.22
2025-02-03,730.88,4.1023,27.08,86.19,26.67
2025-02-04,730.82,4.1149,27.33,86.37,26.93
2025-02-05,730.78,4.1369,27.37,86.13,27.09
2025-02-06,734.5,4.1788,27.84,86.63,27.42
2025-02-07,733.93,4.1617,27.67,87.19,27.61
2025-02-10,737.05,4.1816,27.8,86.77,27.57
2025-02-11,735.88,4.1905,27.98,87.46,27.44
2025-02-12,730.32,4.1959,28.05,87.52,27.67
2025-02-13,731.21,4.244,28.58,86.91,27.9
2025-02-14,729.29,4.2353,28.57,86.92,28.12
2025-02-17,731.22,4.262,28.7,86.76,28.18
2025-02-19,734.14,4.2275,28.4,87.07,28.12
2025-02-20,732.95,4.2133,28.4,87.29,28.11
2025-02-21,729.69,4.2364,28.42,86.51,28.17
2025-02-24,727.04,4.2438,28.32,85.51,28.32
2025-02-25,726.13,4.2528,28.28,84.69,28.42
2025-02-26,726.69,4.2845,28.69,84.0,28.54
2025-02-27,724.63,4.2568,28.41,84.36,28.43
2025-02-28,727.15,4.2402,28.38,83.55,28.27
2025-03-03,722.58,4.2991,28.77,84.85,28.66
2025-03-04,721.04,4.2027,27.98,83.05,28.17
2025-03-05,722.5,4.2855,28.54,81.75,28.63
2025-03-06,718.33,4.3035,28.69,80.89,28.82
2025-03-07,716.99,4.26,28.42,79.33,28.81
2025-03-10,713.24,4.178,27.99,79.19,28.47
2025-03-11,711.47,4.1187,27.58,77.38,28.28
2025-03-12,714.13,4.1499,27.79,76.08,28.14
2025-03-13,713.93,4.125,27.63,76.67,27.96
2025-03-14,718.47,4.1849,28.02,76.21,28.31
2025-03-17,718.55,4.2221,28.28,77.52,28.52
2025-03-18,716.62,4.2459,28.44,77.75,28.91
2025-03-19,720.03,4.2537,28.55,77.36,28.84
2025-03-20,721.95,4.2247,28.28,78.05,28.61
2025-03-21,721.84,4.1883,28.22,78.11,28.34
2025-03-24,723.59,4.1818,28.13,78.4,28.36
2025-03-25,725.53,4.2066,28.49,79.4,28.62
2025-03-26,722.35,4.1714,28.13,79.58,28.41
