date,Vanguard High-Yield Corporate Bond Fund,American Century Diversified Bond Fund,T. Rowe Price High-Yield Bond Fund,Vanguard Intermediate-Term Bond Fund,American Century Government Bond Fund
2016-04-01,5.59,10.89,6.26,9.9,11.31
2016-04-04,5.6,10.89,6.27,9.91,11.32
2016-04-05,5.59,10.92,6.26,9.94,11.34
2016-04-06,5.6,10.9,6.27,9.92,11.32
2016-04-07,5.59,10.93,6.26,9.95,11.35
2016-04-08,5.6,10.92,6.27,9.94,11.34
2016-04-11,5.61,10.92,6.28,9.94,11.34
2016-04-12,5.62,10.9,6.29,9.92,11.31
2016-04-13,5.64,10.91,6.32,9.93,11.32
2016-04-14,5.65,10.9,6.33,9.92,11.31
2016-04-15,5.65,10.92,6.33,9.94,11.33
2016-04-18,5.65,10.92,6.33,9.94,11.32
2016-04-19,5.67,10.92,6.35,9.94,11.31
2016-04-20,5.69,10.89,6.37,9.92,11.28
2016-04-21,5.69,10.89,6.37,9.92,11.27
2016-04-22,5.68,10.88,6.37,9.92,11.26
2016-04-25,5.67,10.87,6.37,9.91,11.25
2016-04-26,5.68,10.86,6.37,9.9,11.24
2016-04-27,5.69,10.89,6.38,9.94,11.27
2016-04-28,5.71,10.92,6.39,9.96,11.29
2016-04-29,5.71,10.92,6.39,9.96,11.29
2016-05-02,5.71,10.9,6.39,9.94,11.27
2016-05-03,5.69,10.93,6.37,9.97,11.3
2016-05-04,5.67,10.93,6.36,9.98,11.32
2016-05-05,5.67,10.95,6.36,9.99,11.33
2016-05-06,5.65,10.93,6.34,9.97,11.32
2016-05-09,5.65,10.94,6.34,9.98,11.33
2016-05-10,5.66,10.94,6.35,9.98,11.33
2016-05-11,5.67,10.95,6.36,9.99,11.34
2016-05-12,5.67,10.94,6.36,9.97,11.33
2016-05-13,5.67,10.95,6.36,9.99,11.34
2016-05-16,5.67,10.93,6.36,9.96,11.32
2016-05-17,5.68,10.92,6.37,9.96,11.31
2016-05-18,5.67,10.88,6.37,9.9,11.27
2016-05-19,5.65,10.88,6.35,9.91,11.28
2016-05-20,5.66,10.88,6.37,9.91,11.28
2016-05-23,5.66,10.88,6.37,9.91,11.28
2016-05-24,5.67,10.87,6.38,9.9,11.27
2016-05-25,5.68,10.87,6.39,9.9,11.26
2016-05-26,5.69,10.9,6.4,9.93,11.28
2016-05-27,5.68,10.88,6.4,9.91,11.27
2016-05-31,5.68,10.89,6.41,9.92,11.28
2016-06-01,5.67,10.89,6.4,9.92,11.28
2016-06-02,5.67,10.91,6.41,9.94,11.29
2016-06-03,5.68,10.96,6.41,9.99,11.34
2016-06-06,5.69,10.95,6.43,9.98,11.33
2016-06-07,5.7,10.96,6.44,9.99,11.34
2016-06-08,5.72,10.97,6.46,10.0,11.34
2016-06-09,5.72,10.98,6.46,10.01,11.36
2016-06-10,5.71,10.99,6.44,10.02,11.37
2016-06-13,5.69,11.0,6.43,10.03,11.39
2016-06-14,5.66,10.98,6.4,10.01,11.38
2016-06-15,5.67,11.0,6.4,10.04,11.4
2016-06-16,5.65,11.0,6.38,10.03,11.4
2016-06-17,5.66,10.99,6.39,10.02,11.39
2016-06-20,5.69,10.97,6.42,10.0,11.36
2016-06-21,5.69,10.96,6.42,9.99,11.35
2016-06-22,5.7,10.97,6.43,10.0,11.35
2016-06-23,5.72,10.95,6.45,9.99,11.33
2016-06-24,5.66,11.0,6.38,10.03,11.4
2016-06-27,5.63,11.05,6.34,10.07,11.45
2016-06-28,5.64,11.05,6.36,10.08,11.45
2016-06-29,5.68,11.04,6.39,10.06,11.43
2016-06-30,5.7,11.06,6.41,10.08,11.44
2016-07-01,5.72,11.09,6.43,10.1,11.46
2016-07-05,5.72,11.12,6.43,10.14,11.49
2016-07-06,5.72,11.12,6.44,10.13,11.49
2016-07-07,5.74,11.12,6.45,10.13,11.49
2016-07-08,5.77,11.14,6.48,10.15,11.5
2016-07-11,5.8,11.12,6.51,10.12,11.47
2016-07-12,5.82,11.09,6.54,10.1,11.43
2016-07-13,5.81,11.12,6.53,10.12,11.45
2016-07-14,5.82,11.09,6.55,10.1,11.43
2016-07-15,5.82,11.07,6.54,10.08,11.4
2016-07-18,5.82,11.07,6.54,10.08,11.4
2016-07-19,5.82,11.08,6.54,10.1,11.42
2016-07-20,5.82,11.07,6.55,10.09,11.4
2016-07-21,5.82,11.08,6.55,10.1,11.41
2016-07-22,5.82,11.08,6.56,10.1,11.4
2016-07-25,5.82,11.07,6.56,10.09,11.4
2016-07-26,5.81,11.07,6.55,10.09,11.4
2016-07-27,5.8,11.1,6.54,10.12,11.43
2016-07-28,5.8,11.1,6.54,10.12,11.43
2016-07-29,5.79,11.13,6.53,10.14,11.45
2016-08-01,5.78,11.1,6.53,10.12,11.43
2016-08-02,5.77,11.07,6.52,10.1,11.41
2016-08-03,5.77,11.07,6.52,10.1,11.41
2016-08-04,5.79,11.1,6.53,10.12,11.43
2016-08-05,5.81,11.07,6.55,10.08,11.39
2016-08-08,5.82,11.07,6.56,10.09,11.39
2016-08-09,5.84,11.1,6.58,10.11,11.42
2016-08-10,5.84,11.12,6.58,10.13,11.43
2016-08-11,5.84,11.09,6.58,10.1,11.4
2016-08-12,5.84,11.11,6.59,10.13,11.43
2016-08-15,5.85,11.09,6.6,10.11,11.4
2016-08-16,5.86,11.08,6.6,10.1,11.4
2016-08-17,5.86,11.1,6.61,10.12,11.41
2016-08-18,5.86,11.11,6.61,10.13,11.42
2016-08-19,5.86,11.09,6.61,10.11,11.4
2016-08-22,5.86,11.11,6.61,10.13,11.41
2016-08-23,5.86,11.11,6.62,10.13,11.41
2016-08-24,5.86,11.11,6.62,10.13,11.41
2016-08-25,5.86,11.1,6.62,10.12,11.4
2016-08-26,5.86,11.07,6.62,10.09,11.38
2016-08-29,5.86,11.11,6.62,10.12,11.41
2016-08-30,5.87,11.1,6.63,10.12,11.4
2016-08-31,5.86,11.1,6.62,10.11,11.4
2016-09-01,5.86,11.1,6.62,10.12,11.4
2016-09-02,5.87,11.08,6.63,10.1,11.39
2016-09-06,5.87,11.11,6.63,10.14,11.42
2016-09-07,5.87,11.11,6.64,10.13,11.42
2016-09-08,5.87,11.08,6.64,10.1,11.39
2016-09-09,5.85,11.03,6.62,10.07,11.36
2016-09-12,5.84,11.03,6.6,10.07,11.36
2016-09-13,5.82,11.01,6.58,10.04,11.34
2016-09-14,5.81,11.01,6.58,10.05,11.35
2016-09-15,5.81,11.01,6.58,10.05,11.35
2016-09-16,5.81,11.02,6.58,10.06,11.36
2016-09-19,5.81,11.01,6.58,10.05,11.35
2016-09-20,5.82,11.02,6.58,10.06,11.35
2016-09-21,5.82,11.03,6.59,10.07,11.37
2016-09-22,5.85,11.06,6.62,10.09,11.38
2016-09-23,5.85,11.06,6.63,10.09,11.38
2016-09-26,5.85,11.08,6.62,10.11,11.4
2016-09-27,5.84,11.09,6.61,10.11,11.41
2016-09-28,5.85,11.08,6.62,10.11,11.41
2016-09-29,5.86,11.09,6.63,10.12,11.41
2016-09-30,5.87,11.07,6.63,10.1,11.39
2016-10-03,5.87,11.05,6.63,10.08,11.38
2016-10-04,5.88,11.03,6.64,10.06,11.35
2016-10-05,5.89,11.02,6.64,10.05,11.34
2016-10-06,5.9,11.0,6.64,10.04,11.33
2016-10-07,5.9,11.01,6.64,10.05,11.33
2016-10-10,5.9,10.99,6.64,10.03,11.31
2016-10-11,5.9,10.99,6.64,10.03,11.31
2016-10-12,5.89,10.99,6.64,10.03,11.31
2016-10-13,5.89,11.01,6.63,10.05,11.33
2016-10-14,5.89,10.98,6.64,10.03,11.31
2016-10-17,5.89,11.0,6.64,10.05,11.32
2016-10-18,5.9,11.01,6.65,10.06,11.33
2016-10-19,5.92,11.02,6.66,10.06,11.33
2016-10-20,5.92,11.01,6.67,10.06,11.33
2016-10-21,5.92,11.02,6.67,10.06,11.33
2016-10-24,5.92,11.0,6.67,10.05,11.32
2016-10-25,5.92,11.0,6.67,10.05,11.32
2016-10-26,5.91,10.98,6.66,10.03,11.3
2016-10-27,5.89,10.95,6.65,10.01,11.28
2016-10-28,5.88,10.95,6.64,10.01,11.28
2016-10-31,5.86,10.96,6.62,10.02,11.29
2016-11-01,5.84,10.96,6.6,10.01,11.29
2016-11-02,5.82,10.97,6.58,10.03,11.31
2016-11-03,5.81,10.96,6.58,10.02,11.3
2016-11-04,5.81,10.98,6.57,10.04,11.32
2016-11-07,5.83,10.96,6.6,10.02,11.29
2016-11-08,5.83,10.94,6.59,10.0,11.27
2016-11-09,5.82,10.83,6.58,9.9,11.17
2016-11-10,5.79,10.79,6.56,9.87,11.13
2016-11-11,5.79,10.78,6.56,9.85,11.12
2016-11-14,5.74,10.73,6.51,9.81,11.08
2016-11-15,5.76,10.74,6.53,9.81,11.09
2016-11-16,5.76,10.76,6.53,9.82,11.1
2016-11-17,5.77,10.72,6.54,9.79,11.07
2016-11-18,5.76,10.69,6.54,9.76,11.04
2016-11-21,5.76,10.69,6.54,9.76,11.04
2016-11-22,5.78,10.7,6.56,9.77,11.04
2016-11-23,5.78,10.67,6.55,9.74,11.02
2016-11-25,5.78,10.67,6.55,9.74,11.01
2016-11-28,5.78,10.7,6.56,9.76,11.04
2016-11-29,5.78,10.71,6.56,9.77,11.05
2016-11-30,5.78,10.67,6.57,9.74,11.01
2016-12-01,5.78,10.64,6.57,9.71,10.98
2016-12-02,5.77,10.67,6.57,9.74,11.0
2016-12-05,5.78,10.67,6.59,9.74,11.0
2016-12-06,5.8,10.67,6.6,9.74,11.0
2016-12-07,5.82,10.7,6.61,9.77,11.03
2016-12-08,5.82,10.67,6.62,9.75,11.0
2016-12-09,5.83,10.64,6.63,9.72,10.97
2016-12-12,5.84,10.64,6.64,9.72,10.97
2016-12-13,5.84,10.63,6.65,9.72,10.93
2016-12-14,5.84,10.57,6.65,9.67,10.87
2016-12-15,5.82,10.55,6.63,9.64,10.85
2016-12-16,5.81,10.55,6.63,9.65,10.85
2016-12-19,5.82,10.59,6.63,9.68,10.88
2016-12-20,5.81,10.58,6.63,9.67,10.87
2016-12-21,5.82,10.59,6.64,9.68,10.88
2016-12-22,5.82,10.59,6.64,9.68,10.88
2016-12-23,5.82,10.6,6.64,9.59,10.88
2016-12-27,5.82,10.58,6.65,9.58,10.87
2016-12-28,5.82,10.61,6.65,9.6,10.9
2016-12-29,5.83,10.63,6.65,9.62,10.92
2016-12-30,5.83,10.65,6.65,9.64,10.94
2017-01-03,5.84,10.65,6.67,9.64,10.94
2017-01-04,5.86,10.66,6.69,9.65,10.94
2017-01-05,5.87,10.71,6.7,9.69,10.99
2017-01-06,5.87,10.67,6.7,9.66,10.95
2017-01-09,5.87,10.69,6.7,9.68,10.97
2017-01-10,5.88,10.69,6.71,9.68,10.97
2017-01-11,5.87,10.7,6.71,9.68,10.98
2017-01-12,5.87,10.7,6.71,9.69,10.99
2017-01-13,5.88,10.68,6.72,9.67,10.96
2017-01-17,5.87,10.72,6.72,9.71,11.0
2017-01-18,5.87,10.67,6.71,9.66,10.95
2017-01-19,5.86,10.65,6.71,9.64,10.93
2017-01-20,5.86,10.65,6.71,9.64,10.93
2017-01-23,5.85,10.69,6.7,9.68,10.97
2017-01-24,5.85,10.66,6.7,9.66,10.94
2017-01-25,5.86,10.63,6.71,9.63,10.91
2017-01-26,5.87,10.64,6.72,9.64,10.92
2017-01-27,5.87,10.65,6.72,9.65,10.93
2017-01-30,5.86,10.64,6.71,9.65,10.92
2017-01-31,5.86,10.66,6.71,9.66,10.94
2017-02-01,5.86,10.65,6.71,9.65,10.93
2017-02-02,5.87,10.65,6.72,9.66,10.93
2017-02-03,5.88,10.65,6.73,9.66,10.93
2017-02-06,5.88,10.68,6.73,9.69,10.96
2017-02-07,5.89,10.69,6.73,9.7,10.97
2017-02-08,5.88,10.72,6.73,9.72,11.0
2017-02-09,5.88,10.69,6.72,9.69,10.97
2017-02-10,5.88,10.69,6.73,9.69,10.96
2017-02-13,5.89,10.68,6.73,9.68,10.95
2017-02-14,5.89,10.65,6.73,9.65,10.93
2017-02-15,5.89,10.64,6.74,9.64,10.91
2017-02-16,5.89,10.66,6.74,9.67,10.94
2017-02-17,5.89,10.68,6.74,9.68,10.95
2017-02-21,5.9,10.67,6.74,9.68,10.94
2017-02-22,5.91,10.68,6.75,9.69,10.95
2017-02-23,5.91,10.7,6.76,9.71,10.97
2017-02-24,5.91,10.74,6.75,9.74,11.0
2017-02-27,5.92,10.71,6.76,9.72,10.97
2017-02-28,5.92,10.71,6.76,9.72,10.97
2017-03-01,5.94,10.66,6.77,9.67,10.92
2017-03-02,5.93,10.65,6.77,9.66,10.9
2017-03-03,5.93,10.65,6.77,9.66,10.91
2017-03-06,5.91,10.65,6.76,9.66,10.9
2017-03-07,5.89,10.63,6.74,9.65,10.89
2017-03-08,5.87,10.6,6.72,9.62,10.87
2017-03-09,5.84,10.57,6.69,9.6,10.84
2017-03-10,5.84,10.58,6.69,9.61,10.85
2017-03-13,5.82,10.56,6.68,9.59,10.83
2017-03-14,5.8,10.56,6.65,9.59,10.84
2017-03-15,5.82,10.62,6.68,9.64,10.9
2017-03-16,5.85,10.61,6.7,9.64,10.88
2017-03-17,5.85,10.63,6.7,9.65,10.9
2017-03-20,5.85,10.64,6.69,9.67,10.91
2017-03-21,5.83,10.67,6.68,9.69,10.94
2017-03-22,5.82,10.68,6.66,9.69,10.95
2017-03-23,5.82,10.67,6.67,9.69,10.94
2017-03-24,5.83,10.68,6.68,9.69,10.95
2017-03-27,5.83,10.69,6.67,9.7,10.96
2017-03-28,5.84,10.67,6.68,9.69,10.94
2017-03-29,5.86,10.69,6.7,9.71,10.96
2017-03-30,5.88,10.67,6.72,9.69,10.94
2017-03-31,5.88,10.68,6.72,9.7,10.95
2017-04-03,5.88,10.72,6.72,9.73,10.98
2017-04-04,5.88,10.7,6.72,9.72,10.97
2017-04-05,5.89,10.72,6.73,9.74,10.99
2017-04-06,5.89,10.72,6.73,9.73,10.98
2017-04-07,5.89,10.69,6.73,9.71,10.96
2017-04-10,5.89,10.7,6.74,9.72,10.97
2017-04-11,5.89,10.74,6.73,9.75,11.0
2017-04-12,5.89,10.76,6.73,9.77,11.02
2017-04-13,5.89,10.77,6.73,9.78,11.03
2017-04-17,5.88,10.76,6.73,9.78,11.02
2017-04-18,5.88,10.8,6.72,9.81,11.06
2017-04-19,5.89,10.78,6.73,9.79,11.04
2017-04-20,5.89,10.77,6.73,9.78,11.02
2017-04-21,5.89,10.77,6.73,9.78,11.03
2017-04-24,5.9,10.75,6.74,9.77,11.01
2017-04-25,5.91,10.72,6.75,9.74,10.97
2017-04-26,5.92,10.74,6.76,9.76,10.99
2017-04-27,5.92,10.74,6.76,9.76,11.0
2017-04-28,5.93,10.75,6.77,9.77,11.0
2017-05-01,5.93,10.73,6.77,9.76,10.98
2017-05-02,5.93,10.75,6.77,9.77,11.0
2017-05-03,5.93,10.74,6.77,9.75,10.99
2017-05-04,5.92,10.72,6.75,9.74,10.97
2017-05-05,5.91,10.73,6.75,9.74,10.97
2017-05-08,5.91,10.71,6.75,9.73,10.96
2017-05-09,5.92,10.7,6.75,9.72,10.95
2017-05-10,5.92,10.7,6.76,9.72,10.95
2017-05-11,5.93,10.71,6.76,9.73,10.95
2017-05-12,5.93,10.74,6.77,9.76,10.98
2017-05-15,5.93,10.74,6.77,9.76,10.98
2017-05-16,5.94,10.75,6.78,9.77,10.99
2017-05-17,5.93,10.8,6.77,9.82,11.04
2017-05-18,5.93,10.79,6.76,9.81,11.03
2017-05-19,5.94,10.79,6.77,9.81,11.03
2017-05-22,5.94,10.79,6.77,9.8,11.02
2017-05-23,5.95,10.76,6.78,9.78,11.0
2017-05-24,5.95,10.78,6.78,9.8,11.02
2017-05-25,5.95,10.78,6.78,9.8,11.02
2017-05-26,5.95,10.78,6.78,9.8,11.02
2017-05-30,5.96,10.8,6.79,9.81,11.04
2017-05-31,5.96,10.8,6.79,9.82,11.04
2017-06-01,5.97,10.8,6.8,9.81,11.04
2017-06-02,5.97,10.84,6.81,9.84,11.06
2017-06-05,5.97,10.82,6.8,9.83,11.05
2017-06-06,5.97,10.84,6.8,9.85,11.07
2017-06-07,5.97,10.82,6.79,9.84,11.05
2017-06-08,5.96,10.81,6.79,9.83,11.04
2017-06-09,5.96,10.8,6.79,9.82,11.03
2017-06-12,5.96,10.8,6.79,9.82,11.03
2017-06-13,5.97,10.8,6.79,9.82,11.02
2017-06-14,5.97,10.84,6.79,9.85,11.06
2017-06-15,5.97,10.83,6.79,9.83,11.04
2017-06-16,5.96,10.83,6.78,9.84,11.05
2017-06-19,5.97,10.82,6.78,9.82,11.03
2017-06-20,5.96,10.84,6.77,9.83,11.05
2017-06-21,5.94,10.84,6.75,9.83,11.05
2017-06-22,5.94,10.84,6.75,9.84,11.06
2017-06-23,5.94,10.85,6.75,9.84,11.06
2017-06-26,5.95,10.86,6.76,9.84,11.07
2017-06-27,5.95,10.83,6.76,9.82,11.04
2017-06-28,5.95,10.82,6.76,9.81,11.03
2017-06-29,5.95,10.8,6.76,9.8,11.01
2017-06-30,5.95,10.79,6.76,9.78,10.99
2017-07-03,5.95,10.77,6.76,9.76,10.97
2017-07-05,5.95,10.77,6.76,9.76,10.98
2017-07-06,5.94,10.76,6.75,9.75,10.96
2017-07-07,5.93,10.75,6.74,9.75,10.95
2017-07-10,5.93,10.76,6.74,9.76,10.96
2017-07-11,5.93,10.77,6.74,9.77,10.97
2017-07-12,5.94,10.79,6.76,9.79,10.99
2017-07-13,5.95,10.78,6.76,9.78,10.98
2017-07-14,5.96,10.79,6.77,9.8,10.99
2017-07-17,5.97,10.8,6.78,9.81,11.0
2017-07-18,5.97,10.83,6.78,9.83,11.02
2017-07-19,5.98,10.83,6.79,9.83,11.02
2017-07-20,5.99,10.83,6.8,9.83,11.01
2017-07-21,5.99,10.84,6.8,9.84,11.03
2017-07-24,5.99,10.83,6.8,9.84,11.02
2017-07-25,5.99,10.79,6.81,9.81,10.98
2017-07-26,5.99,10.82,6.81,9.83,11.0
2017-07-27,5.99,10.81,6.81,9.82,10.99
2017-07-28,5.99,10.82,6.81,9.83,11.01
2017-07-31,5.99,10.82,6.81,9.84,11.01
2017-08-01,5.99,10.84,6.82,9.85,11.02
2017-08-02,5.99,10.84,6.82,9.84,11.02
2017-08-03,5.99,10.86,6.82,9.86,11.04
2017-08-04,5.99,10.83,6.82,9.84,11.02
2017-08-07,5.98,10.84,6.81,9.84,11.03
2017-08-08,5.98,10.83,6.81,9.84,11.02
2017-08-09,5.96,10.83,6.78,9.84,11.03
2017-08-10,5.94,10.85,6.77,9.85,11.05
2017-08-11,5.94,10.85,6.76,9.85,11.06
2017-08-14,5.95,10.83,6.77,9.84,11.04
2017-08-15,5.94,10.82,6.77,9.83,11.02
2017-08-16,5.95,10.84,6.77,9.85,11.04
2017-08-17,5.94,10.86,6.76,9.86,11.06
2017-08-18,5.93,10.85,6.75,9.86,11.05
2017-08-21,5.93,10.86,6.75,9.86,11.06
2017-08-22,5.94,10.84,6.76,9.85,11.04
2017-08-23,5.94,10.86,6.76,9.87,11.06
2017-08-24,5.94,10.85,6.76,9.86,11.05
2017-08-25,5.95,10.86,6.76,9.87,11.06
2017-08-28,5.95,10.87,6.77,9.87,11.07
2017-08-29,5.95,10.88,6.76,9.89,11.08
2017-08-30,5.95,10.87,6.77,9.88,11.07
2017-08-31,5.97,10.89,6.78,9.89,11.08
2017-09-01,5.97,10.87,6.78,9.87,11.06
2017-09-05,5.97,10.92,6.79,9.92,11.11
2017-09-06,5.97,10.89,6.79,9.9,11.09
2017-09-07,5.97,10.92,6.79,9.92,11.12
2017-09-08,5.97,10.92,6.79,9.92,11.11
2017-09-11,5.97,10.88,6.79,9.89,11.08
2017-09-12,5.97,10.86,6.79,9.87,11.06
2017-09-13,5.97,10.85,6.79,9.86,11.05
2017-09-14,5.97,10.86,6.79,9.86,11.05
2017-09-15,5.97,10.86,6.79,9.86,11.05
2017-09-18,5.98,10.85,6.79,9.85,11.03
2017-09-19,5.98,10.84,6.79,9.84,11.03
2017-09-20,5.98,10.83,6.8,9.83,11.02
2017-09-21,5.98,10.82,6.79,9.82,11.01
2017-09-22,5.98,10.84,6.79,9.83,11.02
2017-09-25,5.98,10.86,6.8,9.85,11.04
2017-09-26,5.99,10.85,6.8,9.85,11.04
2017-09-27,5.98,10.81,6.79,9.82,11.0
2017-09-28,5.98,10.82,6.8,9.83,11.0
2017-09-29,5.99,10.81,6.8,9.82,10.99
2017-10-02,5.98,10.81,6.8,9.82,10.99
2017-10-03,5.99,10.82,6.8,9.83,11.0
2017-10-04,5.99,10.82,6.8,9.83,11.0
2017-10-05,5.99,10.81,6.81,9.82,10.99
2017-10-06,5.99,10.8,6.8,9.81,10.98
2017-10-09,5.99,10.8,6.8,9.82,10.98
2017-10-10,5.99,10.81,6.8,9.82,10.98
2017-10-11,5.99,10.81,6.8,9.83,10.99
2017-10-12,5.98,10.82,6.8,9.83,11.0
2017-10-13,5.98,10.84,6.8,9.85,11.02
2017-10-16,5.98,10.83,6.8,9.84,11.0
2017-10-17,5.98,10.82,6.81,9.83,11.0
2017-10-18,5.99,10.81,6.81,9.82,10.98
2017-10-19,5.99,10.82,6.81,9.83,10.99
2017-10-20,5.99,10.79,6.81,9.81,10.96
2017-10-23,5.99,10.8,6.81,9.82,10.97
2017-10-24,5.99,10.78,6.82,9.8,10.95
2017-10-25,5.98,10.76,6.8,9.79,10.94
2017-10-26,5.98,10.75,6.8,9.78,10.93
2017-10-27,5.97,10.77,6.8,9.8,10.95
2017-10-30,5.97,10.8,6.8,9.82,10.97
2017-10-31,5.97,10.79,6.81,9.82,10.97
2017-11-01,5.97,10.79,6.81,9.82,10.97
2017-11-02,5.97,10.8,6.81,9.82,10.98
2017-11-03,5.97,10.8,6.81,9.83,10.99
2017-11-06,5.96,10.81,6.81,9.83,11.0
2017-11-07,5.95,10.81,6.8,9.83,11.0
2017-11-08,5.93,10.8,6.78,9.82,10.99
2017-11-09,5.91,10.79,6.76,9.81,10.98
2017-11-10,5.91,10.75,6.75,9.78,10.95
2017-11-13,5.9,10.75,6.74,9.77,10.95
2017-11-14,5.89,10.76,6.73,9.78,10.96
2017-11-15,5.87,10.78,6.71,9.79,10.98
2017-11-16,5.9,10.76,6.74,9.78,10.96
2017-11-17,5.9,10.78,6.74,9.79,10.97
2017-11-20,5.91,10.76,6.75,9.78,10.96
2017-11-21,5.91,10.77,6.75,9.78,10.96
2017-11-22,5.92,10.8,6.76,9.8,10.98
2017-11-24,5.92,10.78,6.76,9.8,10.97
2017-11-27,5.93,10.79,6.76,9.8,10.97
2017-11-28,5.92,10.79,6.75,9.8,10.97
2017-11-29,5.93,10.76,6.76,9.78,10.95
2017-11-30,5.93,10.74,6.76,9.76,10.93
2017-12-01,5.93,10.77,6.76,9.78,10.96
2017-12-04,5.93,10.77,6.76,9.78,10.95
2017-12-05,5.93,10.78,6.75,9.78,10.96
2017-12-06,5.93,10.79,6.75,9.79,10.97
2017-12-07,5.92,10.78,6.75,9.78,10.96
2017-12-08,5.92,10.77,6.75,9.78,10.96
2017-12-11,5.92,10.76,6.75,9.77,10.95
2017-12-12,5.93,10.76,6.75,9.76,10.94
2017-12-13,5.92,10.79,6.76,9.77,10.97
2017-12-14,5.92,10.79,6.75,9.77,10.97
2017-12-15,5.92,10.79,6.75,9.77,10.97
2017-12-18,5.92,10.77,6.75,9.75,10.95
2017-12-19,5.91,10.73,6.75,9.73,10.92
2017-12-20,5.91,10.71,6.74,9.71,10.9
2017-12-21,5.91,10.72,6.75,9.71,10.9
2017-12-22,5.91,10.72,6.75,9.71,10.91
2017-12-26,5.91,10.73,6.75,9.72,10.91
2017-12-27,5.91,10.77,6.75,9.74,10.94
2017-12-28,5.91,10.76,6.75,9.74,10.93
2017-12-29,5.92,10.78,6.76,9.75,10.94
2018-01-02,5.92,10.75,6.76,9.73,10.92
2018-01-03,5.93,10.76,6.78,9.73,10.93
2018-01-04,5.94,10.76,6.79,9.72,10.92
2018-01-05,5.95,10.75,6.8,9.72,10.91
2018-01-08,5.95,10.75,6.8,9.72,10.91
2018-01-09,5.95,10.71,6.8,9.69,10.88
2018-01-10,5.93,10.71,6.78,9.69,10.88
2018-01-11,5.94,10.73,6.79,9.7,10.88
2018-01-12,5.94,10.73,6.79,9.69,10.88
2018-01-16,5.94,10.73,6.79,9.69,10.88
2018-01-17,5.94,10.71,6.78,9.67,10.87
2018-01-18,5.93,10.69,6.78,9.65,10.84
2018-01-19,5.93,10.67,6.77,9.64,10.83
2018-01-22,5.93,10.66,6.77,9.63,10.82
2018-01-23,5.93,10.68,6.78,9.65,10.84
2018-01-24,5.94,10.68,6.79,9.64,10.83
2018-01-25,5.94,10.71,6.79,9.66,10.85
2018-01-26,5.93,10.69,6.79,9.64,10.83
2018-01-29,5.92,10.67,6.78,9.62,10.81
2018-01-30,5.91,10.65,6.76,9.61,10.79
2018-01-31,5.91,10.66,6.76,9.61,10.8
2018-02-01,5.9,10.62,6.76,9.59,10.76
2018-02-02,5.88,10.59,6.73,9.57,10.74
2018-02-05,5.86,10.63,6.71,9.61,10.78
2018-02-06,5.85,10.59,6.7,9.58,10.75
2018-02-07,5.86,10.57,6.71,9.56,10.73
2018-02-08,5.83,10.57,6.68,9.57,10.73
2018-02-09,5.79,10.54,6.64,9.54,10.72
2018-02-12,5.81,10.54,6.66,9.54,10.72
2018-02-13,5.8,10.54,6.64,9.53,10.73
2018-02-14,5.79,10.5,6.64,9.49,10.69
2018-02-15,5.82,10.51,6.66,9.5,10.69
2018-02-16,5.83,10.53,6.68,9.51,10.71
2018-02-20,5.83,10.52,6.68,9.51,10.7
2018-02-21,5.83,10.48,6.67,9.48,10.67
2018-02-22,5.82,10.49,6.66,9.49,10.68
2018-02-23,5.81,10.52,6.66,9.51,10.7
2018-02-26,5.83,10.52,6.67,9.52,10.71
2018-02-27,5.82,10.5,6.67,9.5,10.69
2018-02-28,5.82,10.52,6.66,9.5,10.71
2018-03-01,5.81,10.54,6.65,9.52,10.73
2018-03-02,5.79,10.5,6.64,9.5,10.7
2018-03-05,5.8,10.49,6.64,9.48,10.69
2018-03-06,5.8,10.5,6.65,9.49,10.69
2018-03-07,5.8,10.5,6.64,9.49,10.69
2018-03-08,5.8,10.51,6.65,9.49,10.7
2018-03-09,5.8,10.49,6.65,9.48,10.69
2018-03-12,5.8,10.5,6.65,9.48,10.7
2018-03-13,5.8,10.51,6.64,9.49,10.71
2018-03-14,5.79,10.52,6.63,9.49,10.72
2018-03-15,5.78,10.51,6.63,9.49,10.72
2018-03-16,5.78,10.5,6.63,9.47,10.71
2018-03-19,5.77,10.49,6.61,9.47,10.7
2018-03-20,5.77,10.48,6.61,9.45,10.69
2018-03-21,5.77,10.48,6.61,9.45,10.69
2018-03-22,5.76,10.5,6.6,9.46,10.72
2018-03-23,5.75,10.5,6.59,9.47,10.72
2018-03-26,5.75,10.49,6.59,9.45,10.71
2018-03-27,5.76,10.52,6.59,9.48,10.74
2018-03-28,5.76,10.53,6.58,9.48,10.74
2018-03-29,5.76,10.54,6.59,9.5,10.75
2018-04-02,5.75,10.54,6.58,9.5,10.75
2018-04-03,5.75,10.52,6.58,9.48,10.73
2018-04-04,5.75,10.52,6.58,9.48,10.73
2018-04-05,5.77,10.51,6.6,9.47,10.71
2018-04-06,5.77,10.54,6.6,9.5,10.74
2018-04-09,5.77,10.55,6.61,9.5,10.74
2018-04-10,5.79,10.54,6.62,9.49,10.73
2018-04-11,5.8,10.55,6.63,9.5,10.74
2018-04-12,5.81,10.52,6.63,9.48,10.71
2018-04-13,5.81,10.53,6.65,9.48,10.72
2018-04-16,5.82,10.53,6.65,9.47,10.71
2018-04-17,5.83,10.53,6.66,9.48,10.72
2018-04-18,5.83,10.51,6.66,9.45,10.69
2018-04-19,5.8,10.48,6.64,9.43,10.67
2018-04-20,5.79,10.45,6.63,9.41,10.65
2018-04-23,5.78,10.45,6.62,9.4,10.64
2018-04-24,5.77,10.43,6.61,9.39,10.63
2018-04-25,5.75,10.41,6.59,9.37,10.62
2018-04-26,5.76,10.43,6.6,9.39,10.64
2018-04-27,5.77,10.44,6.6,9.4,10.65
2018-04-30,5.76,10.44,6.59,9.4,10.66
2018-05-01,5.75,10.43,6.58,9.39,10.64
2018-05-02,5.75,10.42,6.58,9.39,10.64
2018-05-03,5.74,10.43,6.57,9.39,10.66
2018-05-04,5.74,10.43,6.57,9.39,10.66
2018-05-07,5.75,10.42,6.58,9.39,10.66
2018-05-08,5.74,10.41,6.57,9.38,10.65
2018-05-09,5.74,10.39,6.57,9.37,10.63
2018-05-10,5.74,10.42,6.57,9.38,10.65
2018-05-11,5.75,10.43,6.57,9.38,10.65
2018-05-14,5.75,10.42,6.57,9.38,10.64
2018-05-15,5.74,10.37,6.56,9.34,10.6
2018-05-16,5.74,10.35,6.56,9.33,10.59
2018-05-17,5.73,10.34,6.56,9.32,10.58
2018-05-18,5.73,10.36,6.55,9.34,10.6
2018-05-21,5.73,10.36,6.55,9.34,10.61
2018-05-22,5.73,10.36,6.56,9.34,10.6
2018-05-23,5.72,10.38,6.55,9.37,10.63
2018-05-24,5.72,10.4,6.54,9.38,10.65
2018-05-25,5.72,10.42,6.54,9.41,10.67
2018-05-29,5.7,10.47,6.52,9.46,10.74
2018-05-30,5.71,10.44,6.52,9.43,10.71
2018-05-31,5.71,10.44,6.53,9.43,10.71
2018-06-01,5.72,10.42,6.52,9.4,10.68
2018-06-04,5.72,10.4,6.53,9.39,10.66
2018-06-05,5.73,10.4,6.53,9.4,10.67
2018-06-06,5.73,10.38,6.54,9.37,10.65
2018-06-07,5.74,10.41,6.54,9.39,10.67
2018-06-08,5.73,10.39,6.54,9.38,10.66
2018-06-11,5.74,10.38,6.54,9.38,10.65
2018-06-12,5.74,10.38,6.55,9.37,10.65
2018-06-13,5.75,10.37,6.55,9.36,10.64
2018-06-14,5.75,10.39,6.55,9.37,10.66
2018-06-15,5.75,10.39,6.55,9.38,10.66
2018-06-18,5.75,10.38,6.54,9.38,10.66
2018-06-19,5.74,10.39,6.53,9.38,10.68
2018-06-20,5.75,10.37,6.54,9.37,10.66
2018-06-21,5.74,10.38,6.53,9.37,10.67
2018-06-22,5.74,10.38,6.54,9.37,10.67
2018-06-25,5.73,10.38,6.53,9.38,10.68
2018-06-26,5.72,10.39,6.52,9.38,10.68
2018-06-27,5.72,10.41,6.51,9.4,10.7
2018-06-28,5.7,10.4,6.5,9.39,10.7
2018-06-29,5.7,10.4,6.5,9.39,10.69
2018-07-02,5.68,10.39,6.48,9.38,10.69
2018-07-03,5.69,10.41,6.49,9.4,10.7
2018-07-05,5.69,10.42,6.49,9.4,10.7
2018-07-06,5.69,10.43,6.49,9.41,10.71
2018-07-09,5.71,10.42,6.51,9.4,10.7
2018-07-10,5.72,10.42,6.52,9.4,10.69
2018-07-11,5.71,10.43,6.51,9.41,10.7
2018-07-12,5.72,10.43,6.52,9.41,10.7
2018-07-13,5.72,10.44,6.53,9.42,10.71
2018-07-16,5.72,10.43,6.52,9.42,10.7
2018-07-17,5.72,10.42,6.52,9.41,10.69
2018-07-18,5.72,10.41,6.52,9.41,10.69
2018-07-19,5.72,10.43,6.52,9.42,10.7
2018-07-20,5.72,10.41,6.52,9.41,10.68
2018-07-23,5.72,10.37,6.52,9.38,10.64
2018-07-24,5.73,10.38,6.52,9.39,10.65
2018-07-25,5.73,10.39,6.52,9.39,10.64
2018-07-26,5.73,10.38,6.53,9.38,10.64
2018-07-27,5.73,10.39,6.53,9.39,10.64
2018-07-30,5.74,10.39,6.53,9.39,10.64
2018-07-31,5.74,10.4,6.53,9.4,10.65
2018-08-01,5.74,10.38,6.53,9.38,10.63
2018-08-02,5.74,10.39,6.53,9.39,10.63
2018-08-03,5.75,10.4,6.54,9.41,10.65
2018-08-06,5.76,10.4,6.54,9.41,10.65
2018-08-07,5.76,10.39,6.55,9.4,10.64
2018-08-08,5.77,10.39,6.55,9.4,10.64
2018-08-09,5.77,10.4,6.55,9.41,10.66
2018-08-10,5.76,10.42,6.53,9.43,10.68
2018-08-13,5.75,10.4,6.53,9.43,10.68
2018-08-14,5.75,10.4,6.53,9.42,10.67
2018-08-15,5.74,10.41,6.52,9.44,10.69
2018-08-16,5.75,10.41,6.53,9.43,10.68
2018-08-17,5.75,10.41,6.53,9.44,10.68
2018-08-20,5.76,10.43,6.53,9.46,10.7
2018-08-21,5.76,10.43,6.53,9.45,10.69
2018-08-22,5.77,10.44,6.53,9.46,10.7
2018-08-23,5.77,10.44,6.53,9.45,10.7
2018-08-24,5.77,10.44,6.54,9.46,10.71
2018-08-27,5.77,10.43,6.54,9.44,10.69
2018-08-28,5.78,10.41,6.54,9.43,10.68
2018-08-29,5.77,10.41,6.54,9.43,10.67
2018-08-30,5.77,10.41,6.53,9.43,10.68
2018-08-31,5.77,10.41,6.53,9.44,10.68
2018-09-04,5.76,10.38,6.52,9.42,10.66
2018-09-05,5.76,10.38,6.52,9.42,10.66
2018-09-06,5.76,10.39,6.51,9.43,10.67
2018-09-07,5.76,10.36,6.51,9.41,10.64
2018-09-10,5.76,10.37,6.51,9.4,10.64
2018-09-11,5.76,10.35,6.51,9.39,10.62
2018-09-12,5.77,10.36,6.52,9.39,10.63
2018-09-13,5.78,10.37,6.53,9.39,10.63
2018-09-14,5.78,10.35,6.53,9.39,10.61
2018-09-17,5.78,10.36,6.53,9.39,10.61
2018-09-18,5.78,10.33,6.53,9.37,10.58
2018-09-19,5.78,10.32,6.53,9.36,10.57
2018-09-20,5.77,10.33,6.53,9.36,10.58
2018-09-21,5.77,10.33,6.53,9.36,10.58
2018-09-24,5.77,10.32,6.53,9.36,10.57
2018-09-25,5.77,10.32,6.53,9.35,10.56
2018-09-26,5.77,10.34,6.53,9.37,10.58
2018-09-27,5.77,10.35,6.53,9.37,10.59
2018-09-28,5.77,10.35,6.53,9.37,10.58
2018-10-01,5.78,10.33,6.55,9.36,10.57
2018-10-02,5.78,10.34,6.55,9.37,10.58
2018-10-03,5.78,10.29,6.55,9.33,10.53
2018-10-04,5.75,10.27,6.52,9.31,10.51
2018-10-05,5.74,10.24,6.51,9.3,10.49
2018-10-08,5.74,10.24,6.51,9.3,10.48
2018-10-09,5.72,10.25,6.49,9.3,10.5
2018-10-10,5.7,10.25,6.47,9.3,10.5
2018-10-11,5.7,10.27,6.46,9.32,10.53
2018-10-12,5.71,10.26,6.48,9.31,10.52
2018-10-15,5.71,10.26,6.47,9.31,10.52
2018-10-16,5.72,10.26,6.48,9.31,10.52
2018-10-17,5.71,10.24,6.48,9.3,10.5
2018-10-18,5.7,10.23,6.47,9.3,10.5
2018-10-19,5.7,10.22,6.47,9.29,10.49
2018-10-22,5.69,10.21,6.46,9.29,10.49
2018-10-23,5.67,10.22,6.44,9.29,10.5
2018-10-24,5.67,10.24,6.44,9.32,10.53
2018-10-25,5.67,10.23,6.43,9.31,10.52
2018-10-26,5.64,10.24,6.41,9.33,10.54
2018-10-29,5.65,10.23,6.41,9.33,10.54
2018-10-30,5.64,10.21,6.4,9.31,10.52
2018-10-31,5.65,10.19,6.41,9.29,10.5
2018-11-01,5.66,10.2,6.42,9.29,10.51
2018-11-02,5.67,10.16,6.42,9.27,10.46
2018-11-05,5.67,10.17,6.42,9.27,10.47
2018-11-06,5.67,10.16,6.43,9.27,10.46
2018-11-07,5.68,10.17,6.44,9.27,10.46
2018-11-08,5.69,10.16,6.44,9.26,10.45
2018-11-09,5.67,10.18,6.42,9.27,10.47
2018-11-12,5.66,10.19,6.42,9.29,10.49
2018-11-13,5.64,10.19,6.39,9.28,10.5
2018-11-14,5.62,10.2,6.37,9.29,10.51
2018-11-15,5.6,10.18,6.35,9.28,10.51
2018-11-16,5.59,10.2,6.34,9.29,10.54
2018-11-19,5.57,10.21,6.32,9.29,10.55
2018-11-20,5.56,10.19,6.29,9.28,10.54
2018-11-21,5.57,10.19,6.31,9.28,10.54
2018-11-23,5.57,10.2,6.3,9.28,10.54
2018-11-26,5.57,10.19,6.3,9.28,10.53
2018-11-27,5.56,10.19,6.29,9.27,10.54
2018-11-28,5.57,10.19,6.3,9.27,10.54
2018-11-29,5.58,10.19,6.31,9.28,10.55
2018-11-30,5.58,10.2,6.31,9.28,10.56
2018-12-03,5.6,10.22,6.33,9.29,10.57
2018-12-04,5.59,10.25,6.32,9.3,10.6
2018-12-06,5.55,10.25,6.28,9.31,10.62
2018-12-07,5.57,10.27,6.29,9.33,10.64
2018-12-10,5.55,10.27,6.27,9.32,10.65
2018-12-11,5.56,10.26,6.28,9.31,10.64
2018-12-12,5.57,10.26,6.29,9.31,10.62
2018-12-13,5.58,10.26,6.3,9.31,10.62
2018-12-14,5.57,10.27,6.29,9.32,10.63
2018-12-17,5.55,10.28,6.27,9.34,10.65
2018-12-18,5.53,10.3,6.25,9.35,10.67
2018-12-19,5.52,10.33,6.24,9.37,10.7
2018-12-20,5.45,10.3,6.17,9.35,10.68
2018-12-21,5.44,10.3,6.15,9.35,10.68
2018-12-24,5.42,10.33,6.14,9.36,10.71
2018-12-26,5.41,10.28,6.13,9.34,10.67
2018-12-27,5.41,10.29,6.13,9.34,10.69
2018-12-28,5.43,10.33,6.15,9.37,10.71
2018-12-31,5.43,10.34,6.16,9.39,10.73
2019-01-02,5.44,10.35,6.16,9.4,10.75
2019-01-03,5.44,10.4,6.16,9.45,10.8
2019-01-04,5.5,10.36,6.22,9.4,10.75
2019-01-07,5.54,10.35,6.26,9.39,10.73
2019-01-08,5.57,10.34,6.3,9.38,10.72
2019-01-09,5.6,10.35,6.33,9.39,10.72
2019-01-10,5.6,10.34,6.32,9.39,10.71
2019-01-11,5.61,10.36,6.33,9.41,10.73
2019-01-14,5.6,10.35,6.31,9.41,10.72
2019-01-15,5.6,10.35,6.32,9.41,10.72
2019-01-16,5.62,10.35,6.34,9.41,10.71
2019-01-17,5.62,10.35,6.34,9.4,10.7
2019-01-18,5.64,10.34,6.36,9.4,10.68
2019-01-22,5.63,10.36,6.34,9.42,10.7
2019-01-23,5.63,10.36,6.34,9.42,10.7
2019-01-24,5.62,10.38,6.33,9.44,10.72
2019-01-25,5.64,10.37,6.34,9.44,10.7
2019-01-28,5.63,10.37,6.34,9.44,10.7
2019-01-29,5.63,10.39,6.34,9.46,10.72
2019-01-30,5.64,10.41,6.35,9.48,10.74
2019-01-31,5.67,10.45,6.38,9.52,10.77
2019-02-01,5.68,10.42,6.39,9.5,10.73
2019-02-04,5.68,10.41,6.39,9.48,10.72
2019-02-05,5.7,10.43,6.41,9.5,10.74
2019-02-06,5.7,10.43,6.41,9.51,10.74
2019-02-07,5.68,10.45,6.4,9.52,10.76
2019-02-08,5.67,10.46,6.39,9.53,10.77
2019-02-11,5.67,10.44,6.4,9.52,10.75
2019-02-12,5.69,10.44,6.41,9.51,10.75
2019-02-13,5.69,10.42,6.41,9.5,10.73
2019-02-14,5.69,10.44,6.41,9.52,10.75
2019-02-15,5.7,10.44,6.42,9.52,10.75
2019-02-19,5.71,10.46,6.42,9.53,10.76
2019-02-20,5.71,10.45,6.43,9.53,10.76
2019-02-21,5.71,10.43,6.43,9.52,10.74
2019-02-22,5.72,10.45,6.44,9.53,10.76
2019-02-25,5.73,10.45,6.45,9.53,10.75
2019-02-26,5.73,10.46,6.45,9.55,10.76
2019-02-27,5.73,10.44,6.46,9.53,10.74
2019-02-28,5.73,10.43,6.46,9.52,10.72
2019-03-01,5.74,10.4,6.46,9.5,10.7
2019-03-04,5.74,10.42,6.46,9.52,10.71
2019-03-05,5.73,10.43,6.46,9.52,10.72
2019-03-06,5.73,10.44,6.45,9.53,10.73
2019-03-07,5.72,10.46,6.44,9.55,10.75
2019-03-08,5.7,10.47,6.43,9.56,10.77
2019-03-11,5.71,10.47,6.43,9.55,10.76
2019-03-12,5.72,10.49,6.44,9.57,10.78
2019-03-13,5.73,10.49,6.45,9.57,10.78
2019-03-14,5.74,10.48,6.46,9.57,10.76
2019-03-15,5.74,10.5,6.46,9.59,10.78
2019-03-18,5.75,10.5,6.47,9.58,10.78
2019-03-19,5.75,10.49,6.47,9.58,10.77
2019-03-20,5.75,10.53,6.47,9.62,10.81
2019-03-21,5.76,10.54,6.48,9.62,10.82
2019-03-22,5.75,10.59,6.47,9.66,10.87
2019-03-25,5.74,10.6,6.46,9.68,10.88
2019-03-26,5.75,10.61,6.46,9.69,10.88
2019-03-27,5.76,10.63,6.46,9.7,10.9
2019-03-28,5.76,10.63,6.47,9.7,10.9
2019-03-29,5.76,10.62,6.48,9.68,10.89
2019-04-01,5.77,10.57,6.49,9.65,10.84
2019-04-02,5.78,10.58,6.49,9.66,10.85
2019-04-03,5.79,10.57,6.49,9.64,10.83
2019-04-04,5.79,10.57,6.5,9.65,10.84
2019-04-05,5.8,10.58,6.51,9.66,10.85
2019-04-08,5.8,10.57,6.51,9.65,10.83
2019-04-09,5.8,10.58,6.51,9.66,10.84
2019-04-10,5.81,10.6,6.51,9.68,10.86
2019-04-11,5.82,10.58,6.52,9.67,10.84
2019-04-12,5.83,10.56,6.53,9.65,10.81
2019-04-15,5.83,10.57,6.54,9.65,10.82
2019-04-16,5.83,10.55,6.54,9.64,10.8
2019-04-17,5.82,10.55,6.53,9.64,10.8
2019-04-18,5.82,10.56,6.53,9.65,10.81
2019-04-22,5.82,10.55,6.53,9.64,10.8
2019-04-23,5.82,10.56,6.53,9.65,10.81
2019-04-24,5.82,10.59,6.54,9.67,10.83
2019-04-25,5.82,10.58,6.54,9.67,10.83
2019-04-26,5.82,10.6,6.54,9.68,10.84
2019-04-29,5.82,10.58,6.55,9.67,10.83
2019-04-30,5.82,10.6,6.55,9.69,10.84
2019-05-01,5.83,10.6,6.55,9.68,10.84
2019-05-02,5.82,10.57,6.55,9.66,10.82
2019-05-03,5.82,10.58,6.55,9.67,10.83
2019-05-06,5.82,10.6,6.55,9.68,10.85
2019-05-07,5.81,10.62,6.54,9.7,10.87
2019-05-08,5.8,10.6,6.53,9.68,10.85
2019-05-09,5.79,10.61,6.52,9.69,10.86
2019-05-10,5.79,10.61,6.52,9.69,10.86
2019-05-13,5.76,10.63,6.5,9.72,10.89
2019-05-14,5.77,10.63,6.51,9.71,10.88
2019-05-15,5.77,10.65,6.51,9.73,10.9
2019-05-16,5.77,10.64,6.52,9.72,10.89
2019-05-17,5.77,10.64,6.52,9.72,10.89
2019-05-20,5.78,10.63,6.52,9.71,10.88
2019-05-21,5.78,10.62,6.53,9.7,10.87
2019-05-22,5.78,10.64,6.53,9.71,10.89
2019-05-23,5.76,10.67,6.51,9.74,10.93
2019-05-24,5.77,10.67,6.51,9.74,10.93
2019-05-28,5.77,10.69,6.51,9.76,10.95
2019-05-29,5.75,10.69,6.49,9.76,10.95
2019-05-30,5.76,10.72,6.5,9.77,10.97
2019-05-31,5.73,10.76,6.48,9.81,11.02
2019-06-03,5.73,10.79,6.48,9.84,11.05
2019-06-04,5.75,10.77,6.49,9.83,11.03
2019-06-05,5.76,10.77,6.5,9.84,11.02
2019-06-06,5.77,10.76,6.51,9.83,11.02
2019-06-07,5.79,10.79,6.52,9.85,11.05
2019-06-10,5.8,10.76,6.54,9.83,11.02
2019-06-11,5.81,10.76,6.54,9.83,11.02
2019-06-12,5.8,10.77,6.54,9.84,11.03
2019-06-13,5.81,10.79,6.54,9.86,11.04
2019-06-14,5.81,10.79,6.54,9.86,11.04
2019-06-17,5.81,10.79,6.54,9.86,11.04
2019-06-18,5.82,10.81,6.56,9.88,11.05
2019-06-19,5.83,10.83,6.56,9.9,11.08
2019-06-20,5.87,10.85,6.59,9.93,11.09
2019-06-21,5.87,10.83,6.59,9.91,11.06
2019-06-24,5.87,10.86,6.6,9.94,11.08
2019-06-25,5.86,10.86,6.58,9.95,11.09
2019-06-26,5.86,10.83,6.58,9.92,11.06
2019-06-27,5.86,10.86,6.58,9.94,11.08
2019-06-28,5.86,10.86,6.59,9.95,11.09
2019-07-01,5.87,10.86,6.6,9.94,11.08
2019-07-02,5.87,10.88,6.59,9.97,11.1
2019-07-03,5.88,10.9,6.6,9.98,11.12
2019-07-05,5.87,10.85,6.6,9.93,11.07
2019-07-08,5.87,10.84,6.59,9.92,11.07
2019-07-09,5.86,10.83,6.59,9.91,11.06
2019-07-10,5.87,10.84,6.59,9.92,11.07
2019-07-11,5.86,10.8,6.59,9.9,11.04
2019-07-12,5.86,10.81,6.59,9.9,11.04
2019-07-15,5.86,10.82,6.59,9.91,11.05
2019-07-16,5.86,10.81,6.59,9.9,11.04
2019-07-17,5.86,10.84,6.59,9.93,11.07
2019-07-18,5.84,10.85,6.58,9.95,11.08
2019-07-19,5.84,10.84,6.58,9.94,11.07
2019-07-22,5.85,10.85,6.58,9.94,11.08
2019-07-23,5.85,10.84,6.59,9.94,11.07
2019-07-24,5.86,10.85,6.59,9.94,11.08
2019-07-25,5.87,10.84,6.6,9.93,11.06
2019-07-26,5.87,10.84,6.6,9.93,11.06
2019-07-29,5.87,10.85,6.6,9.94,11.07
2019-07-30,5.86,10.84,6.6,9.93,11.07
2019-07-31,5.86,10.86,6.6,9.94,11.08
2019-08-01,5.86,10.93,6.6,10.01,11.15
2019-08-02,5.85,10.94,6.58,10.02,11.16
2019-08-05,5.8,11.0,6.54,10.06,11.21
2019-08-06,5.82,11.01,6.56,10.07,11.22
2019-08-07,5.81,11.01,6.55,10.06,11.23
2019-08-08,5.84,11.01,6.57,10.06,11.22
2019-08-09,5.84,11.0,6.57,10.05,11.21
2019-08-12,5.83,11.04,6.57,10.08,11.25
2019-08-13,5.84,11.01,6.58,10.05,11.23
2019-08-14,5.82,11.07,6.55,10.08,11.27
2019-08-15,5.82,11.11,6.55,10.12,11.31
2019-08-16,5.83,11.09,6.56,10.11,11.3
2019-08-19,5.84,11.06,6.58,10.09,11.27
2019-08-20,5.84,11.09,6.58,10.11,11.29
2019-08-21,5.86,11.07,6.59,10.1,11.27
2019-08-22,5.87,11.06,6.6,10.1,11.26
2019-08-23,5.86,11.11,6.59,10.13,11.3
2019-08-26,5.86,11.09,6.6,10.13,11.29
2019-08-27,5.87,11.13,6.6,10.15,11.32
2019-08-28,5.87,11.13,6.6,10.15,11.33
2019-08-29,5.88,11.11,6.62,10.14,11.31
2019-08-30,5.89,11.12,6.62,10.14,11.32
2019-09-03,5.88,11.13,6.61,10.15,11.33
2019-09-04,5.89,11.14,6.62,10.17,11.34
2019-09-05,5.89,11.08,6.63,10.12,11.29
2019-09-06,5.9,11.09,6.63,10.12,11.3
2019-09-09,5.9,11.05,6.64,10.09,11.25
2019-09-10,5.91,10.99,6.63,10.04,11.2
2019-09-11,5.9,10.99,6.63,10.03,11.2
2019-09-12,5.9,10.97,6.63,10.01,11.18
2019-09-13,5.89,10.9,6.63,9.96,11.12
2019-09-16,5.9,10.94,6.63,9.98,11.15
2019-09-17,5.9,10.95,6.63,10.0,11.16
2019-09-18,5.9,10.96,6.63,10.0,11.17
2019-09-19,5.91,10.97,6.64,10.01,11.17
2019-09-20,5.91,11.0,6.64,10.04,11.2
2019-09-23,5.91,11.01,6.64,10.05,11.21
2019-09-24,5.9,11.05,6.63,10.08,11.25
2019-09-25,5.89,11.0,6.63,10.04,11.2
2019-09-26,5.89,11.02,6.62,10.05,11.22
2019-09-27,5.89,11.02,6.62,10.06,11.23
2019-09-30,5.89,11.03,6.62,10.06,11.23
2019-10-01,5.89,11.05,6.61,10.08,11.25
2019-10-02,5.87,11.06,6.59,10.1,11.27
2019-10-03,5.86,11.09,6.59,10.13,11.3
2019-10-04,5.87,11.11,6.59,10.14,11.31
2019-10-07,5.87,11.08,6.59,10.12,11.28
2019-10-08,5.86,11.09,6.58,10.13,11.29
2019-10-09,5.87,11.07,6.59,10.12,11.28
2019-10-10,5.87,11.03,6.58,10.08,11.23
2019-10-11,5.88,10.99,6.59,10.04,11.2
2019-10-14,5.88,11.0,6.59,10.05,11.21
2019-10-15,5.89,10.97,6.6,10.03,11.18
2019-10-16,5.89,10.99,6.6,10.05,11.19
2019-10-17,5.9,10.98,6.6,10.05,11.18
2019-10-18,5.9,10.99,6.61,10.06,11.18
2019-10-21,5.9,10.96,6.6,10.04,11.16
2019-10-22,5.9,10.98,6.61,10.05,11.17
2019-10-23,5.91,10.98,6.61,10.06,11.18
2019-10-24,5.91,10.98,6.61,10.06,11.17
2019-10-25,5.91,10.96,6.62,10.04,11.16
2019-10-28,5.91,10.94,6.62,10.03,11.14
2019-10-29,5.91,10.95,6.62,10.03,11.14
2019-10-30,5.9,10.98,6.61,10.05,11.17
2019-10-31,5.9,11.02,6.61,10.09,11.21
2019-11-01,5.9,11.01,6.61,10.08,11.2
2019-11-04,5.91,10.98,6.62,10.06,11.18
2019-11-05,5.91,10.94,6.62,10.02,11.14
2019-11-06,5.91,10.96,6.61,10.04,11.16
2019-11-07,5.91,10.91,6.61,9.99,11.11
2019-11-08,5.9,10.9,6.61,9.99,11.1
2019-11-11,5.9,10.91,6.61,9.99,11.11
2019-11-12,5.9,10.91,6.61,10.0,11.12
2019-11-13,5.9,10.93,6.61,10.01,11.13
2019-11-14,5.9,10.96,6.6,10.04,11.16
2019-11-15,5.9,10.96,6.61,10.03,11.15
2019-11-18,5.9,10.97,6.6,10.04,11.16
2019-11-19,5.89,10.98,6.59,10.05,11.17
2019-11-20,5.89,11.0,6.59,10.07,11.2
2019-11-21,5.88,10.98,6.58,10.05,11.18
2019-11-22,5.89,10.98,6.59,10.05,11.18
2019-11-25,5.9,10.99,6.59,10.06,11.18
2019-11-26,5.91,11.01,6.6,10.07,11.2
2019-11-27,5.91,10.99,6.61,10.06,11.18
2019-11-29,5.91,10.99,6.6,10.06,11.18
2019-12-02,5.9,10.96,6.6,10.04,11.15
2019-12-03,5.9,11.02,6.59,10.09,11.2
2019-12-04,5.91,10.99,6.6,10.06,11.18
2019-12-05,5.91,10.98,6.61,10.06,11.16
2019-12-06,5.92,10.97,6.62,10.04,11.14
2019-12-09,5.93,10.97,6.62,10.05,11.15
2019-12-10,5.93,10.97,6.63,10.04,11.14
2019-12-11,5.93,11.0,6.63,10.06,11.17
2019-12-12,5.94,10.95,6.64,10.02,11.12
2019-12-13,5.95,10.99,6.65,10.06,11.16
2019-12-16,5.96,10.96,6.66,10.03,11.13
2019-12-17,5.96,10.97,6.67,10.04,11.13
2019-12-18,5.97,10.95,6.68,10.03,11.11
2019-12-19,5.97,10.96,6.68,10.04,11.12
2019-12-20,5.97,10.96,6.68,10.03,11.11
2019-12-23,5.97,10.95,6.68,10.03,11.11
2019-12-24,5.97,10.96,6.68,10.04,11.12
2019-12-26,5.97,10.97,6.68,10.04,11.12
2019-12-27,5.97,10.98,6.69,10.06,11.13
2019-12-30,5.97,10.97,6.68,10.06,11.13
2019-12-31,5.96,10.95,6.68,10.05,11.11
2020-01-02,5.97,10.98,6.69,10.06,11.14
2020-01-03,5.97,11.02,6.69,10.1,11.17
2020-01-06,5.97,11.0,6.69,10.09,11.16
2020-01-07,5.98,10.99,6.69,10.08,11.15
2020-01-08,5.97,10.97,6.69,10.07,11.14
2020-01-09,5.98,10.98,6.7,10.07,11.14
2020-01-10,5.98,11.01,6.7,10.09,11.16
2020-01-13,5.98,11.0,6.7,10.08,11.15
2020-01-14,5.98,11.01,6.71,10.09,11.16
2020-01-15,5.98,11.03,6.71,10.1,11.17
2020-01-16,5.98,11.02,6.71,10.1,11.17
2020-01-17,5.98,11.01,6.71,10.1,11.15
2020-01-21,5.98,11.04,6.71,10.12,11.18
2020-01-22,5.98,11.05,6.7,10.13,11.18
2020-01-23,5.97,11.06,6.69,10.14,11.2
2020-01-24,5.96,11.08,6.68,10.16,11.22
2020-01-27,5.93,11.12,6.64,10.19,11.26
2020-01-28,5.95,11.1,6.66,10.17,11.24
2020-01-29,5.95,11.13,6.67,10.2,11.27
2020-01-30,5.94,11.13,6.66,10.2,11.27
2020-01-31,5.94,11.16,6.65,10.23,11.3
2020-02-03,5.95,11.15,6.66,10.22,11.29
2020-02-04,5.96,11.12,6.66,10.19,11.26
2020-02-05,5.96,11.09,6.67,10.17,11.23
2020-02-06,5.97,11.1,6.68,10.18,11.24
2020-02-07,5.97,11.14,6.68,10.21,11.27
2020-02-10,5.97,11.15,6.67,10.22,11.28
2020-02-11,5.99,11.13,6.68,10.21,11.27
2020-02-12,6.0,11.12,6.69,10.19,11.25
2020-02-13,6.0,11.13,6.69,10.2,11.26
2020-02-14,6.0,11.14,6.69,10.21,11.27
2020-02-18,6.0,11.16,6.69,10.22,11.28
2020-02-19,6.0,11.15,6.69,10.22,11.28
2020-02-20,6.0,11.17,6.69,10.24,11.3
2020-02-21,5.99,11.2,6.68,10.26,11.33
2020-02-24,5.96,11.24,6.64,10.29,11.37
2020-02-25,5.95,11.25,6.62,10.31,11.39
2020-02-26,5.94,11.24,6.6,10.3,11.38
2020-02-27,5.9,11.26,6.54,10.31,11.42
2020-02-28,5.87,11.33,6.5,10.35,11.5
2020-03-02,5.89,11.31,6.53,10.34,11.48
2020-03-03,5.91,11.39,6.55,10.42,11.55
2020-03-04,5.94,11.37,6.58,10.43,11.53
2020-03-05,5.91,11.44,6.54,10.46,11.58
2020-03-06,5.84,11.52,6.46,10.47,11.67
2020-03-09,5.64,11.52,6.22,10.39,11.75
2020-03-10,5.67,11.36,6.24,10.3,11.62
2020-03-11,5.62,11.31,6.16,10.24,11.58
2020-03-12,5.44,11.22,5.95,10.11,11.55
2020-03-13,5.46,11.12,5.98,10.06,11.49
2020-03-16,5.28,11.17,5.76,10.05,11.6
2020-03-17,5.23,10.95,5.71,9.87,11.44
2020-03-18,5.05,10.77,5.51,9.68,11.33
2020-03-19,4.92,10.65,5.32,9.52,11.32
2020-03-20,4.89,10.7,5.3,9.52,11.46
2020-03-23,4.8,10.76,5.19,9.53,11.58
2020-03-24,4.83,10.73,5.25,9.51,11.56
2020-03-25,4.95,10.75,5.37,9.59,11.56
2020-03-26,5.1,10.86,5.55,9.7,11.61
2020-03-27,5.17,11.0,5.61,9.8,11.69
2020-03-30,5.22,11.05,5.66,9.86,11.68
2020-03-31,5.26,11.1,5.7,9.87,11.69
2020-04-01,5.21,11.14,5.63,9.85,11.72
2020-04-02,5.2,11.15,5.61,9.85,11.72
2020-04-03,5.17,11.17,5.58,9.84,11.73
2020-04-06,5.19,11.13,5.62,9.84,11.71
2020-04-07,5.24,11.14,5.68,9.85,11.69
2020-04-08,5.27,11.12,5.73,9.88,11.68
2020-04-09,5.4,11.18,5.89,10.0,11.69
2020-04-13,5.46,11.22,5.94,10.08,11.67
2020-04-14,5.52,11.25,6.01,10.14,11.67
2020-04-15,5.49,11.31,5.99,10.17,11.73
2020-04-16,5.51,11.34,5.99,10.17,11.74
2020-04-17,5.53,11.32,6.03,10.16,11.72
2020-04-20,5.51,11.34,6.01,10.17,11.72
2020-04-21,5.44,11.36,5.93,10.16,11.75
2020-04-22,5.44,11.33,5.94,10.15,11.73
2020-04-23,5.44,11.36,5.94,10.16,11.75
2020-04-24,5.41,11.36,5.91,10.16,11.75
2020-04-27,5.4,11.32,5.91,10.14,11.72
2020-04-28,5.41,11.34,5.91,10.17,11.75
2020-04-29,5.43,11.33,5.94,10.19,11.75
2020-04-30,5.44,11.32,5.96,10.19,11.74
2020-05-01,5.43,11.33,5.95,10.19,11.74
2020-05-04,5.42,11.33,5.94,10.18,11.74
2020-05-05,5.44,11.32,5.97,10.19,11.72
2020-05-06,5.44,11.3,5.97,10.17,11.7
2020-05-07,5.46,11.34,5.99,10.2,11.74
2020-05-08,5.46,11.31,6.0,10.19,11.72
2020-05-11,5.46,11.28,6.0,10.17,11.69
2020-05-12,5.47,11.31,6.03,10.18,11.71
2020-05-13,5.45,11.34,6.01,10.2,11.73
2020-05-14,5.42,11.36,5.98,10.2,11.75
2020-05-15,5.41,11.36,5.97,10.2,11.74
2020-05-18,5.46,11.31,6.02,10.21,11.69
2020-05-19,5.47,11.34,6.04,10.24,11.71
2020-05-20,5.51,11.36,6.07,10.28,11.72
2020-05-21,5.52,11.38,6.09,10.3,11.72
2020-05-22,5.53,11.4,6.09,10.31,11.72
2020-05-26,5.58,11.39,6.15,10.32,11.71
2020-05-27,5.6,11.39,6.18,10.34,11.71
2020-05-28,5.62,11.39,6.19,10.35,11.7
2020-05-29,5.62,11.42,6.19,10.38,11.72
2020-06-01,5.63,11.41,6.2,10.39,11.71
2020-06-02,5.66,11.4,6.24,10.4,11.71
2020-06-03,5.7,11.37,6.29,10.4,11.68
2020-06-04,5.71,11.36,6.3,10.39,11.66
2020-06-05,5.75,11.35,6.35,10.41,11.64
2020-06-08,5.77,11.37,6.36,10.43,11.64
2020-06-09,5.74,11.4,6.34,10.44,11.67
2020-06-10,5.72,11.45,6.32,10.48,11.71
2020-06-11,5.64,11.48,6.24,10.46,11.73
2020-06-12,5.66,11.46,6.25,10.44,11.71
2020-06-15,5.65,11.44,6.25,10.44,11.7
2020-06-16,5.71,11.44,6.31,10.49,11.68
2020-06-17,5.71,11.45,6.31,10.5,11.68
2020-06-18,5.7,11.47,6.29,10.51,11.7
2020-06-19,5.7,11.48,6.28,10.52,11.7
2020-06-22,5.69,11.48,6.28,10.51,11.7
2020-06-23,5.69,11.47,6.28,10.51,11.69
2020-06-24,5.66,11.48,6.25,10.51,11.71
2020-06-25,5.65,11.48,6.23,10.5,11.71
2020-06-26,5.63,11.51,6.22,10.51,11.73
2020-06-29,5.61,11.51,6.19,10.52,11.73
2020-06-30,5.61,11.5,6.19,10.52,11.72
2020-07-01,5.63,11.5,6.21,10.52,11.71
2020-07-02,5.65,11.52,6.23,10.54,11.72
2020-07-06,5.68,11.52,6.26,10.55,11.71
2020-07-07,5.68,11.54,6.26,10.57,11.73
2020-07-08,5.68,11.54,6.26,10.57,11.73
2020-07-09,5.67,11.57,6.25,10.58,11.75
2020-07-10,5.67,11.56,6.25,10.57,11.74
2020-07-13,5.68,11.57,6.26,10.58,11.75
2020-07-14,5.68,11.58,6.26,10.58,11.75
2020-07-15,5.7,11.58,6.29,10.59,11.74
2020-07-16,5.71,11.59,6.3,10.6,11.75
2020-07-17,5.72,11.59,6.32,10.61,11.75
2020-07-20,5.74,11.6,6.33,10.62,11.75
2020-07-21,5.77,11.61,6.37,10.64,11.76
2020-07-22,5.79,11.62,6.38,10.65,11.76
2020-07-23,5.8,11.64,6.39,10.66,11.78
2020-07-24,5.8,11.63,6.39,10.65,11.77
2020-07-27,5.8,11.62,6.4,10.64,11.76
2020-07-28,5.8,11.64,6.4,10.65,11.78
2020-07-29,5.81,11.64,6.41,10.67,11.79
2020-07-30,5.82,11.65,6.42,10.68,11.8
2020-07-31,5.84,11.66,6.43,10.69,11.8
2020-08-03,5.85,11.65,6.45,10.69,11.8
2020-08-04,5.85,11.68,6.45,10.71,11.82
2020-08-05,5.86,11.66,6.46,10.71,11.8
2020-08-06,5.86,11.68,6.46,10.72,11.81
2020-08-07,5.86,11.67,6.46,10.71,11.8
2020-08-10,5.86,11.66,6.46,10.71,11.79
2020-08-11,5.86,11.63,6.46,10.7,11.76
2020-08-12,5.85,11.61,6.45,10.67,11.74
2020-08-13,5.84,11.58,6.44,10.65,11.72
2020-08-14,5.82,11.57,6.42,10.64,11.72
2020-08-17,5.82,11.58,6.42,10.64,11.73
2020-08-18,5.82,11.59,6.42,10.65,11.74
2020-08-19,5.82,11.58,6.42,10.64,11.73
2020-08-20,5.82,11.6,6.42,10.65,11.75
2020-08-21,5.82,11.61,6.42,10.66,11.75
2020-08-24,5.83,11.6,6.43,10.65,11.75
2020-08-25,5.84,11.58,6.44,10.64,11.73
2020-08-26,5.85,11.57,6.44,10.64,11.73
2020-08-27,5.85,11.54,6.45,10.62,11.7
2020-08-28,5.85,11.55,6.45,10.63,11.71
2020-08-31,5.85,11.57,6.46,10.64,11.72
2020-09-01,5.86,11.59,6.47,10.67,11.74
2020-09-02,5.86,11.62,6.48,10.68,11.75
2020-09-03,5.85,11.62,6.46,10.69,11.75
2020-09-04,5.84,11.57,6.45,10.66,11.72
2020-09-08,5.82,11.58,6.42,10.65,11.73
2020-09-09,5.83,11.57,6.43,10.65,11.72
2020-09-10,5.83,11.58,6.43,10.66,11.73
2020-09-11,5.83,11.59,6.43,10.66,11.74
2020-09-14,5.83,11.59,6.43,10.66,11.73
2020-09-15,5.83,11.58,6.43,10.66,11.72
2020-09-16,5.84,11.58,6.44,10.66,11.72
2020-09-17,5.83,11.58,6.43,10.66,11.72
2020-09-18,5.83,11.57,6.43,10.66,11.71
2020-09-21,5.79,11.58,6.38,10.65,11.72
2020-09-22,5.79,11.58,6.38,10.65,11.72
2020-09-23,5.78,11.58,6.36,10.64,11.72
2020-09-24,5.75,11.57,6.33,10.62,11.72
2020-09-25,5.75,11.56,6.33,10.6,11.72
2020-09-28,5.76,11.56,6.35,10.61,11.72
2020-09-29,5.77,11.57,6.35,10.62,11.73
2020-09-30,5.78,11.55,6.36,10.61,11.71
2020-10-01,5.79,11.56,6.37,10.62,11.71
2020-10-02,5.79,11.55,6.36,10.61,11.7
2020-10-05,5.8,11.51,6.39,10.59,11.66
2020-10-06,5.82,11.53,6.41,10.61,11.68
2020-10-07,5.83,11.51,6.42,10.6,11.66
2020-10-08,5.84,11.53,6.43,10.62,11.67
2020-10-09,5.84,11.53,6.44,10.62,11.67
2020-10-12,5.84,11.53,6.44,10.62,11.67
2020-10-13,5.85,11.55,6.45,10.65,11.68
2020-10-14,5.85,11.56,6.45,10.65,11.69
2020-10-15,5.83,11.55,6.43,10.64,11.68
2020-10-16,5.84,11.54,6.44,10.64,11.68
2020-10-19,5.84,11.54,6.44,10.63,11.67
2020-10-20,5.84,11.52,6.44,10.62,11.66
2020-10-21,5.84,11.51,6.44,10.61,11.65
2020-10-22,5.84,11.49,6.44,10.59,11.63
2020-10-23,5.84,11.5,6.45,10.6,11.64
2020-10-26,5.83,11.52,6.43,10.61,11.66
2020-10-27,5.82,11.54,6.42,10.63,11.67
2020-10-28,5.79,11.54,6.37,10.62,11.67
2020-10-29,5.78,11.51,6.37,10.59,11.65
2020-10-30,5.78,11.48,6.36,10.57,11.63
2020-11-02,5.79,11.5,6.37,10.58,11.64
2020-11-03,5.81,11.49,6.4,10.57,11.63
2020-11-04,5.85,11.56,6.44,10.63,11.67
2020-11-05,5.88,11.58,6.48,10.66,11.67
2020-11-06,5.88,11.55,6.48,10.64,11.65
2020-11-09,5.93,11.53,6.55,10.63,11.61
2020-11-10,5.91,11.51,6.54,10.61,11.6
2020-11-11,5.91,11.52,6.54,10.62,11.61
2020-11-12,5.89,11.55,6.51,10.64,11.63
2020-11-13,5.89,11.55,6.51,10.63,11.63
2020-11-16,5.9,11.55,6.52,10.63,11.63
2020-11-17,5.9,11.57,6.53,10.65,11.64
2020-11-18,5.91,11.58,6.53,10.66,11.65
2020-11-19,5.91,11.6,6.53,10.67,11.66
2020-11-20,5.91,11.62,6.53,10.68,11.67
2020-11-23,5.91,11.6,6.54,10.68,11.66
2020-11-24,5.93,11.59,6.56,10.67,11.64
2020-11-25,5.93,11.59,6.55,10.68,11.64
2020-11-27,5.93,11.62,6.56,10.69,11.66
2020-11-30,5.93,11.62,6.56,10.7,11.66
2020-12-01,5.94,11.6,6.57,10.69,11.63
2020-12-02,5.94,11.59,6.58,10.68,11.62
2020-12-03,5.95,11.61,6.59,10.7,11.63
2020-12-04,5.96,11.58,6.6,10.68,11.61
2020-12-07,5.96,11.6,6.61,10.7,11.62
2020-12-08,5.96,11.29,6.61,10.69,11.58
2020-12-09,5.96,11.28,6.6,10.67,11.58
2020-12-10,5.96,11.3,6.6,10.69,11.59
2020-12-11,5.95,11.31,6.6,10.7,11.6
2020-12-14,5.96,11.31,6.6,10.7,11.6
2020-12-15,5.96,11.3,6.61,10.7,11.6
2020-12-16,5.96,11.31,6.61,10.7,11.59
2020-12-17,5.96,11.31,6.61,10.7,11.59
2020-12-18,5.96,11.3,6.61,10.7,11.59
2020-12-21,5.95,11.3,6.59,10.7,11.59
2020-12-22,5.95,11.31,6.6,10.71,11.6
2020-12-23,5.96,11.3,6.6,10.7,11.59
2020-12-24,5.96,11.31,6.6,10.71,11.6
2020-12-28,5.97,11.31,6.61,10.72,11.6
2020-12-29,5.98,11.32,6.62,10.45,11.6
2020-12-30,5.98,11.33,6.63,10.46,11.6
2020-12-31,5.98,11.33,6.64,10.47,11.61
2021-01-04,5.98,11.33,6.63,10.47,11.61
2021-01-05,5.98,11.31,6.63,10.45,11.6
2021-01-06,5.98,11.26,6.64,10.41,11.57
2021-01-07,5.99,11.25,6.65,10.4,11.55
2021-01-08,5.99,11.23,6.65,10.38,11.53
2021-01-11,5.98,11.22,6.65,10.37,11.52
2021-01-12,5.97,11.22,6.64,10.37,11.53
2021-01-13,5.97,11.25,6.64,10.39,11.55
2021-01-14,5.98,11.24,6.65,10.38,11.54
2021-01-15,5.98,11.26,6.65,10.4,11.55
2021-01-19,5.98,11.27,6.66,10.41,11.56
2021-01-20,5.98,11.27,6.67,10.41,11.56
2021-01-21,5.98,11.26,6.67,10.4,11.55
2021-01-22,5.97,11.26,6.66,10.4,11.55
2021-01-25,5.97,11.28,6.66,10.42,11.57
2021-01-26,5.97,11.28,6.66,10.41,11.57
2021-01-27,5.96,11.28,6.64,10.42,11.57
2021-01-28,5.96,11.27,6.65,10.4,11.56
2021-01-29,5.96,11.26,6.64,10.39,11.56
2021-02-01,5.96,11.27,6.64,10.4,11.56
2021-02-02,5.97,11.25,6.65,10.39,11.55
2021-02-03,5.98,11.24,6.66,10.38,11.54
2021-02-04,5.98,11.24,6.67,10.38,11.54
2021-02-05,5.99,11.23,6.68,10.38,11.53
2021-02-08,5.99,11.23,6.68,10.38,11.53
2021-02-09,6.0,11.24,6.69,10.39,11.53
2021-02-10,6.0,11.25,6.69,10.4,11.54
2021-02-11,6.0,11.24,6.69,10.4,11.53
2021-02-12,6.0,11.21,6.69,10.38,11.51
2021-02-16,6.0,11.17,6.69,10.33,11.48
2021-02-17,6.0,11.19,6.68,10.33,11.49
2021-02-18,5.99,11.18,6.68,10.34,11.48
2021-02-19,5.99,11.14,6.68,10.31,11.46
2021-02-22,5.98,11.12,6.67,10.29,11.44
2021-02-23,5.98,11.11,6.66,10.29,11.44
2021-02-24,5.98,11.1,6.66,10.28,11.43
2021-02-25,5.96,11.01,6.64,10.17,11.35
2021-02-26,5.94,11.1,6.63,10.22,11.43
2021-03-01,5.95,11.08,6.64,10.23,11.41
2021-03-02,5.96,11.09,6.64,10.24,11.42
2021-03-03,5.95,11.06,6.64,10.21,11.4
2021-03-04,5.94,11.02,6.62,10.16,11.38
2021-03-05,5.93,11.01,6.61,10.13,11.37
2021-03-08,5.92,10.97,6.61,10.08,11.35
2021-03-09,5.92,11.0,6.6,10.1,11.38
2021-03-10,5.91,11.02,6.6,10.12,11.39
2021-03-11,5.93,11.02,6.62,10.13,11.39
2021-03-12,5.92,10.96,6.62,10.08,11.34
2021-03-15,5.91,10.97,6.62,10.09,11.35
2021-03-16,5.91,10.97,6.62,10.09,11.35
2021-03-17,5.9,10.96,6.6,10.08,11.34
2021-03-18,5.88,10.93,6.59,10.04,11.31
2021-03-19,5.88,10.93,6.58,10.04,11.3
2021-03-22,5.89,10.96,6.6,10.06,11.33
2021-03-23,5.89,10.99,6.6,10.09,11.35
2021-03-24,5.9,11.0,6.61,10.09,11.36
2021-03-25,5.9,10.99,6.61,10.09,11.35
2021-03-26,5.9,10.97,6.61,10.07,11.33
2021-03-29,5.91,10.95,6.62,10.05,11.32
2021-03-30,5.9,10.96,6.61,10.04,11.32
2021-03-31,5.91,10.96,6.62,9.98,11.31
2021-04-01,5.92,11.0,6.63,10.02,11.33
2021-04-05,5.93,10.98,6.64,10.0,11.32
2021-04-06,5.94,11.01,6.66,10.04,11.34
2021-04-07,5.95,10.99,6.66,10.03,11.33
2021-04-08,5.95,11.02,6.67,10.06,11.35
2021-04-09,5.95,11.01,6.66,10.04,11.34
2021-04-12,5.94,11.0,6.66,10.04,11.34
2021-04-13,5.94,11.03,6.65,10.06,11.36
2021-04-14,5.94,11.02,6.66,10.06,11.36
2021-04-15,5.95,11.06,6.67,10.1,11.39
2021-04-16,5.95,11.04,6.67,10.08,11.38
2021-04-19,5.95,11.03,6.67,10.07,11.37
2021-04-20,5.94,11.04,6.65,10.08,11.38
2021-04-21,5.95,11.05,6.65,10.1,11.39
2021-04-22,5.95,11.06,6.66,10.1,11.39
2021-04-23,5.96,11.05,6.66,10.1,11.38
2021-04-26,5.96,11.05,6.66,10.09,11.38
2021-04-27,5.96,11.03,6.66,10.07,11.36
2021-04-28,5.96,11.04,6.66,10.08,11.37
2021-04-29,5.96,11.03,6.67,10.07,11.37
2021-04-30,5.96,11.04,6.67,10.08,11.37
2021-05-03,5.96,11.04,6.67,10.09,11.37
2021-05-04,5.96,11.05,6.66,10.1,11.38
2021-05-05,5.96,11.07,6.67,10.11,11.39
2021-05-06,5.96,11.07,6.67,10.12,11.39
2021-05-07,5.97,11.07,6.67,10.13,11.39
2021-05-10,5.97,11.05,6.67,10.11,11.37
2021-05-11,5.96,11.03,6.66,10.1,11.36
2021-05-12,5.95,11.0,6.65,10.06,11.34
2021-05-13,5.94,11.01,6.64,10.08,11.35
2021-05-14,5.95,11.03,6.65,10.1,11.36
2021-05-17,5.95,11.03,6.65,10.09,11.35
2021-05-18,5.95,11.02,6.65,10.09,11.35
2021-05-19,5.93,11.0,6.63,10.07,11.33
2021-05-20,5.94,11.02,6.63,10.1,11.35
2021-05-21,5.94,11.03,6.64,10.1,11.35
2021-05-24,5.94,11.04,6.64,10.12,11.36
2021-05-25,5.95,11.07,6.65,10.14,11.38
2021-05-26,5.95,11.06,6.65,10.14,11.37
2021-05-27,5.95,11.05,6.65,10.12,11.36
2021-05-28,5.95,11.05,6.65,10.13,11.36
2021-06-01,5.95,11.05,6.66,10.12,11.36
2021-06-02,5.96,11.06,6.66,10.14,11.36
2021-06-03,5.96,11.04,6.66,10.11,11.34
2021-06-04,5.96,11.07,6.67,10.15,11.38
2021-06-07,5.96,11.07,6.67,10.14,11.37
2021-06-08,5.97,11.08,6.68,10.16,11.38
2021-06-09,5.97,11.1,6.69,10.19,11.39
2021-06-10,5.98,11.13,6.69,10.21,11.41
2021-06-11,5.98,11.12,6.69,10.21,11.4
2021-06-14,5.98,11.1,6.7,10.19,11.38
2021-06-15,5.98,11.1,6.7,10.19,11.38
2021-06-16,5.98,11.06,6.69,10.14,11.34
2021-06-17,5.97,11.09,6.69,10.16,11.37
2021-06-18,5.97,11.13,6.68,10.19,11.4
2021-06-21,5.97,11.09,6.68,10.17,11.37
2021-06-22,5.97,11.1,6.68,10.18,11.38
2021-06-23,5.97,11.1,6.69,10.17,11.37
2021-06-24,5.98,11.1,6.69,10.17,11.37
2021-06-25,5.98,11.08,6.7,10.16,11.35
2021-06-28,5.98,11.11,6.7,10.18,11.37
2021-06-29,5.99,11.11,6.7,10.19,11.38
2021-06-30,5.99,11.12,6.71,10.2,11.38
2021-07-01,6.0,11.12,6.71,10.19,11.38
2021-07-02,6.0,11.14,6.72,10.21,11.4
2021-07-06,6.0,11.17,6.72,10.25,11.43
2021-07-07,6.01,11.19,6.73,10.27,11.44
2021-07-08,6.0,11.2,6.72,10.28,11.45
2021-07-09,6.01,11.17,6.72,10.24,11.42
2021-07-12,6.01,11.17,6.72,10.24,11.42
2021-07-13,6.01,11.15,6.72,10.21,11.41
2021-07-14,6.01,11.18,6.72,10.25,11.43
2021-07-15,6.0,11.21,6.71,10.27,11.46
2021-07-16,6.0,11.2,6.71,10.26,11.45
2021-07-19,5.98,11.25,6.67,10.3,11.5
2021-07-20,5.99,11.23,6.68,10.3,11.49
2021-07-21,5.99,11.2,6.69,10.27,11.45
2021-07-22,6.0,11.23,6.7,10.29,11.47
2021-07-23,6.0,11.22,6.7,10.28,11.47
2021-07-26,6.0,11.21,6.71,10.28,11.46
2021-07-27,6.0,11.24,6.7,10.3,11.48
2021-07-28,6.0,11.24,6.7,10.31,11.49
2021-07-29,6.0,11.23,6.7,10.29,11.47
2021-07-30,6.0,11.25,6.7,10.31,11.49
2021-08-02,6.0,11.27,6.7,10.34,11.51
2021-08-03,6.0,11.27,6.69,10.34,11.51
2021-08-04,6.0,11.27,6.68,10.33,11.51
2021-08-05,6.0,11.25,6.68,10.3,11.48
2021-08-06,5.99,11.2,6.69,10.26,11.44
2021-08-09,5.99,11.18,6.68,10.24,11.43
2021-08-10,5.98,11.17,6.67,10.22,11.42
2021-08-11,5.98,11.17,6.67,10.23,11.43
2021-08-12,5.98,11.17,6.67,10.22,11.42
2021-08-13,5.98,11.21,6.67,10.26,11.45
2021-08-16,5.98,11.22,6.67,10.27,11.46
2021-08-17,5.98,11.21,6.67,10.26,11.46
2021-08-18,5.98,11.21,6.67,10.26,11.46
2021-08-19,5.98,11.22,6.66,10.26,11.47
2021-08-20,5.98,11.22,6.66,10.26,11.46
2021-08-23,5.99,11.22,6.67,10.26,11.47
2021-08-24,5.99,11.21,6.68,10.25,11.45
2021-08-25,6.0,11.18,6.69,10.23,11.42
2021-08-26,6.0,11.19,6.69,10.23,11.43
2021-08-27,6.01,11.21,6.7,10.25,11.45
2021-08-30,6.01,11.23,6.71,10.27,11.46
2021-08-31,6.01,11.22,6.71,10.26,11.45
2021-09-01,6.02,11.22,6.72,10.26,11.45
2021-09-02,6.02,11.23,6.73,10.27,11.45
2021-09-03,6.02,11.21,6.72,10.26,11.44
2021-09-07,6.02,11.18,6.72,10.23,11.42
2021-09-08,6.02,11.2,6.72,10.24,11.43
2021-09-09,6.02,11.23,6.72,10.27,11.46
2021-09-10,6.02,11.21,6.72,10.25,11.44
2021-09-13,6.02,11.23,6.73,10.26,11.45
2021-09-14,6.03,11.25,6.73,10.28,11.47
2021-09-15,6.03,11.24,6.73,10.27,11.46
2021-09-16,6.03,11.22,6.73,10.25,11.44
2021-09-17,6.02,11.21,6.72,10.23,11.43
2021-09-20,6.01,11.23,6.7,10.25,11.45
2021-09-21,6.01,11.23,6.71,10.25,11.45
2021-09-22,6.02,11.24,6.71,10.26,11.45
2021-09-23,6.01,11.18,6.72,10.21,11.4
2021-09-24,6.01,11.16,6.71,10.19,11.38
2021-09-27,6.0,11.15,6.7,10.18,11.37
2021-09-28,5.99,11.11,6.68,10.14,11.34
2021-09-29,5.99,11.12,6.69,10.15,11.35
2021-09-30,5.98,11.12,6.68,10.15,11.36
2021-10-01,5.98,11.15,6.68,10.18,11.38
2021-10-04,5.98,11.14,6.68,10.17,11.38
2021-10-05,5.97,11.12,6.68,10.14,11.35
2021-10-06,5.96,11.12,6.66,10.14,11.36
2021-10-07,5.97,11.09,6.67,10.11,11.34
2021-10-08,5.96,11.07,6.66,10.09,11.32
2021-10-11,5.95,11.06,6.66,10.06,11.31
2021-10-12,5.94,11.09,6.64,10.09,11.34
2021-10-13,5.94,11.11,6.64,10.1,11.35
2021-10-14,5.96,11.12,6.66,10.13,11.37
2021-10-15,5.96,11.1,6.66,10.09,11.34
2021-10-18,5.95,11.09,6.66,10.08,11.33
2021-10-19,5.96,11.07,6.66,10.05,11.31
2021-10-20,5.96,11.06,6.67,10.05,11.3
2021-10-21,5.95,11.04,6.66,10.02,11.29
2021-10-22,5.95,11.06,6.65,10.04,11.3
2021-10-25,5.95,11.06,6.65,10.05,11.31
2021-10-26,5.95,11.08,6.65,10.06,11.32
2021-10-27,5.95,11.12,6.65,10.1,11.36
2021-10-28,5.95,11.1,6.65,10.07,11.34
2021-10-29,5.94,11.1,6.65,10.07,11.34
2021-11-01,5.94,11.09,6.65,10.06,11.33
2021-11-02,5.94,11.11,6.65,10.08,11.34
2021-11-03,5.94,11.09,6.65,10.06,11.32
2021-11-04,5.95,11.12,6.65,10.11,11.35
2021-11-05,5.97,11.17,6.67,10.15,11.39
2021-11-08,5.97,11.15,6.68,10.12,11.37
2021-11-09,5.98,11.18,6.67,10.15,11.4
2021-11-10,5.96,11.11,6.66,10.07,11.34
2021-11-11,5.96,11.1,6.67,10.05,11.33
2021-11-12,5.95,11.1,6.66,10.06,11.33
2021-11-15,5.94,11.06,6.65,10.02,11.3
2021-11-16,5.94,11.05,6.64,10.01,11.3
2021-11-17,5.93,11.08,6.64,10.03,11.31
2021-11-18,5.93,11.09,6.64,10.03,11.32
2021-11-19,5.93,11.1,6.63,10.05,11.33
2021-11-22,5.92,11.05,6.63,9.99,11.29
2021-11-23,5.9,11.01,6.6,9.95,11.25
2021-11-24,5.89,11.03,6.59,9.96,11.27
2021-11-26,5.86,11.1,6.55,10.02,11.35
2021-11-29,5.88,11.09,6.56,10.01,11.34
2021-11-30,5.87,11.12,6.55,10.04,11.36
2021-12-01,5.88,11.13,6.57,10.05,11.37
2021-12-02,5.89,11.12,6.57,10.03,11.36
2021-12-03,5.89,11.16,6.57,10.08,11.39
2021-12-06,5.91,11.12,6.59,10.06,11.36
2021-12-07,5.94,11.0,6.62,10.05,11.25
2021-12-08,5.93,10.97,6.62,10.02,11.23
2021-12-09,5.93,10.98,6.62,10.03,11.24
2021-12-10,5.92,10.97,6.6,10.04,11.24
2021-12-13,5.92,11.01,6.6,10.07,11.27
2021-12-14,5.92,10.99,6.59,10.05,11.26
2021-12-15,5.92,10.97,6.59,10.04,11.24
2021-12-16,5.93,10.99,6.6,10.07,11.26
2021-12-17,5.92,11.01,6.6,10.08,11.27
2021-12-20,5.92,10.99,6.59,10.06,11.26
2021-12-21,5.93,10.97,6.6,10.04,11.24
2021-12-22,5.94,10.98,6.62,10.05,11.25
2021-12-23,5.95,10.96,6.62,10.04,11.23
2021-12-27,5.96,10.97,6.64,10.05,11.23
2021-12-28,5.96,10.97,6.64,10.06,11.23
2021-12-29,5.96,10.94,6.64,9.92,11.2
2021-12-30,5.95,10.96,6.64,9.95,11.22
2021-12-31,5.95,10.97,6.64,9.95,11.23
2022-01-03,5.95,10.89,6.64,9.87,11.16
2022-01-04,5.94,10.88,6.63,9.87,11.16
2022-01-05,5.92,10.86,6.62,9.84,11.13
2022-01-06,5.91,10.84,6.59,9.81,11.11
2022-01-07,5.89,10.81,6.57,9.78,11.08
2022-01-10,5.88,10.81,6.55,9.77,11.08
2022-01-11,5.89,10.83,6.57,9.79,11.1
2022-01-12,5.91,10.82,6.59,9.79,11.09
2022-01-13,5.9,10.84,6.59,9.8,11.11
2022-01-14,5.89,10.78,6.57,9.75,11.06
2022-01-18,5.86,10.72,6.55,9.68,11.0
2022-01-19,5.87,10.74,6.56,9.7,11.02
2022-01-20,5.86,10.75,6.56,9.71,11.04
2022-01-21,5.84,10.78,6.53,9.73,11.07
2022-01-24,5.83,10.77,6.51,9.72,11.07
2022-01-25,5.82,10.76,6.5,9.71,11.06
2022-01-26,5.82,10.71,6.51,9.66,11.01
2022-01-27,5.79,10.73,6.48,9.66,11.04
2022-01-28,5.77,10.74,6.44,9.66,11.05
2022-01-31,5.77,10.73,6.45,9.67,11.04
2022-02-01,5.79,10.73,6.47,9.67,11.03
2022-02-02,5.8,10.74,6.49,9.69,11.05
2022-02-03,5.78,10.7,6.46,9.65,11.02
2022-02-04,5.74,10.64,6.43,9.57,10.96
2022-02-07,5.73,10.64,6.42,9.57,10.96
2022-02-08,5.74,10.61,6.43,9.55,10.94
2022-02-09,5.75,10.62,6.44,9.56,10.94
2022-02-10,5.72,10.53,6.41,9.48,10.85
2022-02-11,5.69,10.6,6.38,9.54,10.92
2022-02-14,5.66,10.54,6.33,9.48,10.87
2022-02-15,5.67,10.51,6.34,9.46,10.85
2022-02-16,5.67,10.53,6.34,9.46,10.86
2022-02-17,5.67,10.55,6.34,9.48,10.89
2022-02-18,5.67,10.56,6.34,9.49,10.91
2022-02-22,5.67,10.56,6.33,9.47,10.91
2022-02-23,5.67,10.51,6.34,9.43,10.87
2022-02-24,5.65,10.51,6.3,9.42,10.87
2022-02-25,5.69,10.52,6.35,9.44,10.88
2022-02-28,5.7,10.6,6.36,9.52,10.96
2022-03-01,5.7,10.66,6.36,9.58,11.02
2022-03-02,5.7,10.53,6.36,9.47,10.91
2022-03-03,5.7,10.56,6.36,9.49,10.94
2022-03-04,5.68,10.61,6.33,9.53,10.99
2022-03-07,5.64,10.56,6.29,9.46,10.96
2022-03-08,5.63,10.51,6.26,9.38,10.92
2022-03-09,5.64,10.47,6.27,9.36,10.88
2022-03-10,5.61,10.43,6.24,9.31,10.84
2022-03-11,5.6,10.42,6.22,9.3,10.84
2022-03-14,5.55,10.32,6.16,9.19,10.75
2022-03-15,5.55,10.32,6.15,9.2,10.75
2022-03-16,5.59,10.33,6.2,9.22,10.74
2022-03-17,5.62,10.34,6.24,9.26,10.73
2022-03-18,5.63,10.37,6.25,9.29,10.76
2022-03-21,5.61,10.27,6.25,9.2,10.67
2022-03-22,5.6,10.24,6.23,9.17,10.63
2022-03-23,5.6,10.3,6.23,9.21,10.68
2022-03-24,5.6,10.26,6.23,9.17,10.65
2022-03-25,5.59,10.19,6.22,9.1,10.57
2022-03-28,5.59,10.2,6.22,9.11,10.58
2022-03-29,5.62,10.24,6.26,9.17,10.62
2022-03-30,5.63,10.27,6.28,9.2,10.64
2022-03-31,5.64,10.28,6.28,9.21,10.65
2022-04-01,5.63,10.26,6.27,9.17,10.62
2022-04-04,5.63,10.25,6.28,9.19,10.61
2022-04-05,5.62,10.17,6.27,9.1,10.53
2022-04-06,5.58,10.15,6.22,9.06,10.52
2022-04-07,5.57,10.13,6.21,9.05,10.5
2022-04-08,5.55,10.09,6.19,8.99,10.46
2022-04-11,5.51,10.04,6.14,8.94,10.43
2022-04-12,5.52,10.07,6.15,8.97,10.46
2022-04-13,5.53,10.08,6.15,8.98,10.47
2022-04-14,5.53,10.01,6.15,8.92,10.4
2022-04-18,5.51,9.99,6.14,8.89,10.38
2022-04-19,5.51,9.93,6.13,8.83,10.33
2022-04-20,5.51,9.99,6.14,8.88,10.38
2022-04-21,5.5,9.94,6.13,8.82,10.34
2022-04-22,5.47,9.93,6.1,8.8,10.33
2022-04-25,5.47,9.96,6.07,8.84,10.37
2022-04-26,5.47,10.01,6.08,8.88,10.41
2022-04-27,5.46,9.97,6.07,8.83,10.38
2022-04-28,5.45,9.95,6.06,8.81,10.37
2022-04-29,5.43,9.9,6.03,8.76,10.32
2022-05-02,5.4,9.84,5.99,8.71,10.26
2022-05-03,5.41,9.86,6.0,8.72,10.27
2022-05-04,5.42,9.9,6.0,8.77,10.32
2022-05-05,5.4,9.82,5.99,8.71,10.24
2022-05-06,5.37,9.78,5.94,8.67,10.19
2022-05-09,5.32,9.81,5.88,8.69,10.24
2022-05-10,5.33,9.82,5.88,8.71,10.25
2022-05-11,5.33,9.86,5.88,8.75,10.3
2022-05-12,5.31,9.87,5.85,8.76,10.31
2022-05-13,5.32,9.83,5.85,8.72,10.27
2022-05-16,5.31,9.85,5.85,8.74,10.3
2022-05-17,5.31,9.79,5.84,8.69,10.24
2022-05-18,5.28,9.84,5.8,8.71,10.29
2022-05-19,5.28,9.85,5.79,8.73,10.31
2022-05-20,5.29,9.88,5.79,8.75,10.34
2022-05-23,5.3,9.83,5.81,8.72,10.29
2022-05-24,5.31,9.9,5.8,8.78,10.36
2022-05-25,5.36,9.92,5.85,8.83,10.38
2022-05-26,5.43,9.93,5.93,8.86,10.37
2022-05-27,5.46,9.94,5.98,8.88,10.37
2022-05-31,5.46,9.88,5.98,8.83,10.31
2022-06-01,5.45,9.85,5.97,8.79,10.28
2022-06-02,5.45,9.86,5.98,8.8,10.29
2022-06-03,5.43,9.85,5.96,8.78,10.27
2022-06-06,5.41,9.79,5.95,8.73,10.21
2022-06-07,5.39,9.81,5.92,8.75,10.24
2022-06-08,5.38,9.79,5.91,8.73,10.21
2022-06-09,5.35,9.78,5.88,8.7,10.21
2022-06-10,5.3,9.71,5.81,8.61,10.14
2022-06-13,5.16,9.56,5.66,8.45,9.99
2022-06-14,5.15,9.5,5.64,8.39,9.93
2022-06-15,5.19,9.59,5.68,8.49,10.02
2022-06-16,5.13,9.61,5.62,8.5,10.04
2022-06-17,5.15,9.61,5.62,8.5,10.04
2022-06-21,5.16,9.56,5.64,8.48,10.01
2022-06-22,5.14,9.64,5.61,8.53,10.09
2022-06-23,5.15,9.67,5.61,8.56,10.13
2022-06-24,5.18,9.64,5.64,8.55,10.1
2022-06-27,5.18,9.61,5.65,8.52,10.06
2022-06-28,5.14,9.61,5.62,8.51,10.06
2022-06-29,5.11,9.66,5.57,8.54,10.12
2022-06-30,5.09,9.7,5.53,8.57,10.17
2022-07-01,5.11,9.76,5.54,8.64,10.23
2022-07-05,5.11,9.78,5.54,8.65,10.26
2022-07-06,5.13,9.72,5.55,8.61,10.19
2022-07-07,5.17,9.68,5.59,8.6,10.15
2022-07-08,5.18,9.65,5.6,8.57,10.11
2022-07-11,5.19,9.7,5.61,8.61,10.15
2022-07-12,5.19,9.71,5.61,8.62,10.17
2022-07-13,5.19,9.73,5.6,8.64,10.19
2022-07-14,5.17,9.69,5.58,8.59,10.16
2022-07-15,5.2,9.72,5.61,8.63,10.18
2022-07-18,5.22,9.7,5.64,8.62,10.16
2022-07-19,5.24,9.68,5.66,8.6,10.14
2022-07-20,5.28,9.68,5.7,8.61,10.13
2022-07-21,5.3,9.75,5.73,8.68,10.2
2022-07-22,5.32,9.83,5.77,8.76,10.28
2022-07-25,5.32,9.79,5.77,8.73,10.25
2022-07-26,5.3,9.79,5.75,8.72,10.25
2022-07-27,5.32,9.81,5.77,8.75,10.27
2022-07-28,5.35,9.87,5.8,8.83,10.34
2022-07-29,5.39,9.88,5.84,8.85,10.35
2022-08-01,5.4,9.93,5.85,8.88,10.39
2022-08-02,5.39,9.82,5.85,8.78,10.28
2022-08-03,5.4,9.86,5.86,8.82,10.31
2022-08-04,5.41,9.88,5.88,8.85,10.33
2022-08-05,5.39,9.77,5.87,8.76,10.22
2022-08-08,5.41,9.82,5.89,8.8,10.26
2022-08-09,5.39,9.79,5.87,8.77,10.24
2022-08-10,5.42,9.8,5.9,8.8,10.25
2022-08-11,5.43,9.76,5.93,8.77,10.2
2022-08-12,5.43,9.78,5.93,8.82,10.23
2022-08-15,5.43,9.81,5.93,8.84,10.25
2022-08-16,5.42,9.8,5.93,8.83,10.24
2022-08-17,5.39,9.75,5.89,8.76,10.19
2022-08-18,5.38,9.76,5.89,8.78,10.2
2022-08-19,5.35,9.71,5.85,8.71,10.15
2022-08-22,5.3,9.67,5.8,8.66,10.11
2022-08-23,5.29,9.66,5.79,8.65,10.1
2022-08-24,5.29,9.64,5.79,8.63,10.07
2022-08-25,5.3,9.68,5.8,8.68,10.11
2022-08-26,5.28,9.68,5.79,8.66,10.11
2022-08-29,5.25,9.64,5.74,8.61,10.07
2022-08-30,5.22,9.64,5.7,8.59,10.07
2022-08-31,5.2,9.61,5.68,8.55,10.04
2022-09-01,5.17,9.55,5.65,8.49,9.99
2022-09-02,5.19,9.59,5.66,8.53,10.03
2022-09-06,5.18,9.5,5.65,8.45,9.94
2022-09-07,5.2,9.55,5.67,8.5,9.99
2022-09-08,5.22,9.52,5.7,8.48,9.96
2022-09-09,5.25,9.51,5.74,8.5,9.94
2022-09-12,5.27,9.5,5.76,8.49,9.93
2022-09-13,5.21,9.46,5.7,8.43,9.88
2022-09-14,5.2,9.46,5.68,8.43,9.88
2022-09-15,5.17,9.43,5.65,8.4,9.85
2022-09-16,5.15,9.43,5.61,8.4,9.85
2022-09-19,5.15,9.41,5.62,8.38,9.83
2022-09-20,5.14,9.37,5.6,8.34,9.79
2022-09-21,5.14,9.4,5.61,8.36,9.82
2022-09-22,5.1,9.3,5.56,8.25,9.71
2022-09-23,5.05,9.28,5.5,8.23,9.69
2022-09-26,5.0,9.16,5.46,8.11,9.56
2022-09-27,4.98,9.11,5.43,8.05,9.54
2022-09-28,4.99,9.24,5.43,8.17,9.7
2022-09-29,4.97,9.19,5.4,8.11,9.65
2022-09-30,4.98,9.17,5.4,8.11,9.61
2022-10-03,5.01,9.24,5.43,8.21,9.69
2022-10-04,5.07,9.26,5.51,8.25,9.7
2022-10-05,5.07,9.2,5.5,8.18,9.64
2022-10-06,5.07,9.16,5.51,8.16,9.59
2022-10-07,5.04,9.13,5.48,8.11,9.56
2022-10-10,5.04,9.09,5.48,8.08,9.52
2022-10-11,4.99,9.08,5.43,8.06,9.53
2022-10-12,4.99,9.09,5.42,8.06,9.54
2022-10-13,4.98,9.05,5.4,8.03,9.49
2022-10-14,4.99,9.01,5.41,8.0,9.45
2022-10-17,5.02,9.02,5.44,8.01,9.46
2022-10-18,5.04,9.03,5.47,8.04,9.47
2022-10-19,5.01,8.96,5.43,7.96,9.39
2022-10-20,5.0,8.9,5.42,7.92,9.33
2022-10-21,5.0,8.9,5.41,7.93,9.34
2022-10-24,5.02,8.89,5.43,7.94,9.32
2022-10-25,5.04,8.98,5.45,8.02,9.41
2022-10-26,5.07,9.02,5.48,8.06,9.46
2022-10-27,5.1,9.07,5.51,8.1,9.51
2022-10-28,5.12,9.04,5.53,8.08,9.48
2022-10-31,5.09,9.0,5.52,8.05,9.43
2022-11-01,5.1,9.02,5.52,8.07,9.44
2022-11-02,5.09,9.01,5.52,8.06,9.43
2022-11-03,5.04,8.97,5.46,8.02,9.4
2022-11-04,5.05,8.96,5.47,8.02,9.39
2022-11-07,5.06,8.93,5.48,8.01,9.36
2022-11-08,5.06,8.97,5.48,8.06,9.4
2022-11-09,5.04,8.99,5.45,8.06,9.41
2022-11-10,5.12,9.16,5.53,8.24,9.59
2022-11-11,5.12,9.15,5.54,8.23,9.58
2022-11-14,5.15,9.14,5.57,8.24,9.56
2022-11-15,5.17,9.2,5.6,8.3,9.61
2022-11-16,5.17,9.26,5.6,8.35,9.67
2022-11-17,5.15,9.21,5.58,8.3,9.62
2022-11-18,5.15,9.2,5.58,8.29,9.6
2022-11-21,5.16,9.2,5.58,8.29,9.6
2022-11-22,5.18,9.24,5.6,8.33,9.64
2022-11-23,5.2,9.29,5.62,8.37,9.69
2022-11-25,5.21,9.29,5.63,8.39,9.69
2022-11-28,5.18,9.29,5.62,8.37,9.69
2022-11-29,5.17,9.25,5.61,8.33,9.65
2022-11-30,5.2,9.3,5.62,8.4,9.71
2022-12-01,5.24,9.4,5.68,8.48,9.8
2022-12-02,5.24,9.43,5.67,8.5,9.83
2022-12-05,5.23,9.36,5.67,8.43,9.75
2022-12-06,5.21,9.4,5.65,8.47,9.79
2022-12-07,5.22,9.48,5.64,8.52,9.88
2022-12-08,5.22,9.44,5.66,8.49,9.83
2022-12-09,5.23,9.38,5.66,8.45,9.76
2022-12-12,5.23,9.38,5.66,8.45,9.76
2022-12-13,5.27,9.44,5.71,8.51,9.83
2022-12-14,5.27,9.46,5.71,8.53,9.86
2022-12-15,5.25,9.48,5.68,8.53,9.87
2022-12-16,5.23,9.46,5.65,8.51,9.85
2022-12-19,5.21,9.4,5.63,8.45,9.79
2022-12-20,5.19,9.33,5.61,8.4,9.72
2022-12-21,5.22,9.34,5.63,8.42,9.74
2022-12-22,5.2,9.34,5.62,8.41,9.73
2022-12-23,5.2,9.3,5.61,8.39,9.69
2022-12-27,5.18,9.24,5.61,8.34,9.62
2022-12-28,5.15,9.22,5.57,8.32,9.6
2022-12-29,5.15,9.25,5.55,8.35,9.63
2022-12-30,5.15,9.21,5.56,8.32,9.59
2023-01-03,5.17,9.26,5.58,8.36,9.64
2023-01-04,5.2,9.31,5.61,8.4,9.7
2023-01-05,5.2,9.3,5.61,8.39,9.69
2023-01-06,5.25,9.39,5.67,8.48,9.79
2023-01-09,5.28,9.42,5.72,8.51,9.82
2023-01-10,5.27,9.38,5.71,8.49,9.77
2023-01-11,5.29,9.44,5.74,8.54,9.82
2023-01-12,5.31,9.51,5.77,8.61,9.9
2023-01-13,5.32,9.47,5.77,8.58,9.86
2023-01-17,5.31,9.46,5.77,8.58,9.84
2023-01-18,5.33,9.56,5.79,8.67,9.94
2023-01-19,5.3,9.54,5.76,8.64,9.91
2023-01-20,5.29,9.49,5.75,8.6,9.86
2023-01-23,5.3,9.46,5.76,8.59,9.83
2023-01-24,5.3,9.5,5.76,8.62,9.88
2023-01-25,5.3,9.52,5.76,8.63,9.89
2023-01-26,5.31,9.5,5.77,8.62,9.87
2023-01-27,5.31,9.49,5.77,8.61,9.86
2023-01-30,5.29,9.47,5.76,8.58,9.83
2023-01-31,5.3,9.5,5.76,8.62,9.85
2023-02-01,5.32,9.57,5.77,8.68,9.93
2023-02-02,5.38,9.57,5.85,8.7,9.93
2023-02-03,5.34,9.5,5.82,8.63,9.85
2023-02-06,5.31,9.43,5.78,8.56,9.77
2023-02-07,5.3,9.41,5.78,8.54,9.75
2023-02-08,5.3,9.43,5.77,8.56,9.77
2023-02-09,5.28,9.39,5.76,8.52,9.74
2023-02-10,5.24,9.35,5.71,8.47,9.7
2023-02-13,5.24,9.37,5.71,8.48,9.72
2023-02-14,5.23,9.34,5.7,8.45,9.67
2023-02-15,5.22,9.32,5.69,8.43,9.65
2023-02-16,5.2,9.29,5.67,8.4,9.62
2023-02-17,5.19,9.3,5.64,8.41,9.64
2023-02-21,5.14,9.22,5.6,8.32,9.55
2023-02-22,5.16,9.23,5.61,8.34,9.57
2023-02-23,5.19,9.26,5.64,8.36,9.6
2023-02-24,5.18,9.21,5.63,8.32,9.54
2023-02-27,5.19,9.22,5.65,8.33,9.56
2023-02-28,5.19,9.23,5.66,8.34,9.56
2023-03-01,5.18,9.17,5.64,8.28,9.5
2023-03-02,5.17,9.14,5.63,8.26,9.46
2023-03-03,5.2,9.2,5.66,8.33,9.53
2023-03-06,5.22,9.19,5.69,8.32,9.51
2023-03-07,5.2,9.18,5.67,8.31,9.49
2023-03-08,5.18,9.17,5.64,8.29,9.49
2023-03-09,5.17,9.21,5.63,8.31,9.53
2023-03-10,5.16,9.32,5.6,8.39,9.67
2023-03-13,5.15,9.38,5.58,8.42,9.77
2023-03-14,5.17,9.32,5.6,8.39,9.69
2023-03-15,5.13,9.41,5.55,8.45,9.8
2023-03-16,5.15,9.36,5.57,8.42,9.75
2023-03-17,5.14,9.45,5.57,8.49,9.85
2023-03-20,5.13,9.4,5.56,8.46,9.79
2023-03-21,5.16,9.36,5.58,8.45,9.72
2023-03-22,5.17,9.45,5.6,8.55,9.83
2023-03-23,5.17,9.48,5.61,8.57,9.86
2023-03-24,5.16,9.48,5.58,8.57,9.87
2023-03-27,5.16,9.39,5.59,8.5,9.76
2023-03-28,5.16,9.37,5.58,8.48,9.74
2023-03-29,5.18,9.37,5.6,8.49,9.73
2023-03-30,5.2,9.39,5.63,8.51,9.75
2023-03-31,5.24,9.43,5.67,8.56,9.79
2023-04-03,5.25,9.47,5.69,8.61,9.83
2023-04-04,5.25,9.52,5.68,8.64,9.89
2023-04-05,5.23,9.54,5.67,8.65,9.92
2023-04-06,5.23,9.54,5.67,8.65,9.91
2023-04-10,5.23,9.46,5.67,8.59,9.82
2023-04-11,5.24,9.46,5.68,8.59,9.82
2023-04-12,5.25,9.48,5.7,8.61,9.85
2023-04-13,5.27,9.47,5.72,8.6,9.83
2023-04-14,5.26,9.42,5.71,8.57,9.77
2023-04-17,5.24,9.37,5.7,8.53,9.71
2023-04-18,5.25,9.38,5.7,8.55,9.72
2023-04-19,5.23,9.37,5.69,8.53,9.7
2023-04-20,5.22,9.4,5.68,8.55,9.75
2023-04-21,5.23,9.39,5.68,8.54,9.73
2023-04-24,5.23,9.42,5.69,8.57,9.77
2023-04-25,5.23,9.49,5.69,8.63,9.84
2023-04-26,5.23,9.46,5.68,8.6,9.81
2023-04-27,5.23,9.41,5.68,8.56,9.75
2023-04-28,5.25,9.46,5.69,8.61,9.8
2023-05-01,5.24,9.37,5.69,8.52,9.71
2023-05-02,5.23,9.46,5.67,8.59,9.81
2023-05-03,5.23,9.5,5.67,8.63,9.86
2023-05-04,5.21,9.49,5.65,8.6,9.86
2023-05-05,5.23,9.45,5.66,8.57,9.81
2023-05-08,5.22,9.4,5.66,8.53,9.75
2023-05-09,5.21,9.39,5.65,8.52,9.74
2023-05-10,5.23,9.45,5.66,8.57,9.81
2023-05-11,5.23,9.47,5.66,8.59,9.83
2023-05-12,5.22,9.42,5.66,8.55,9.78
2023-05-15,5.22,9.4,5.65,8.53,9.75
2023-05-16,5.2,9.37,5.63,8.5,9.73
2023-05-17,5.2,9.35,5.62,8.48,9.7
2023-05-18,5.19,9.3,5.62,8.44,9.65
2023-05-19,5.19,9.28,5.62,8.43,9.61
2023-05-22,5.2,9.27,5.62,8.43,9.6
2023-05-23,5.19,9.27,5.61,8.44,9.61
2023-05-24,5.17,9.25,5.58,8.42,9.58
2023-05-25,5.16,9.2,5.58,8.38,9.52
2023-05-26,5.16,9.2,5.59,8.39,9.52
2023-05-30,5.18,9.27,5.61,8.45,9.6
2023-05-31,5.18,9.31,5.6,8.47,9.64
2023-06-01,5.2,9.33,5.62,8.5,9.66
2023-06-02,5.22,9.27,5.65,8.46,9.6
2023-06-05,5.22,9.27,5.65,8.46,9.6
2023-06-06,5.22,9.28,5.65,8.46,9.6
2023-06-07,5.21,9.23,5.65,8.4,9.55
2023-06-08,5.22,9.27,5.66,8.44,9.6
2023-06-09,5.22,9.25,5.66,8.42,9.58
2023-06-12,5.22,9.26,5.67,8.43,9.59
2023-06-13,5.22,9.21,5.68,8.38,9.53
2023-06-14,5.22,9.22,5.68,8.39,9.54
2023-06-15,5.23,9.27,5.68,8.45,9.6
2023-06-16,5.23,9.25,5.69,8.43,9.57
2023-06-20,5.22,9.27,5.68,8.45,9.58
2023-06-21,5.21,9.28,5.66,8.45,9.59
2023-06-22,5.2,9.23,5.65,8.41,9.53
2023-06-23,5.18,9.26,5.64,8.43,9.57
2023-06-26,5.19,9.27,5.64,8.45,9.59
2023-06-27,5.2,9.25,5.65,8.42,9.56
2023-06-28,5.21,9.27,5.66,8.46,9.59
2023-06-29,5.2,9.2,5.66,8.4,9.49
2023-06-30,5.22,9.22,5.67,8.43,9.52
2023-07-03,5.22,9.2,5.68,8.41,9.49
2023-07-05,5.2,9.16,5.67,8.37,9.44
2023-07-06,5.17,9.09,5.63,8.3,9.37
2023-07-07,5.17,9.09,5.64,8.3,9.37
2023-07-10,5.18,9.12,5.65,8.33,9.4
2023-07-11,5.2,9.13,5.66,8.35,9.41
2023-07-12,5.24,9.21,5.7,8.43,9.5
2023-07-13,5.26,9.27,5.73,8.49,9.57
2023-07-14,5.25,9.23,5.73,8.44,9.52
2023-07-17,5.24,9.24,5.71,8.45,9.54
2023-07-18,5.25,9.25,5.73,8.46,9.54
2023-07-19,5.26,9.28,5.73,8.49,9.57
2023-07-20,5.24,9.22,5.72,8.43,9.5
2023-07-21,5.25,9.22,5.72,8.44,9.51
2023-07-24,5.25,9.21,5.73,8.43,9.49
2023-07-25,5.24,9.2,5.72,8.42,9.47
2023-07-26,5.24,9.22,5.72,8.45,9.51
2023-07-27,5.23,9.14,5.72,8.39,9.41
2023-07-28,5.24,9.17,5.72,8.42,9.45
2023-07-31,5.25,9.18,5.73,8.44,9.45
2023-08-01,5.23,9.13,5.71,8.39,9.39
2023-08-02,5.21,9.1,5.69,8.36,9.37
2023-08-03,5.2,9.04,5.67,8.31,9.3
2023-08-04,5.22,9.12,5.69,8.38,9.39
2023-08-07,5.22,9.1,5.7,8.37,9.38
2023-08-08,5.22,9.13,5.7,8.39,9.41
2023-08-09,5.22,9.14,5.71,8.4,9.42
2023-08-10,5.23,9.08,5.72,8.35,9.36
2023-08-11,5.22,9.04,5.7,8.31,9.31
2023-08-14,5.21,9.03,5.7,8.3,9.29
2023-08-15,5.2,9.01,5.68,8.28,9.27
2023-08-16,5.19,8.98,5.68,8.25,9.25
2023-08-17,5.17,8.97,5.66,8.23,9.23
2023-08-18,5.17,8.99,5.64,8.25,9.26
2023-08-21,5.16,8.94,5.64,8.21,9.2
2023-08-22,5.17,8.95,5.64,8.22,9.2
2023-08-23,5.19,9.03,5.67,8.29,9.29
2023-08-24,5.18,9.01,5.67,8.27,9.26
2023-08-25,5.19,9.0,5.66,8.27,9.26
2023-08-28,5.2,9.02,5.67,8.29,9.28
2023-08-29,5.22,9.08,5.69,8.35,9.34
2023-08-30,5.23,9.08,5.71,8.34,9.34
2023-08-31,5.23,9.09,5.71,8.36,9.35
2023-09-01,5.23,9.05,5.71,8.31,9.31
2023-09-05,5.21,8.99,5.7,8.27,9.25
2023-09-06,5.2,8.98,5.68,8.24,9.23
2023-09-07,5.2,9.0,5.69,8.27,9.25
2023-09-08,5.2,9.01,5.7,8.27,9.26
2023-09-11,5.2,8.99,5.7,8.26,9.24
2023-09-12,5.2,9.0,5.7,8.26,9.25
2023-09-13,5.2,9.01,5.7,8.27,9.26
2023-09-14,5.21,8.99,5.71,8.26,9.24
2023-09-15,5.2,8.97,5.71,8.24,9.22
2023-09-18,5.19,8.98,5.7,8.25,9.23
2023-09-19,5.18,8.95,5.69,8.22,9.19
2023-09-20,5.19,8.95,5.69,8.22,9.19
2023-09-21,5.16,8.88,5.66,8.17,9.12
2023-09-22,5.16,8.91,5.66,8.2,9.15
2023-09-25,5.15,8.85,5.64,8.15,9.07
2023-09-26,5.13,8.84,5.63,8.14,9.06
2023-09-27,5.12,8.8,5.62,8.1,9.02
2023-09-28,5.13,8.82,5.61,8.11,9.05
2023-09-29,5.13,8.82,5.63,8.11,9.05
2023-10-02,5.1,8.75,5.6,8.05,8.98
2023-10-03,5.06,8.68,5.55,7.98,8.9
2023-10-04,5.07,8.73,5.55,8.02,8.96
2023-10-05,5.07,8.74,5.55,8.03,8.97
2023-10-06,5.07,8.7,5.54,8.0,8.93
2023-10-09,5.07,8.78,5.55,8.07,9.02
2023-10-10,5.11,8.78,5.59,8.08,9.01
2023-10-11,5.11,8.81,5.59,8.11,9.04
2023-10-12,5.09,8.74,5.57,8.05,8.96
2023-10-13,5.09,8.78,5.57,8.08,9.0
2023-10-16,5.08,8.73,5.56,8.04,8.95
2023-10-17,5.06,8.66,5.54,7.98,8.87
2023-10-18,5.04,8.62,5.51,7.94,8.83
2023-10-19,5.03,8.58,5.5,7.89,8.79
2023-10-20,5.03,8.6,5.48,7.92,8.82
2023-10-23,5.03,8.64,5.49,7.96,8.86
2023-10-24,5.05,8.66,5.51,7.98,8.88
2023-10-25,5.05,8.6,5.5,7.93,8.81
2023-10-26,5.04,8.65,5.49,7.97,8.87
2023-10-27,5.05,8.66,5.5,7.98,8.88
2023-10-30,5.05,8.64,5.5,7.95,8.86
2023-10-31,5.07,8.63,5.51,7.94,8.86
2023-11-01,5.09,8.72,5.53,8.02,8.95
2023-11-02,5.15,8.77,5.59,8.08,9.0
2023-11-03,5.19,8.84,5.64,8.14,9.08
2023-11-06,5.18,8.79,5.64,8.1,9.02
2023-11-07,5.17,8.83,5.63,8.14,9.07
2023-11-08,5.18,8.86,5.63,8.16,9.1
2023-11-09,5.16,8.79,5.62,8.1,9.02
2023-11-10,5.16,8.8,5.62,8.12,9.02
2023-11-13,5.16,8.8,5.62,8.12,9.02
2023-11-14,5.21,8.92,5.67,8.24,9.15
2023-11-15,5.2,8.86,5.67,8.2,9.08
2023-11-16,5.2,8.91,5.67,8.25,9.14
2023-11-17,5.21,8.92,5.67,8.26,9.15
2023-11-20,5.22,8.93,5.68,8.28,9.16
2023-11-21,5.22,8.94,5.68,8.28,9.17
2023-11-22,5.23,8.94,5.69,8.29,9.16
2023-11-24,5.22,8.9,5.69,8.27,9.12
2023-11-27,5.23,8.96,5.7,8.32,9.18
2023-11-28,5.24,9.0,5.71,8.35,9.22
2023-11-29,5.27,9.05,5.75,8.4,9.27
2023-11-30,5.27,9.01,5.74,8.37,9.22
2023-12-01,5.29,9.09,5.75,8.44,9.31
2023-12-04,5.29,9.06,5.76,8.41,9.28
2023-12-05,5.3,9.11,5.76,8.45,9.34
2023-12-06,5.3,9.15,5.77,8.47,9.37
2023-12-07,5.3,9.14,5.77,8.46,9.37
2023-12-08,5.29,9.09,5.76,8.42,9.31
2023-12-11,5.29,9.09,5.76,8.43,9.31
2023-12-12,5.29,9.11,5.76,8.45,9.33
2023-12-13,5.33,9.23,5.8,8.57,9.46
2023-12-14,5.39,9.31,5.88,8.64,9.53
2023-12-15,5.38,9.3,5.87,8.63,9.51
2023-12-18,5.38,9.27,5.87,8.61,9.49
2023-12-19,5.39,9.29,5.88,8.62,9.51
2023-12-20,5.4,9.32,5.89,8.65,9.54
2023-12-21,5.4,9.31,5.9,8.64,9.54
2023-12-22,5.41,9.31,5.9,8.64,9.54
2023-12-26,5.41,9.31,5.9,8.65,9.55
2023-12-27,5.42,9.38,5.91,8.71,9.61
2023-12-28,5.42,9.35,5.92,8.69,9.57
2023-12-29,5.42,9.33,5.92,8.68,9.56
2024-01-02,5.39,9.29,5.89,8.63,9.51
2024-01-03,5.37,9.29,5.86,8.62,9.53
2024-01-04,5.36,9.24,5.85,8.58,9.47
2024-01-05,5.35,9.22,5.85,8.56,9.45
2024-01-08,5.37,9.25,5.86,8.59,9.48
2024-01-09,5.37,9.25,5.86,8.59,9.47
2024-01-10,5.38,9.24,5.88,8.59,9.46
2024-01-11,5.39,9.28,5.88,8.63,9.51
2024-01-12,5.4,9.3,5.89,8.65,9.53
2024-01-16,5.38,9.23,5.88,8.59,9.46
2024-01-17,5.36,9.2,5.85,8.56,9.42
2024-01-18,5.36,9.19,5.86,8.56,9.4
2024-01-19,5.36,9.18,5.86,8.56,9.4
2024-01-22,5.37,9.2,5.87,8.58,9.42
2024-01-23,5.37,9.18,5.87,8.56,9.4
2024-01-24,5.37,9.16,5.87,8.55,9.37
2024-01-25,5.38,9.2,5.88,8.59,9.41
2024-01-26,5.39,9.19,5.89,8.58,9.4
2024-01-29,5.39,9.23,5.89,8.61,9.44
2024-01-30,5.39,9.24,5.89,8.61,9.45
2024-01-31,5.38,9.28,5.89,8.65,9.5
2024-02-01,5.4,9.33,5.9,8.69,9.56
2024-02-02,5.39,9.24,5.88,8.61,9.46
2024-02-05,5.37,9.17,5.86,8.55,9.37
2024-02-06,5.37,9.21,5.87,8.59,9.42
2024-02-07,5.38,9.19,5.87,8.58,9.4
2024-02-08,5.38,9.16,5.88,8.55,9.37
2024-02-09,5.38,9.15,5.88,8.54,9.36
2024-02-12,5.38,9.16,5.88,8.54,9.37
2024-02-13,5.35,9.07,5.84,8.46,9.27
2024-02-14,5.36,9.1,5.85,8.49,9.3
2024-02-15,5.37,9.13,5.86,8.52,9.33
2024-02-16,5.36,9.1,5.85,8.49,9.29
2024-02-20,5.36,9.11,5.85,8.51,9.3
2024-02-21,5.35,9.08,5.85,8.49,9.27
2024-02-22,5.37,9.08,5.86,8.5,9.27
2024-02-23,5.37,9.11,5.87,8.52,9.31
2024-02-26,5.37,9.09,5.86,8.49,9.29
2024-02-27,5.36,9.08,5.86,8.48,9.27
2024-02-28,5.36,9.1,5.85,8.49,9.3
2024-02-29,5.36,9.11,5.85,8.49,9.32
2024-03-01,5.37,9.14,5.86,8.53,9.35
2024-03-04,5.37,9.13,5.87,8.52,9.33
2024-03-05,5.37,9.17,5.87,8.55,9.38
2024-03-06,5.38,9.19,5.88,8.57,9.4
2024-03-07,5.38,9.21,5.89,8.59,9.42
2024-03-08,5.39,9.22,5.89,8.6,9.43
2024-03-11,5.38,9.21,5.89,8.59,9.41
2024-03-12,5.38,9.18,5.89,8.57,9.38
2024-03-13,5.38,9.17,5.89,8.56,9.36
2024-03-14,5.37,9.1,5.88,8.51,9.3
2024-03-15,5.36,9.09,5.88,8.5,9.29
2024-03-18,5.36,9.08,5.88,8.5,9.27
2024-03-19,5.37,9.1,5.89,8.52,9.3
2024-03-20,5.38,9.12,5.89,8.53,9.32
2024-03-21,5.38,9.13,5.88,8.54,9.32
2024-03-22,5.39,9.16,5.88,8.57,9.35
2024-03-25,5.38,9.14,5.87,8.55,9.34
2024-03-26,5.38,9.15,5.87,8.55,9.35
2024-03-27,5.38,9.17,5.87,8.57,9.37
2024-03-28,5.38,9.16,5.87,8.57,9.35
2024-04-01,5.37,9.1,5.86,8.51,9.29
2024-04-02,5.35,9.08,5.85,8.5,9.28
2024-04-03,5.36,9.09,5.84,8.51,9.28
2024-04-04,5.36,9.11,5.85,8.53,9.31
2024-04-05,5.35,9.06,5.84,8.49,9.25
2024-04-08,5.35,9.05,5.84,8.48,9.24
2024-04-09,5.36,9.08,5.85,8.5,9.27
2024-04-10,5.33,8.97,5.82,8.4,9.15
2024-04-11,5.32,8.96,5.81,8.39,9.14
2024-04-12,5.31,8.99,5.8,8.41,9.17
2024-04-15,5.3,8.92,5.78,8.35,9.11
2024-04-16,5.28,8.89,5.75,8.32,9.08
2024-04-17,5.28,8.94,5.76,8.36,9.13
2024-04-18,5.28,8.91,5.75,8.33,9.09
2024-04-19,5.28,8.92,5.76,8.34,9.1
2024-04-22,5.3,8.92,5.77,8.35,9.1
2024-04-23,5.31,8.94,5.79,8.37,9.12
2024-04-24,5.31,8.92,5.79,8.35,9.1
2024-04-25,5.29,8.88,5.76,8.32,9.06
2024-04-26,5.3,8.91,5.78,8.35,9.09
2024-04-29,5.31,8.93,5.8,8.38,9.11
2024-04-30,5.3,8.89,5.78,8.34,9.07
2024-05-01,5.31,8.93,5.78,8.37,9.11
2024-05-02,5.33,8.96,5.8,8.41,9.14
2024-05-03,5.35,9.01,5.83,8.45,9.19
2024-05-06,5.36,9.02,5.84,8.47,9.19
2024-05-07,5.36,9.04,5.85,8.48,9.21
2024-05-08,5.35,9.01,5.84,8.46,9.19
2024-05-09,5.35,9.04,5.84,8.47,9.22
2024-05-10,5.35,9.01,5.83,8.44,9.19
2024-05-13,5.35,9.02,5.83,8.45,9.2
2024-05-14,5.35,9.04,5.83,8.47,9.23
2024-05-15,5.37,9.11,5.85,8.53,9.29
2024-05-16,5.36,9.08,5.85,8.51,9.27
2024-05-17,5.36,9.06,5.85,8.5,9.24
2024-05-20,5.36,9.05,5.85,8.49,9.22
2024-05-21,5.36,9.07,5.85,8.5,9.24
2024-05-22,5.35,9.05,5.84,8.49,9.23
2024-05-23,5.35,9.02,5.83,8.46,9.19
2024-05-24,5.34,9.03,5.83,8.47,9.2
2024-05-28,5.34,8.99,5.82,8.43,9.16
2024-05-29,5.32,8.95,5.8,8.4,9.12
2024-05-30,5.33,8.99,5.81,8.43,9.16
2024-05-31,5.34,9.02,5.82,8.47,9.19
2024-06-03,5.35,9.07,5.83,8.51,9.25
2024-06-04,5.36,9.11,5.84,8.54,9.29
2024-06-05,5.37,9.13,5.85,8.56,9.31
2024-06-06,5.37,9.13,5.85,8.56,9.31
2024-06-07,5.36,9.05,5.83,8.49,9.23
2024-06-10,5.35,9.04,5.83,8.47,9.21
2024-06-11,5.36,9.07,5.83,8.51,9.25
2024-06-12,5.38,9.12,5.86,8.55,9.3
2024-06-13,5.38,9.16,5.86,8.59,9.34
2024-06-14,5.36,9.17,5.84,8.58,9.35
2024-06-17,5.36,9.13,5.84,8.55,9.32
2024-06-18,5.37,9.16,5.85,8.58,9.35
2024-06-20,5.37,9.14,5.85,8.56,9.33
2024-06-21,5.37,9.14,5.85,8.56,9.34
2024-06-24,5.37,9.15,5.85,8.56,9.34
2024-06-25,5.37,9.15,5.86,8.57,9.34
2024-06-26,5.37,9.1,5.85,8.52,9.29
2024-06-27,5.37,9.12,5.85,8.54,9.31
2024-06-28,5.37,9.08,5.85,8.51,9.26
2024-07-01,5.36,9.02,5.84,8.47,9.2
2024-07-02,5.36,9.04,5.84,8.5,9.23
2024-07-03,5.37,9.09,5.84,8.54,9.27
2024-07-05,5.38,9.14,5.85,8.59,9.32
2024-07-08,5.39,9.14,5.86,8.59,9.32
2024-07-09,5.38,9.13,5.86,8.58,9.31
2024-07-10,5.39,9.14,5.87,8.59,9.32
2024-07-11,5.4,9.19,5.89,8.63,9.37
2024-07-12,5.41,9.21,5.89,8.65,9.39
2024-07-15,5.41,9.18,5.9,8.63,9.36
2024-07-16,5.42,9.21,5.91,8.65,9.4
2024-07-17,5.42,9.22,5.91,8.65,9.41
2024-07-18,5.42,9.19,5.91,8.63,9.38
2024-07-19,5.41,9.17,5.9,8.61,9.35
2024-07-22,5.42,9.16,5.9,8.61,9.34
2024-07-23,5.42,9.16,5.91,8.61,9.35
2024-07-24,5.41,9.14,5.9,8.58,9.32
2024-07-25,5.41,9.15,5.9,8.6,9.34
2024-07-26,5.42,9.19,5.91,8.63,9.37
2024-07-29,5.42,9.2,5.91,8.64,9.39
2024-07-30,5.42,9.21,5.9,8.65,9.4
2024-07-31,5.43,9.26,5.91,8.7,9.45
2024-08-01,5.43,9.3,5.91,8.72,9.5
2024-08-02,5.42,9.41,5.89,8.8,9.62
2024-08-05,5.39,9.39,5.86,8.77,9.62
2024-08-06,5.41,9.33,5.88,8.73,9.55
2024-08-07,5.42,9.31,5.89,8.71,9.52
2024-08-08,5.42,9.29,5.89,8.7,9.5
2024-08-09,5.42,9.31,5.9,8.73,9.53
2024-08-12,5.42,9.33,5.9,8.75,9.54
2024-08-13,5.43,9.36,5.91,8.78,9.58
2024-08-14,5.44,9.38,5.91,8.8,9.59
2024-08-15,5.44,9.34,5.92,8.77,9.54
2024-08-16,5.45,9.36,5.93,8.79,9.55
2024-08-19,5.46,9.37,5.94,8.8,9.56
2024-08-20,5.47,9.4,5.94,8.82,9.59
2024-08-21,5.47,9.42,5.94,8.84,9.62
2024-08-22,5.47,9.38,5.94,8.81,9.57
2024-08-23,5.48,9.41,5.96,8.85,9.61
2024-08-26,5.49,9.41,5.96,8.84,9.61
2024-08-27,5.49,9.41,5.96,8.84,9.61
2024-08-28,5.48,9.4,5.96,8.83,9.6
2024-08-29,5.49,9.39,5.96,8.82,9.58
2024-08-30,5.48,9.36,5.96,8.8,9.56
2024-09-03,5.48,9.4,5.95,8.83,9.6
2024-09-04,5.48,9.44,5.95,8.87,9.65
2024-09-05,5.49,9.46,5.96,8.89,9.66
2024-09-06,5.49,9.48,5.96,8.9,9.68
2024-09-09,5.49,9.49,5.96,8.91,9.69
2024-09-10,5.49,9.52,5.96,8.93,9.73
2024-09-11,5.49,9.51,5.96,8.92,9.72
2024-09-12,5.5,9.5,5.97,8.92,9.7
2024-09-13,5.51,9.52,5.98,8.94,9.72
2024-09-16,5.51,9.55,5.99,8.96,9.75
2024-09-17,5.52,9.53,6.0,8.95,9.73
2024-09-18,5.52,9.5,6.0,8.93,9.69
2024-09-19,5.53,9.5,6.02,8.94,9.69
2024-09-20,5.53,9.49,6.01,8.93,9.69
2024-09-23,5.53,9.48,6.0,8.93,9.67
2024-09-24,5.53,9.5,6.0,8.94,9.69
2024-09-25,5.52,9.46,6.0,8.91,9.65
2024-09-26,5.52,9.46,6.0,8.9,9.65
2024-09-27,5.53,9.48,6.01,8.93,9.67
2024-09-30,5.52,9.46,6.0,8.91,9.64
2024-10-01,5.52,9.48,6.0,8.94,9.67
2024-10-02,5.52,9.46,6.0,8.92,9.65
2024-10-03,5.51,9.43,5.99,8.89,9.61
2024-10-04,5.51,9.35,5.98,8.83,9.53
2024-10-07,5.49,9.32,5.97,8.8,9.5
2024-10-08,5.48,9.33,5.96,8.8,9.5
2024-10-09,5.48,9.3,5.96,8.78,9.48
2024-10-10,5.48,9.3,5.95,8.78,9.47
2024-10-11,5.48,9.3,5.96,8.79,9.47
2024-10-14,5.48,9.29,5.96,8.77,9.46
2024-10-15,5.49,9.32,5.96,8.81,9.49
2024-10-16,5.49,9.34,5.97,8.82,9.5
2024-10-17,5.49,9.29,5.97,8.79,9.46
2024-10-18,5.49,9.3,5.97,8.79,9.46
2024-10-21,5.48,9.23,5.96,8.73,9.4
2024-10-22,5.47,9.22,5.95,8.72,9.39
2024-10-23,5.46,9.2,5.93,8.69,9.37
2024-10-24,5.46,9.21,5.94,8.71,9.38
2024-10-25,5.46,9.19,5.94,8.7,9.36
2024-10-28,5.46,9.17,5.94,8.68,9.34
2024-10-29,5.46,9.18,5.94,8.68,9.35
2024-10-30,5.46,9.17,5.94,8.67,9.33
2024-10-31,5.45,9.16,5.93,8.66,9.32
2024-11-01,5.45,9.13,5.94,8.62,9.29
2024-11-04,5.45,9.16,5.94,8.65,9.32
2024-11-05,5.45,9.18,5.93,8.66,9.34
2024-11-06,5.45,9.12,5.94,8.61,9.27
2024-11-07,5.47,9.18,5.95,8.68,9.33
2024-11-08,5.48,9.19,5.97,8.7,9.34
2024-11-11,5.47,9.17,5.97,8.68,9.32
2024-11-12,5.46,9.12,5.96,8.63,9.27
2024-11-13,5.46,9.12,5.96,8.62,9.27
2024-11-14,5.46,9.11,5.96,8.61,9.26
2024-11-15,5.45,9.11,5.94,8.61,9.26
2024-11-18,5.45,9.12,5.94,8.62,9.26
2024-11-19,5.46,9.13,5.95,8.64,9.27
2024-11-20,5.45,9.12,5.95,8.62,9.27
2024-11-21,5.46,9.11,5.95,8.62,9.26
2024-11-22,5.46,9.12,5.95,8.62,9.27
2024-11-25,5.47,9.2,5.96,8.69,9.35
2024-11-26,5.47,9.18,5.96,8.67,9.33
2024-11-27,5.47,9.21,5.96,8.69,9.36
2024-11-29,5.48,9.23,5.97,8.74,9.39
2024-12-02,5.48,9.24,5.97,8.73,9.39
2024-12-03,5.48,9.22,5.97,8.72,9.37
2024-12-04,5.49,9.25,5.98,8.75,9.4
2024-12-05,5.49,9.25,5.98,8.74,9.4
2024-12-06,5.49,9.27,5.99,8.76,9.42
2024-12-09,5.49,9.24,5.99,8.74,9.4
2024-12-10,5.49,9.23,5.98,8.73,9.38
2024-12-11,5.49,9.21,5.98,8.72,9.36
2024-12-12,5.48,9.17,5.98,8.69,9.32
2024-12-13,5.47,9.14,5.97,8.66,9.28
2024-12-16,5.47,9.14,5.96,8.66,9.29
2024-12-17,5.46,9.14,5.95,8.65,9.29
2024-12-18,5.44,9.08,5.94,8.59,9.22
2024-12-19,5.42,9.05,5.91,8.55,9.19
2024-12-20,5.42,9.07,5.91,8.57,9.22
2024-12-23,5.42,9.03,5.91,8.54,9.18
2024-12-24,5.42,9.04,5.91,8.55,9.18
2024-12-26,5.42,9.04,5.91,8.56,9.19
2024-12-27,5.42,9.03,5.91,8.54,9.18
2024-12-30,5.42,9.06,5.91,8.57,9.21
2024-12-31,5.42,9.05,5.91,8.56,9.2
2025-01-02,5.43,9.05,5.92,8.56,9.2
2025-01-03,5.43,9.04,5.93,8.54,9.19
2025-01-06,5.44,9.03,5.94,8.53,9.18
2025-01-07,5.43,9.0,5.93,8.5,9.15
2025-01-08,5.42,9.0,5.92,8.51,9.15
2025-01-10,5.41,8.94,5.91,8.45,9.09
2025-01-13,5.4,8.93,5.89,8.43,9.08
2025-01-14,5.4,8.93,5.9,8.44,9.08
2025-01-15,5.43,9.01,5.93,8.52,9.16
2025-01-16,5.44,9.03,5.93,8.54,9.18
2025-01-17,5.45,9.03,5.94,8.54,9.18
2025-01-21,5.45,9.05,5.95,8.57,9.2
2025-01-22,5.45,9.04,5.95,8.55,9.19
2025-01-23,5.45,9.02,5.95,8.53,9.17
2025-01-24,5.45,9.03,5.95,8.55,9.18
2025-01-27,5.46,9.08,5.95,8.59,9.22
2025-01-28,5.46,9.07,5.95,8.59,9.22
2025-01-29,5.46,9.07,5.95,8.58,9.22
2025-01-30,5.46,9.08,5.96,8.59,9.23
2025-01-31,5.46,9.07,5.96,8.58,9.22
2025-02-03,5.45,9.07,5.94,8.58,9.22
2025-02-04,5.46,9.08,5.95,8.6,9.23
2025-02-05,5.47,9.13,5.96,8.64,9.28
2025-02-06,5.47,9.12,5.96,8.62,9.27
2025-02-07,5.46,9.09,5.95,8.59,9.24
2025-02-10,5.46,9.09,5.96,8.59,9.24
2025-02-11,5.46,9.07,5.95,8.58,9.22
2025-02-12,5.44,9.02,5.93,8.54,9.17
2025-02-13,5.45,9.08,5.95,8.59,9.22
2025-02-14,5.47,9.1,5.96,8.62,9.25
2025-02-18,5.46,9.07,5.95,8.59,9.21
2025-02-19,5.46,9.08,5.95,8.6,9.23
2025-02-20,5.46,9.09,5.95,8.61,9.24
2025-02-21,5.46,9.13,5.95,8.64,9.28
2025-02-24,5.46,9.14,5.95,8.65,9.29
2025-02-25,5.47,9.19,5.96,8.7,9.35
2025-02-26,5.48,9.21,5.96,8.71,9.37
2025-02-27,5.47,9.2,5.96,8.7,9.36
2025-02-28,5.47,9.23,5.96,8.72,9.4
2025-03-03,5.47,9.24,5.96,8.74,9.41
2025-03-04,5.47,9.22,5.94,8.72,9.39
2025-03-05,5.47,9.18,5.95,8.69,9.35
2025-03-06,5.46,9.18,5.93,8.68,9.35
2025-03-07,5.46,9.16,5.93,8.67,9.33
2025-03-10,5.45,9.2,5.92,8.7,9.38
2025-03-11,5.44,9.17,5.9,8.66,9.34
2025-03-12,5.44,9.15,5.91,8.64,9.33
2025-03-13,5.42,9.16,5.88,8.65,9.35
2025-03-14,5.43,9.14,5.89,8.64,9.32
2025-03-17,5.43,9.15,5.89,8.65,9.33
2025-03-18,5.43,9.16,5.89,8.66,9.34
2025-03-19,5.44,9.18,5.9,8.69,9.36
2025-03-20,5.45,9.19,5.91,8.7,9.37
2025-03-21,5.44,9.18,5.9,8.69,9.36
2025-03-24,5.45,9.13,5.92,8.65,9.31
2025-03-25,5.45,9.14,5.92,8.67,9.32
2025-03-26,5.44,9.12,5.9,8.65,9.31
