date,index_fund_name
01-04-2016,2072.78
04-04-2016,2066.13
05-04-2016,2045.17
06-04-2016,2066.66
07-04-2016,2041.91
08-04-2016,2047.6
11-04-2016,2041.99
12-04-2016,2061.72
13-04-2016,2082.42
14-04-2016,2082.78
15-04-2016,2080.73
18-04-2016,2094.34
19-04-2016,2100.8
20-04-2016,2102.4
21-04-2016,2091.48
22-04-2016,2091.58
25-04-2016,2087.79
26-04-2016,2091.7
27-04-2016,2095.15
28-04-2016,2075.81
29-04-2016,2065.3
02-05-2016,2081.43
03-05-2016,2063.37
04-05-2016,2051.12
05-05-2016,2050.63
06-05-2016,2057.14
09-05-2016,2058.69
10-05-2016,2084.39
11-05-2016,2064.46
12-05-2016,2064.11
13-05-2016,2046.61
16-05-2016,2066.66
17-05-2016,2047.21
18-05-2016,2047.63
19-05-2016,2040.04
20-05-2016,2052.32
23-05-2016,2048.04
24-05-2016,2076.06
25-05-2016,2090.54
26-05-2016,2090.1
27-05-2016,2099.06
31-05-2016,2096.96
01-06-2016,2099.33
02-06-2016,2105.26
03-06-2016,2099.13
06-06-2016,2109.41
07-06-2016,2112.13
08-06-2016,2119.12
09-06-2016,2115.48
10-06-2016,2096.07
13-06-2016,2079.06
14-06-2016,2075.32
15-06-2016,2071.5
16-06-2016,2077.99
17-06-2016,2071.22
20-06-2016,2083.25
21-06-2016,2088.9
22-06-2016,2085.45
23-06-2016,2113.32
24-06-2016,2037.41
27-06-2016,2000.54
28-06-2016,2036.09
29-06-2016,2070.77
30-06-2016,2098.86
01-07-2016,2102.95
05-07-2016,2088.55
06-07-2016,2099.73
07-07-2016,2097.9
08-07-2016,2129.9
11-07-2016,2137.16
12-07-2016,2152.14
13-07-2016,2152.43
14-07-2016,2163.75
15-07-2016,2161.74
18-07-2016,2166.89
19-07-2016,2163.78
20-07-2016,2173.02
21-07-2016,2165.17
22-07-2016,2175.03
25-07-2016,2168.48
26-07-2016,2169.18
27-07-2016,2166.58
28-07-2016,2170.06
29-07-2016,2173.6
01-08-2016,2170.84
02-08-2016,2157.03
03-08-2016,2163.79
04-08-2016,2164.25
05-08-2016,2182.87
08-08-2016,2180.89
09-08-2016,2181.74
10-08-2016,2175.49
11-08-2016,2185.79
12-08-2016,2184.05
15-08-2016,2190.15
16-08-2016,2178.15
17-08-2016,2182.22
18-08-2016,2187.02
19-08-2016,2183.87
22-08-2016,2182.64
23-08-2016,2186.9
24-08-2016,2175.44
25-08-2016,2172.47
26-08-2016,2169.04
29-08-2016,2180.38
30-08-2016,2176.12
31-08-2016,2170.95
01-09-2016,2170.86
02-09-2016,2179.98
06-09-2016,2186.48
07-09-2016,2186.16
08-09-2016,2181.3
09-09-2016,2127.81
12-09-2016,2159.04
13-09-2016,2127.02
14-09-2016,2125.77
15-09-2016,2147.26
16-09-2016,2139.16
19-09-2016,2139.12
20-09-2016,2139.76
21-09-2016,2163.12
22-09-2016,2177.18
23-09-2016,2164.69
26-09-2016,2146.1
27-09-2016,2159.93
28-09-2016,2171.37
29-09-2016,2151.13
30-09-2016,2168.27
03-10-2016,2161.2
04-10-2016,2150.49
05-10-2016,2159.73
06-10-2016,2160.77
07-10-2016,2153.74
10-10-2016,2163.66
11-10-2016,2136.73
12-10-2016,2139.18
13-10-2016,2132.55
14-10-2016,2132.98
17-10-2016,2126.5
18-10-2016,2139.6
19-10-2016,2144.29
20-10-2016,2141.34
21-10-2016,2141.16
24-10-2016,2151.33
25-10-2016,2143.16
26-10-2016,2139.43
27-10-2016,2133.04
28-10-2016,2126.41
31-10-2016,2126.15
01-11-2016,2111.72
02-11-2016,2097.94
03-11-2016,2088.66
04-11-2016,2085.18
07-11-2016,2131.52
08-11-2016,2139.56
09-11-2016,2163.26
10-11-2016,2167.48
11-11-2016,2164.45
14-11-2016,2164.2
15-11-2016,2180.39
16-11-2016,2176.94
17-11-2016,2187.12
18-11-2016,2181.9
21-11-2016,2198.18
22-11-2016,2202.94
23-11-2016,2204.72
25-11-2016,2213.35
28-11-2016,2201.72
29-11-2016,2204.66
30-11-2016,2198.81
01-12-2016,2191.08
02-12-2016,2191.95
05-12-2016,2204.71
06-12-2016,2212.23
07-12-2016,2241.35
08-12-2016,2246.19
09-12-2016,2259.53
12-12-2016,2256.96
13-12-2016,2271.72
14-12-2016,2253.28
15-12-2016,2262.03
16-12-2016,2258.07
19-12-2016,2262.53
20-12-2016,2270.76
21-12-2016,2265.18
22-12-2016,2260.96
23-12-2016,2263.79
27-12-2016,2268.88
28-12-2016,2249.92
29-12-2016,2249.26
30-12-2016,2238.83
03-01-2017,2257.83
04-01-2017,2270.75
05-01-2017,2269
06-01-2017,2276.98
09-01-2017,2268.9
10-01-2017,2268.9
11-01-2017,2275.32
12-01-2017,2270.44
13-01-2017,2274.64
17-01-2017,2267.89
18-01-2017,2271.89
19-01-2017,2263.69
20-01-2017,2271.31
23-01-2017,2265.2
24-01-2017,2280.07
25-01-2017,2298.37
26-01-2017,2296.68
27-01-2017,2294.69
30-01-2017,2280.9
31-01-2017,2278.87
01-02-2017,2279.55
02-02-2017,2280.85
03-02-2017,2297.42
06-02-2017,2292.56
07-02-2017,2293.08
08-02-2017,2294.67
09-02-2017,2307.87
10-02-2017,2316.1
13-02-2017,2328.25
14-02-2017,2337.58
15-02-2017,2349.25
16-02-2017,2347.22
17-02-2017,2351.16
21-02-2017,2365.38
22-02-2017,2362.82
23-02-2017,2363.81
24-02-2017,2367.34
27-02-2017,2369.75
28-02-2017,2363.64
01-03-2017,2395.96
02-03-2017,2381.92
03-03-2017,2383.12
06-03-2017,2375.31
07-03-2017,2368.39
08-03-2017,2362.98
09-03-2017,2364.87
10-03-2017,2372.6
13-03-2017,2373.47
14-03-2017,2365.45
15-03-2017,2385.26
16-03-2017,2381.38
17-03-2017,2378.25
20-03-2017,2373.47
21-03-2017,2344.02
22-03-2017,2348.45
23-03-2017,2345.96
24-03-2017,2343.98
27-03-2017,2341.59
28-03-2017,2358.57
29-03-2017,2361.13
30-03-2017,2368.06
31-03-2017,2362.72
03-04-2017,2358.84
04-04-2017,2360.16
05-04-2017,2352.95
06-04-2017,2357.49
07-04-2017,2355.54
10-04-2017,2357.16
11-04-2017,2353.78
12-04-2017,2344.93
13-04-2017,2328.95
17-04-2017,2349.01
18-04-2017,2342.19
19-04-2017,2338.17
20-04-2017,2355.84
21-04-2017,2348.69
24-04-2017,2374.15
25-04-2017,2388.61
26-04-2017,2387.45
27-04-2017,2388.77
28-04-2017,2384.2
01-05-2017,2388.33
02-05-2017,2391.17
03-05-2017,2388.13
04-05-2017,2389.52
05-05-2017,2399.29
08-05-2017,2399.38
09-05-2017,2396.92
10-05-2017,2399.63
11-05-2017,2394.44
12-05-2017,2390.9
15-05-2017,2402.32
16-05-2017,2400.67
17-05-2017,2357.03
18-05-2017,2365.72
19-05-2017,2381.73
22-05-2017,2394.02
23-05-2017,2398.42
24-05-2017,2404.39
25-05-2017,2415.07
26-05-2017,2415.82
30-05-2017,2412.91
31-05-2017,2411.8
01-06-2017,2430.06
02-06-2017,2439.07
05-06-2017,2436.1
06-06-2017,2429.33
07-06-2017,2433.14
08-06-2017,2433.79
09-06-2017,2431.77
12-06-2017,2429.39
13-06-2017,2440.35
14-06-2017,2437.92
15-06-2017,2432.46
16-06-2017,2433.15
19-06-2017,2453.46
20-06-2017,2437.03
21-06-2017,2435.61
22-06-2017,2434.5
23-06-2017,2438.3
26-06-2017,2439.07
27-06-2017,2419.38
28-06-2017,2440.69
29-06-2017,2419.7
30-06-2017,2423.41
03-07-2017,2429.01
05-07-2017,2432.54
06-07-2017,2409.75
07-07-2017,2425.18
10-07-2017,2427.43
11-07-2017,2425.53
12-07-2017,2443.25
13-07-2017,2447.83
14-07-2017,2459.27
17-07-2017,2459.14
18-07-2017,2460.61
19-07-2017,2473.83
20-07-2017,2473.45
21-07-2017,2472.54
24-07-2017,2469.91
25-07-2017,2477.13
26-07-2017,2477.83
27-07-2017,2475.42
28-07-2017,2472.1
31-07-2017,2470.3
01-08-2017,2476.35
02-08-2017,2477.57
03-08-2017,2472.16
04-08-2017,2476.83
07-08-2017,2480.91
08-08-2017,2474.92
09-08-2017,2474.02
10-08-2017,2438.21
11-08-2017,2441.32
14-08-2017,2465.84
15-08-2017,2464.61
16-08-2017,2468.11
17-08-2017,2430.01
18-08-2017,2425.55
21-08-2017,2428.37
22-08-2017,2452.51
23-08-2017,2444.04
24-08-2017,2438.97
25-08-2017,2443.05
28-08-2017,2444.24
29-08-2017,2446.3
30-08-2017,2457.59
31-08-2017,2471.65
01-09-2017,2476.55
05-09-2017,2457.85
06-09-2017,2465.54
07-09-2017,2465.1
08-09-2017,2461.43
11-09-2017,2488.11
12-09-2017,2496.48
13-09-2017,2498.37
14-09-2017,2495.62
15-09-2017,2500.23
18-09-2017,2503.87
19-09-2017,2506.65
20-09-2017,2508.24
21-09-2017,2500.6
22-09-2017,2502.22
25-09-2017,2496.66
26-09-2017,2496.84
27-09-2017,2507.04
28-09-2017,2510.06
29-09-2017,2519.36
02-10-2017,2529.12
03-10-2017,2534.58
04-10-2017,2537.74
05-10-2017,2552.07
06-10-2017,2549.33
09-10-2017,2544.73
10-10-2017,2550.64
11-10-2017,2555.24
12-10-2017,2550.93
13-10-2017,2553.17
16-10-2017,2557.64
17-10-2017,2559.36
18-10-2017,2561.26
19-10-2017,2562.1
20-10-2017,2575.21
23-10-2017,2564.98
24-10-2017,2569.13
25-10-2017,2557.15
26-10-2017,2560.4
27-10-2017,2581.07
30-10-2017,2572.83
31-10-2017,2575.26
01-11-2017,2579.36
02-11-2017,2579.85
03-11-2017,2587.84
06-11-2017,2591.13
07-11-2017,2590.64
08-11-2017,2594.38
09-11-2017,2584.62
10-11-2017,2582.3
13-11-2017,2584.84
14-11-2017,2578.87
15-11-2017,2564.62
16-11-2017,2585.64
17-11-2017,2578.85
20-11-2017,2582.14
21-11-2017,2599.03
22-11-2017,2597.08
24-11-2017,2602.42
27-11-2017,2601.42
28-11-2017,2627.04
29-11-2017,2626.07
30-11-2017,2647.58
01-12-2017,2642.22
04-12-2017,2639.44
05-12-2017,2629.57
06-12-2017,2629.27
07-12-2017,2636.98
08-12-2017,2651.5
11-12-2017,2659.99
12-12-2017,2664.11
13-12-2017,2662.85
14-12-2017,2652.01
15-12-2017,2675.81
18-12-2017,2690.16
19-12-2017,2681.47
20-12-2017,2679.25
21-12-2017,2684.57
22-12-2017,2683.34
26-12-2017,2680.5
27-12-2017,2682.62
28-12-2017,2687.54
29-12-2017,2673.61
02-01-2018,2695.81
03-01-2018,2713.06
04-01-2018,2723.99
05-01-2018,2743.15
08-01-2018,2747.71
09-01-2018,2751.29
10-01-2018,2748.23
11-01-2018,2767.56
12-01-2018,2786.24
16-01-2018,2776.42
17-01-2018,2802.56
18-01-2018,2798.03
19-01-2018,2810.3
22-01-2018,2832.97
23-01-2018,2839.13
24-01-2018,2837.54
25-01-2018,2839.25
26-01-2018,2872.87
29-01-2018,2853.53
30-01-2018,2822.43
31-01-2018,2823.81
01-02-2018,2821.98
02-02-2018,2762.13
05-02-2018,2648.94
06-02-2018,2695.14
07-02-2018,2681.66
08-02-2018,2581
09-02-2018,2619.55
12-02-2018,2656
13-02-2018,2662.94
14-02-2018,2698.63
15-02-2018,2731.2
16-02-2018,2732.22
20-02-2018,2716.26
21-02-2018,2701.33
22-02-2018,2703.96
23-02-2018,2747.3
26-02-2018,2779.6
27-02-2018,2744.28
28-02-2018,2713.83
01-03-2018,2677.67
02-03-2018,2691.25
05-03-2018,2720.94
06-03-2018,2728.12
07-03-2018,2726.8
08-03-2018,2738.97
09-03-2018,2786.57
12-03-2018,2783.02
13-03-2018,2765.31
14-03-2018,2749.48
15-03-2018,2747.33
16-03-2018,2752.01
19-03-2018,2712.92
20-03-2018,2716.94
21-03-2018,2711.93
22-03-2018,2643.69
23-03-2018,2588.26
26-03-2018,2658.55
27-03-2018,2612.62
28-03-2018,2605
29-03-2018,2640.87
02-04-2018,2581.88
03-04-2018,2614.45
04-04-2018,2644.69
05-04-2018,2662.84
06-04-2018,2604.47
09-04-2018,2613.16
10-04-2018,2656.87
11-04-2018,2642.19
12-04-2018,2663.99
13-04-2018,2656.3
16-04-2018,2677.84
17-04-2018,2706.39
18-04-2018,2708.64
19-04-2018,2693.13
20-04-2018,2670.14
23-04-2018,2670.29
24-04-2018,2634.56
25-04-2018,2639.4
26-04-2018,2666.94
27-04-2018,2669.91
30-04-2018,2648.05
01-05-2018,2654.8
02-05-2018,2635.67
03-05-2018,2629.73
04-05-2018,2663.42
07-05-2018,2672.63
08-05-2018,2671.92
09-05-2018,2697.79
10-05-2018,2723.07
11-05-2018,2727.72
14-05-2018,2730.13
15-05-2018,2711.45
16-05-2018,2722.46
17-05-2018,2720.13
18-05-2018,2712.97
21-05-2018,2733.01
22-05-2018,2724.44
23-05-2018,2733.29
24-05-2018,2727.76
25-05-2018,2721.33
29-05-2018,2689.86
30-05-2018,2724.01
31-05-2018,2705.27
01-06-2018,2734.62
04-06-2018,2746.87
05-06-2018,2748.8
06-06-2018,2772.35
07-06-2018,2770.37
08-06-2018,2779.03
11-06-2018,2782
12-06-2018,2786.85
13-06-2018,2775.63
14-06-2018,2782.49
15-06-2018,2779.66
18-06-2018,2773.75
19-06-2018,2762.59
20-06-2018,2767.32
21-06-2018,2749.76
22-06-2018,2754.88
25-06-2018,2717.07
26-06-2018,2723.06
27-06-2018,2699.63
28-06-2018,2716.31
29-06-2018,2718.37
02-07-2018,2726.71
03-07-2018,2713.22
05-07-2018,2736.61
06-07-2018,2759.82
09-07-2018,2784.17
10-07-2018,2793.84
11-07-2018,2774.02
12-07-2018,2798.29
13-07-2018,2801.31
16-07-2018,2798.43
17-07-2018,2809.55
18-07-2018,2815.62
19-07-2018,2804.49
20-07-2018,2801.83
23-07-2018,2806.98
24-07-2018,2820.4
25-07-2018,2846.07
26-07-2018,2837.44
27-07-2018,2818.82
30-07-2018,2802.6
31-07-2018,2816.29
01-08-2018,2813.36
02-08-2018,2827.22
03-08-2018,2840.35
06-08-2018,2850.4
07-08-2018,2858.45
08-08-2018,2857.7
09-08-2018,2853.58
10-08-2018,2833.28
13-08-2018,2821.93
14-08-2018,2839.96
15-08-2018,2818.37
16-08-2018,2840.69
17-08-2018,2850.13
20-08-2018,2857.05
21-08-2018,2862.96
22-08-2018,2861.82
23-08-2018,2856.98
24-08-2018,2874.69
27-08-2018,2896.74
28-08-2018,2897.52
29-08-2018,2914.04
30-08-2018,2901.13
31-08-2018,2901.52
04-09-2018,2896.72
05-09-2018,2888.6
06-09-2018,2878.05
07-09-2018,2871.68
10-09-2018,2877.13
11-09-2018,2887.89
12-09-2018,2888.92
13-09-2018,2904.18
14-09-2018,2904.98
17-09-2018,2888.8
18-09-2018,2904.31
19-09-2018,2907.95
20-09-2018,2930.75
21-09-2018,2929.67
24-09-2018,2919.37
25-09-2018,2915.56
26-09-2018,2905.97
27-09-2018,2914
28-09-2018,2913.98
01-10-2018,2924.59
02-10-2018,2923.43
03-10-2018,2925.51
04-10-2018,2901.61
05-10-2018,2885.57
08-10-2018,2884.43
09-10-2018,2880.34
10-10-2018,2785.68
11-10-2018,2728.37
12-10-2018,2767.13
15-10-2018,2750.79
16-10-2018,2809.92
17-10-2018,2809.21
18-10-2018,2768.78
19-10-2018,2767.78
22-10-2018,2755.88
23-10-2018,2740.69
24-10-2018,2656.1
25-10-2018,2705.57
26-10-2018,2658.69
29-10-2018,2641.25
30-10-2018,2682.63
31-10-2018,2711.74
01-11-2018,2740.37
02-11-2018,2723.06
05-11-2018,2738.31
06-11-2018,2755.45
07-11-2018,2813.89
08-11-2018,2806.83
09-11-2018,2781.01
12-11-2018,2726.22
13-11-2018,2722.18
14-11-2018,2701.58
15-11-2018,2730.2
16-11-2018,2736.27
19-11-2018,2690.73
20-11-2018,2641.89
21-11-2018,2649.93
23-11-2018,2632.56
26-11-2018,2673.45
27-11-2018,2682.17
28-11-2018,2743.79
29-11-2018,2737.76
30-11-2018,2760.17
03-12-2018,2790.37
04-12-2018,2700.06
06-12-2018,2695.95
07-12-2018,2633.08
10-12-2018,2637.72
11-12-2018,2636.78
12-12-2018,2651.07
13-12-2018,2650.54
14-12-2018,2599.95
17-12-2018,2545.94
18-12-2018,2546.16
19-12-2018,2506.96
20-12-2018,2467.42
21-12-2018,2416.62
24-12-2018,2351.1
26-12-2018,2467.7
27-12-2018,2488.83
28-12-2018,2485.74
31-12-2018,2506.85
02-01-2019,2510.03
03-01-2019,2447.89
04-01-2019,2531.94
07-01-2019,2549.69
08-01-2019,2574.41
09-01-2019,2584.96
10-01-2019,2596.64
11-01-2019,2596.26
14-01-2019,2582.61
15-01-2019,2610.3
16-01-2019,2616.1
17-01-2019,2635.96
18-01-2019,2670.71
22-01-2019,2632.9
23-01-2019,2638.7
24-01-2019,2642.33
25-01-2019,2664.76
28-01-2019,2643.85
29-01-2019,2640
30-01-2019,2681.05
31-01-2019,2704.1
01-02-2019,2706.53
04-02-2019,2724.87
05-02-2019,2737.7
06-02-2019,2731.61
07-02-2019,2706.05
08-02-2019,2707.88
11-02-2019,2709.8
12-02-2019,2744.73
13-02-2019,2753.03
14-02-2019,2745.73
15-02-2019,2775.6
19-02-2019,2779.76
20-02-2019,2784.7
21-02-2019,2774.88
22-02-2019,2792.67
25-02-2019,2796.11
26-02-2019,2793.9
27-02-2019,2792.38
28-02-2019,2784.49
01-03-2019,2803.69
04-03-2019,2792.81
05-03-2019,2789.65
06-03-2019,2771.45
07-03-2019,2748.93
08-03-2019,2743.07
11-03-2019,2783.3
12-03-2019,2791.52
13-03-2019,2810.92
14-03-2019,2808.48
15-03-2019,2822.48
18-03-2019,2832.94
19-03-2019,2832.57
20-03-2019,2824.23
21-03-2019,2854.88
22-03-2019,2800.71
25-03-2019,2798.36
26-03-2019,2818.46
27-03-2019,2805.37
28-03-2019,2815.44
29-03-2019,2834.4
01-04-2019,2867.19
02-04-2019,2867.24
03-04-2019,2873.4
04-04-2019,2879.39
05-04-2019,2892.74
08-04-2019,2895.77
09-04-2019,2878.2
10-04-2019,2888.21
11-04-2019,2888.32
12-04-2019,2907.41
15-04-2019,2905.58
16-04-2019,2907.06
17-04-2019,2900.45
18-04-2019,2905.03
22-04-2019,2907.97
23-04-2019,2933.68
24-04-2019,2927.25
25-04-2019,2926.17
26-04-2019,2939.88
29-04-2019,2943.03
30-04-2019,2945.83
01-05-2019,2923.73
02-05-2019,2917.52
03-05-2019,2945.64
06-05-2019,2932.47
07-05-2019,2884.05
08-05-2019,2879.42
09-05-2019,2870.72
10-05-2019,2881.4
13-05-2019,2811.87
14-05-2019,2834.41
15-05-2019,2850.96
16-05-2019,2876.32
17-05-2019,2859.53
20-05-2019,2840.23
21-05-2019,2864.36
22-05-2019,2856.27
23-05-2019,2822.24
24-05-2019,2826.06
28-05-2019,2802.39
29-05-2019,2783.02
30-05-2019,2788.86
31-05-2019,2752.06
03-06-2019,2744.45
04-06-2019,2803.27
05-06-2019,2826.15
06-06-2019,2843.49
07-06-2019,2873.34
10-06-2019,2886.73
11-06-2019,2885.72
12-06-2019,2879.84
13-06-2019,2891.64
14-06-2019,2886.98
17-06-2019,2889.67
18-06-2019,2917.75
19-06-2019,2926.46
20-06-2019,2954.18
21-06-2019,2950.46
24-06-2019,2945.35
25-06-2019,2917.38
26-06-2019,2913.78
27-06-2019,2924.92
28-06-2019,2941.76
01-07-2019,2964.33
02-07-2019,2973.01
03-07-2019,2995.82
05-07-2019,2990.41
08-07-2019,2975.95
09-07-2019,2979.63
10-07-2019,2993.07
11-07-2019,2999.91
12-07-2019,3013.77
15-07-2019,3014.3
16-07-2019,3004.04
17-07-2019,2984.42
18-07-2019,2995.11
19-07-2019,2976.61
22-07-2019,2985.03
23-07-2019,3005.47
24-07-2019,3019.56
25-07-2019,3003.67
26-07-2019,3025.86
29-07-2019,3020.97
30-07-2019,3013.18
31-07-2019,2980.38
01-08-2019,2953.56
02-08-2019,2932.05
05-08-2019,2844.74
06-08-2019,2881.77
07-08-2019,2883.98
08-08-2019,2938.09
09-08-2019,2918.65
12-08-2019,2883.75
13-08-2019,2926.32
14-08-2019,2840.6
15-08-2019,2847.6
16-08-2019,2888.68
19-08-2019,2923.65
20-08-2019,2900.51
21-08-2019,2924.43
22-08-2019,2922.95
23-08-2019,2847.11
26-08-2019,2878.38
27-08-2019,2869.16
28-08-2019,2887.94
29-08-2019,2924.58
30-08-2019,2926.46
03-09-2019,2906.27
04-09-2019,2937.78
05-09-2019,2976
06-09-2019,2978.71
09-09-2019,2978.43
10-09-2019,2979.39
11-09-2019,3000.93
12-09-2019,3009.57
13-09-2019,3007.39
16-09-2019,2997.96
17-09-2019,3005.7
18-09-2019,3006.73
19-09-2019,3006.79
20-09-2019,2992.07
23-09-2019,2991.78
24-09-2019,2966.6
25-09-2019,2984.87
26-09-2019,2977.62
27-09-2019,2961.79
30-09-2019,2976.74
01-10-2019,2940.25
02-10-2019,2887.61
03-10-2019,2910.63
04-10-2019,2952.01
07-10-2019,2938.79
08-10-2019,2893.06
09-10-2019,2919.4
10-10-2019,2938.13
11-10-2019,2970.27
14-10-2019,2966.15
15-10-2019,2995.68
16-10-2019,2989.69
17-10-2019,2997.95
18-10-2019,2986.2
21-10-2019,3006.72
22-10-2019,2995.99
23-10-2019,3004.52
24-10-2019,3010.29
25-10-2019,3022.55
28-10-2019,3039.42
29-10-2019,3036.89
30-10-2019,3046.77
31-10-2019,3037.56
01-11-2019,3066.91
04-11-2019,3078.27
05-11-2019,3074.62
06-11-2019,3076.78
07-11-2019,3085.18
08-11-2019,3093.08
11-11-2019,3087.01
12-11-2019,3091.84
13-11-2019,3094.04
14-11-2019,3096.63
15-11-2019,3120.46
18-11-2019,3122.03
19-11-2019,3120.18
20-11-2019,3108.46
21-11-2019,3103.54
22-11-2019,3110.29
25-11-2019,3133.64
26-11-2019,3140.52
27-11-2019,3153.63
29-11-2019,3140.98
02-12-2019,3113.87
03-12-2019,3093.2
04-12-2019,3112.76
05-12-2019,3117.43
06-12-2019,3145.91
09-12-2019,3135.96
10-12-2019,3132.52
11-12-2019,3141.63
12-12-2019,3168.57
13-12-2019,3168.8
16-12-2019,3191.45
17-12-2019,3192.52
18-12-2019,3191.14
19-12-2019,3205.37
20-12-2019,3221.22
23-12-2019,3224.01
24-12-2019,3223.38
26-12-2019,3239.91
27-12-2019,3240.02
30-12-2019,3221.29
31-12-2019,3230.78
02-01-2020,3257.85
03-01-2020,3234.85
06-01-2020,3246.28
07-01-2020,3237.18
08-01-2020,3253.05
09-01-2020,3274.7
10-01-2020,3265.35
13-01-2020,3288.13
14-01-2020,3283.15
15-01-2020,3289.29
16-01-2020,3316.81
17-01-2020,3329.62
21-01-2020,3320.79
22-01-2020,3321.75
23-01-2020,3325.54
24-01-2020,3295.47
27-01-2020,3243.63
28-01-2020,3276.24
29-01-2020,3273.4
30-01-2020,3283.66
31-01-2020,3225.52
03-02-2020,3248.92
04-02-2020,3297.59
05-02-2020,3334.69
06-02-2020,3345.78
07-02-2020,3327.71
10-02-2020,3352.09
11-02-2020,3357.75
12-02-2020,3379.45
13-02-2020,3373.94
14-02-2020,3380.16
18-02-2020,3370.29
19-02-2020,3386.15
20-02-2020,3373.23
21-02-2020,3337.75
24-02-2020,3225.89
25-02-2020,3128.21
26-02-2020,3116.39
27-02-2020,2978.76
28-02-2020,2954.22
02-03-2020,3090.23
03-03-2020,3003.37
04-03-2020,3130.12
05-03-2020,3023.94
06-03-2020,2972.37
09-03-2020,2746.56
10-03-2020,2882.23
11-03-2020,2741.38
12-03-2020,2480.64
13-03-2020,2711.02
16-03-2020,2386.13
17-03-2020,2529.19
18-03-2020,2398.1
19-03-2020,2409.39
20-03-2020,2304.92
23-03-2020,2237.4
24-03-2020,2447.33
25-03-2020,2475.56
26-03-2020,2630.07
27-03-2020,2541.47
30-03-2020,2626.65
31-03-2020,2584.59
01-04-2020,2470.5
02-04-2020,2526.9
03-04-2020,2488.65
06-04-2020,2663.68
07-04-2020,2659.41
08-04-2020,2749.98
09-04-2020,2789.82
13-04-2020,2761.63
14-04-2020,2846.06
15-04-2020,2783.36
16-04-2020,2799.55
17-04-2020,2874.56
20-04-2020,2823.16
21-04-2020,2736.56
22-04-2020,2799.31
23-04-2020,2797.8
24-04-2020,2836.74
27-04-2020,2878.48
28-04-2020,2863.39
29-04-2020,2939.51
30-04-2020,2912.43
01-05-2020,2830.71
04-05-2020,2842.74
05-05-2020,2868.44
06-05-2020,2848.42
07-05-2020,2881.19
08-05-2020,2929.8
11-05-2020,2930.32
12-05-2020,2870.12
13-05-2020,2820
14-05-2020,2852.5
15-05-2020,2863.7
18-05-2020,2953.91
19-05-2020,2922.94
20-05-2020,2971.61
21-05-2020,2948.51
22-05-2020,2955.45
26-05-2020,2991.77
27-05-2020,3036.13
28-05-2020,3029.73
29-05-2020,3044.31
01-06-2020,3055.73
02-06-2020,3080.82
03-06-2020,3122.87
04-06-2020,3112.35
05-06-2020,3193.93
08-06-2020,3232.39
09-06-2020,3207.18
10-06-2020,3190.14
11-06-2020,3002.1
12-06-2020,3041.31
15-06-2020,3066.59
16-06-2020,3124.74
17-06-2020,3113.49
18-06-2020,3115.34
19-06-2020,3097.74
22-06-2020,3117.86
23-06-2020,3131.29
24-06-2020,3050.33
25-06-2020,3083.76
26-06-2020,3009.05
29-06-2020,3053.24
30-06-2020,3100.29
01-07-2020,3115.86
02-07-2020,3130.01
06-07-2020,3179.72
07-07-2020,3145.32
08-07-2020,3169.94
09-07-2020,3152.05
10-07-2020,3185.04
13-07-2020,3155.22
14-07-2020,3197.52
15-07-2020,3226.56
16-07-2020,3215.57
17-07-2020,3224.73
20-07-2020,3251.84
21-07-2020,3257.3
22-07-2020,3276.02
23-07-2020,3235.66
24-07-2020,3215.63
27-07-2020,3239.41
28-07-2020,3218.44
29-07-2020,3258.44
30-07-2020,3246.22
31-07-2020,3271.12
03-08-2020,3294.61
04-08-2020,3306.51
05-08-2020,3327.77
06-08-2020,3349.16
07-08-2020,3351.28
10-08-2020,3360.47
11-08-2020,3333.69
12-08-2020,3380.35
13-08-2020,3373.43
14-08-2020,3372.85
17-08-2020,3381.99
18-08-2020,3389.78
19-08-2020,3374.85
20-08-2020,3385.51
21-08-2020,3397.16
24-08-2020,3431.28
25-08-2020,3443.62
26-08-2020,3478.73
27-08-2020,3484.55
28-08-2020,3508.01
31-08-2020,3500.31
01-09-2020,3526.65
02-09-2020,3580.84
03-09-2020,3455.06
04-09-2020,3426.96
08-09-2020,3331.84
09-09-2020,3398.96
10-09-2020,3339.19
11-09-2020,3340.97
14-09-2020,3383.54
15-09-2020,3401.2
16-09-2020,3385.49
17-09-2020,3357.01
18-09-2020,3319.47
21-09-2020,3281.06
22-09-2020,3315.57
23-09-2020,3236.92
24-09-2020,3246.59
25-09-2020,3298.46
28-09-2020,3351.6
29-09-2020,3335.47
30-09-2020,3363
01-10-2020,3380.8
02-10-2020,3348.44
05-10-2020,3408.63
06-10-2020,3360.95
07-10-2020,3419.45
08-10-2020,3446.83
09-10-2020,3477.13
12-10-2020,3534.22
13-10-2020,3511.93
14-10-2020,3488.67
15-10-2020,3483.34
16-10-2020,3483.81
19-10-2020,3426.92
20-10-2020,3443.12
21-10-2020,3435.56
22-10-2020,3453.49
23-10-2020,3465.39
26-10-2020,3400.97
27-10-2020,3390.68
28-10-2020,3271.03
29-10-2020,3310.11
30-10-2020,3269.96
02-11-2020,3310.24
03-11-2020,3369.16
04-11-2020,3443.44
05-11-2020,3510.45
06-11-2020,3509.44
09-11-2020,3550.5
10-11-2020,3545.53
11-11-2020,3572.66
12-11-2020,3537.01
13-11-2020,3585.15
16-11-2020,3626.91
17-11-2020,3609.53
18-11-2020,3567.79
19-11-2020,3581.87
20-11-2020,3557.54
23-11-2020,3577.59
24-11-2020,3635.41
25-11-2020,3629.65
27-11-2020,3638.35
30-11-2020,3621.63
01-12-2020,3662.45
02-12-2020,3669.01
03-12-2020,3666.72
04-12-2020,3699.12
07-12-2020,3691.96
08-12-2020,3702.25
09-12-2020,3672.82
10-12-2020,3668.1
11-12-2020,3663.46
14-12-2020,3647.49
15-12-2020,3694.62
16-12-2020,3701.17
17-12-2020,3722.48
18-12-2020,3709.41
21-12-2020,3694.92
22-12-2020,3687.26
23-12-2020,3690.01
24-12-2020,3703.06
28-12-2020,3735.36
29-12-2020,3727.04
30-12-2020,3732.04
31-12-2020,3756.07
04-01-2021,3700.65
05-01-2021,3726.86
06-01-2021,3748.14
07-01-2021,3803.79
08-01-2021,3824.68
11-01-2021,3799.61
12-01-2021,3801.19
13-01-2021,3809.84
14-01-2021,3795.54
15-01-2021,3768.25
19-01-2021,3798.91
20-01-2021,3851.85
21-01-2021,3853.07
22-01-2021,3841.47
25-01-2021,3855.36
26-01-2021,3849.62
27-01-2021,3750.77
28-01-2021,3787.38
29-01-2021,3714.24
01-02-2021,3773.86
02-02-2021,3826.31
03-02-2021,3830.17
04-02-2021,3871.74
05-02-2021,3886.83
08-02-2021,3915.59
09-02-2021,3911.23
10-02-2021,3909.88
11-02-2021,3916.38
12-02-2021,3934.83
16-02-2021,3932.59
17-02-2021,3931.33
18-02-2021,3913.97
19-02-2021,3906.71
22-02-2021,3876.5
23-02-2021,3881.37
24-02-2021,3925.43
25-02-2021,3829.34
26-02-2021,3811.15
01-03-2021,3901.82
02-03-2021,3870.29
03-03-2021,3819.72
04-03-2021,3768.47
05-03-2021,3841.94
08-03-2021,3821.35
09-03-2021,3875.44
10-03-2021,3898.81
11-03-2021,3939.34
12-03-2021,3943.34
15-03-2021,3968.94
16-03-2021,3962.71
17-03-2021,3974.12
18-03-2021,3915.46
19-03-2021,3913.1
22-03-2021,3940.59
23-03-2021,3910.52
24-03-2021,3889.14
25-03-2021,3909.52
26-03-2021,3974.54
29-03-2021,3971.09
30-03-2021,3958.55
31-03-2021,3972.89
01-04-2021,4019.87
05-04-2021,4077.91
06-04-2021,4073.94
07-04-2021,4079.95
08-04-2021,4097.17
09-04-2021,4128.8
12-04-2021,4127.99
13-04-2021,4141.59
14-04-2021,4124.66
15-04-2021,4170.42
16-04-2021,4185.47
19-04-2021,4163.26
20-04-2021,4134.94
21-04-2021,4173.42
22-04-2021,4134.98
23-04-2021,4180.17
26-04-2021,4187.62
27-04-2021,4186.72
28-04-2021,4183.18
29-04-2021,4211.47
30-04-2021,4181.17
03-05-2021,4192.66
04-05-2021,4164.66
05-05-2021,4167.59
06-05-2021,4201.62
07-05-2021,4232.6
10-05-2021,4188.43
11-05-2021,4152.1
12-05-2021,4063.04
13-05-2021,4112.5
14-05-2021,4173.85
17-05-2021,4163.29
18-05-2021,4127.83
19-05-2021,4115.68
20-05-2021,4159.12
21-05-2021,4155.86
24-05-2021,4197.05
25-05-2021,4188.13
26-05-2021,4195.99
27-05-2021,4200.88
28-05-2021,4204.11
01-06-2021,4202.04
02-06-2021,4208.12
03-06-2021,4192.85
04-06-2021,4229.89
07-06-2021,4226.52
08-06-2021,4227.26
09-06-2021,4219.55
10-06-2021,4239.18
11-06-2021,4247.44
14-06-2021,4255.15
15-06-2021,4246.59
16-06-2021,4223.7
17-06-2021,4221.86
18-06-2021,4166.45
21-06-2021,4224.79
22-06-2021,4246.44
23-06-2021,4241.84
24-06-2021,4266.49
25-06-2021,4280.7
28-06-2021,4290.61
29-06-2021,4291.8
30-06-2021,4297.5
01-07-2021,4319.94
02-07-2021,4352.34
06-07-2021,4343.54
07-07-2021,4358.13
08-07-2021,4320.82
09-07-2021,4369.55
12-07-2021,4384.63
13-07-2021,4369.21
14-07-2021,4374.3
15-07-2021,4360.03
16-07-2021,4327.16
19-07-2021,4258.49
20-07-2021,4323.06
21-07-2021,4358.69
22-07-2021,4367.48
23-07-2021,4411.79
26-07-2021,4422.3
27-07-2021,4401.46
28-07-2021,4400.64
29-07-2021,4419.15
30-07-2021,4395.26
02-08-2021,4387.16
03-08-2021,4423.15
04-08-2021,4402.66
05-08-2021,4429.1
06-08-2021,4436.52
09-08-2021,4432.35
10-08-2021,4436.75
11-08-2021,4447.7
12-08-2021,4460.83
13-08-2021,4468
16-08-2021,4479.71
17-08-2021,4448.08
18-08-2021,4400.27
19-08-2021,4405.8
20-08-2021,4441.67
23-08-2021,4479.53
24-08-2021,4486.23
25-08-2021,4496.19
26-08-2021,4470
27-08-2021,4509.37
30-08-2021,4528.79
31-08-2021,4522.68
01-09-2021,4524.09
02-09-2021,4536.95
03-09-2021,4535.43
07-09-2021,4520.03
08-09-2021,4514.07
09-09-2021,4493.28
10-09-2021,4458.58
13-09-2021,4468.73
14-09-2021,4443.05
15-09-2021,4480.7
16-09-2021,4473.75
17-09-2021,4432.99
20-09-2021,4357.73
21-09-2021,4354.19
22-09-2021,4395.64
23-09-2021,4448.98
24-09-2021,4455.48
27-09-2021,4443.11
28-09-2021,4352.63
29-09-2021,4359.46
30-09-2021,4307.54
01-10-2021,4357.04
04-10-2021,4300.46
05-10-2021,4345.72
06-10-2021,4363.55
07-10-2021,4399.76
08-10-2021,4391.34
11-10-2021,4361.19
12-10-2021,4350.65
13-10-2021,4363.8
14-10-2021,4438.26
15-10-2021,4471.37
18-10-2021,4486.46
19-10-2021,4519.63
20-10-2021,4536.19
21-10-2021,4549.78
22-10-2021,4544.9
25-10-2021,4566.48
26-10-2021,4574.79
27-10-2021,4551.68
28-10-2021,4596.42
29-10-2021,4605.38
01-11-2021,4613.67
02-11-2021,4630.65
03-11-2021,4660.57
04-11-2021,4680.06
05-11-2021,4697.53
08-11-2021,4701.7
09-11-2021,4685.25
10-11-2021,4646.71
11-11-2021,4649.27
12-11-2021,4682.85
15-11-2021,4682.8
16-11-2021,4700.9
17-11-2021,4688.67
18-11-2021,4704.54
19-11-2021,4697.96
22-11-2021,4682.94
23-11-2021,4690.7
24-11-2021,4701.46
26-11-2021,4594.62
29-11-2021,4655.27
30-11-2021,4567
01-12-2021,4513.04
02-12-2021,4577.1
03-12-2021,4538.43
06-12-2021,4591.67
07-12-2021,4686.75
08-12-2021,4701.21
09-12-2021,4667.45
10-12-2021,4712.02
13-12-2021,4668.97
14-12-2021,4634.09
15-12-2021,4709.85
16-12-2021,4668.67
17-12-2021,4620.64
20-12-2021,4568.02
21-12-2021,4649.23
22-12-2021,4696.56
23-12-2021,4725.79
27-12-2021,4791.19
28-12-2021,4786.35
29-12-2021,4793.06
30-12-2021,4778.73
31-12-2021,4766.18
03-01-2022,4796.56
04-01-2022,4793.54
05-01-2022,4700.58
06-01-2022,4696.05
07-01-2022,4677.03
10-01-2022,4670.29
11-01-2022,4713.07
12-01-2022,4726.35
13-01-2022,4659.03
14-01-2022,4662.85
18-01-2022,4577.11
19-01-2022,4532.76
20-01-2022,4482.73
21-01-2022,4397.94
24-01-2022,4410.13
25-01-2022,4356.45
26-01-2022,4349.93
27-01-2022,4326.51
28-01-2022,4431.85
31-01-2022,4515.55
01-02-2022,4546.54
02-02-2022,4589.38
03-02-2022,4477.44
04-02-2022,4500.53
07-02-2022,4483.87
08-02-2022,4521.54
09-02-2022,4587.18
10-02-2022,4504.08
11-02-2022,4418.64
14-02-2022,4401.67
15-02-2022,4471.07
16-02-2022,4475.01
17-02-2022,4380.26
18-02-2022,4348.87
22-02-2022,4304.76
23-02-2022,4225.5
24-02-2022,4288.7
25-02-2022,4384.65
28-02-2022,4373.94
01-03-2022,4306.26
02-03-2022,4386.54
03-03-2022,4363.49
04-03-2022,4328.87
07-03-2022,4201.09
08-03-2022,4170.7
09-03-2022,4277.88
10-03-2022,4259.52
11-03-2022,4204.31
14-03-2022,4173.11
15-03-2022,4262.45
16-03-2022,4357.86
17-03-2022,4411.67
18-03-2022,4463.12
21-03-2022,4461.18
22-03-2022,4511.61
23-03-2022,4456.24
24-03-2022,4520.16
25-03-2022,4543.06
28-03-2022,4575.52
29-03-2022,4631.6
30-03-2022,4602.45
31-03-2022,4530.41
01-04-2022,4545.86
04-04-2022,4582.64
05-04-2022,4525.12
06-04-2022,4481.15
07-04-2022,4500.21
08-04-2022,4488.28
11-04-2022,4412.53
12-04-2022,4397.45
13-04-2022,4446.59
14-04-2022,4392.59
18-04-2022,4391.69
19-04-2022,4462.21
20-04-2022,4459.45
21-04-2022,4393.66
22-04-2022,4271.78
25-04-2022,4296.12
26-04-2022,4175.2
27-04-2022,4183.96
28-04-2022,4287.5
29-04-2022,4131.93
02-05-2022,4155.38
03-05-2022,4175.48
04-05-2022,4300.17
05-05-2022,4146.87
06-05-2022,4123.34
09-05-2022,3991.24
10-05-2022,4001.05
11-05-2022,3935.18
12-05-2022,3930.08
13-05-2022,4023.89
16-05-2022,4008.01
17-05-2022,4088.85
18-05-2022,3923.68
19-05-2022,3900.79
20-05-2022,3901.36
23-05-2022,3973.75
24-05-2022,3941.48
25-05-2022,3978.73
26-05-2022,4057.84
27-05-2022,4158.24
31-05-2022,4132.15
01-06-2022,4101.23
02-06-2022,4176.82
03-06-2022,4108.54
06-06-2022,4121.43
07-06-2022,4160.68
08-06-2022,4115.77
09-06-2022,4017.82
10-06-2022,3900.86
13-06-2022,3749.63
14-06-2022,3735.48
15-06-2022,3789.99
16-06-2022,3666.77
17-06-2022,3674.84
21-06-2022,3764.79
22-06-2022,3759.89
23-06-2022,3795.73
24-06-2022,3911.74
27-06-2022,3900.11
28-06-2022,3821.55
29-06-2022,3818.83
30-06-2022,3785.38
01-07-2022,3825.33
05-07-2022,3831.39
06-07-2022,3845.08
07-07-2022,3902.62
08-07-2022,3899.38
11-07-2022,3854.43
12-07-2022,3818.8
13-07-2022,3801.78
14-07-2022,3790.38
15-07-2022,3863.16
18-07-2022,3830.85
19-07-2022,3936.69
20-07-2022,3959.9
21-07-2022,3998.95
22-07-2022,3961.63
25-07-2022,3966.84
26-07-2022,3921.05
27-07-2022,4023.61
28-07-2022,4072.43
29-07-2022,4130.29
01-08-2022,4118.63
02-08-2022,4091.19
03-08-2022,4155.17
04-08-2022,4151.94
05-08-2022,4145.19
08-08-2022,4140.06
09-08-2022,4122.47
10-08-2022,4210.24
11-08-2022,4207.27
12-08-2022,4280.15
15-08-2022,4297.14
16-08-2022,4305.2
17-08-2022,4274.04
18-08-2022,4283.74
19-08-2022,4228.48
22-08-2022,4137.99
23-08-2022,4128.73
24-08-2022,4140.77
25-08-2022,4199.12
26-08-2022,4057.66
29-08-2022,4030.61
30-08-2022,3986.16
31-08-2022,3955
01-09-2022,3966.85
02-09-2022,3924.26
06-09-2022,3908.19
07-09-2022,3979.87
08-09-2022,4006.18
09-09-2022,4067.36
12-09-2022,4110.41
13-09-2022,3932.69
14-09-2022,3946.01
15-09-2022,3901.35
16-09-2022,3873.33
19-09-2022,3899.89
20-09-2022,3855.93
21-09-2022,3789.93
22-09-2022,3757.99
23-09-2022,3693.23
26-09-2022,3655.04
27-09-2022,3647.29
28-09-2022,3719.04
29-09-2022,3640.47
30-09-2022,3585.62
03-10-2022,3678.43
04-10-2022,3790.93
05-10-2022,3783.28
06-10-2022,3744.52
07-10-2022,3639.66
10-10-2022,3612.39
11-10-2022,3588.84
12-10-2022,3577.03
13-10-2022,3669.91
14-10-2022,3583.07
17-10-2022,3677.95
18-10-2022,3719.98
19-10-2022,3695.16
20-10-2022,3665.78
21-10-2022,3752.75
24-10-2022,3797.34
25-10-2022,3859.11
26-10-2022,3830.6
27-10-2022,3807.3
28-10-2022,3901.06
31-10-2022,3871.98
01-11-2022,3856.1
02-11-2022,3759.69
03-11-2022,3719.89
04-11-2022,3770.55
07-11-2022,3806.8
08-11-2022,3828.11
09-11-2022,3748.57
10-11-2022,3956.37
11-11-2022,3992.93
14-11-2022,3957.25
15-11-2022,3991.73
16-11-2022,3958.79
17-11-2022,3946.56
18-11-2022,3965.34
21-11-2022,3949.94
22-11-2022,4003.58
23-11-2022,4027.26
25-11-2022,4026.12
28-11-2022,3963.94
29-11-2022,3957.63
30-11-2022,4080.11
01-12-2022,4076.57
02-12-2022,4071.7
05-12-2022,3998.84
06-12-2022,3941.26
07-12-2022,3933.92
08-12-2022,3963.51
09-12-2022,3934.38
12-12-2022,3990.56
13-12-2022,4019.65
14-12-2022,3995.32
15-12-2022,3895.75
16-12-2022,3852.36
19-12-2022,3817.66
20-12-2022,3821.62
21-12-2022,3878.44
22-12-2022,3822.39
23-12-2022,3844.82
27-12-2022,3829.25
28-12-2022,3783.22
29-12-2022,3849.28
30-12-2022,3839.5
03-01-2023,3824.14
04-01-2023,3852.97
05-01-2023,3808.1
06-01-2023,3895.08
09-01-2023,3892.09
10-01-2023,3919.25
11-01-2023,3969.61
12-01-2023,3983.17
13-01-2023,3999.09
17-01-2023,3990.97
18-01-2023,3928.86
19-01-2023,3898.85
20-01-2023,3972.61
23-01-2023,4019.81
24-01-2023,4016.95
25-01-2023,4016.22
26-01-2023,4060.43
27-01-2023,4070.56
30-01-2023,4017.77
31-01-2023,4076.6
01-02-2023,4119.21
02-02-2023,4179.76
03-02-2023,4136.48
06-02-2023,4111.08
07-02-2023,4164
08-02-2023,4117.86
09-02-2023,4081.5
10-02-2023,4090.46
13-02-2023,4137.29
14-02-2023,4136.13
15-02-2023,4147.6
16-02-2023,4090.41
17-02-2023,4079.09
21-02-2023,3997.34
22-02-2023,3991.05
23-02-2023,4012.32
24-02-2023,3970.04
27-02-2023,3982.24
28-02-2023,3970.15
01-03-2023,3951.39
02-03-2023,3981.35
03-03-2023,4045.64
06-03-2023,4048.42
07-03-2023,3986.37
08-03-2023,3992.01
09-03-2023,3918.32
10-03-2023,3861.59
13-03-2023,3855.76
14-03-2023,3919.29
15-03-2023,3891.93
16-03-2023,3960.28
17-03-2023,3916.64
20-03-2023,3951.57
21-03-2023,4002.87
22-03-2023,3936.97
23-03-2023,3948.72
24-03-2023,3970.99
27-03-2023,3977.53
28-03-2023,3971.27
29-03-2023,4027.81
30-03-2023,4050.83
31-03-2023,4109.31
03-04-2023,4124.51
04-04-2023,4100.6
05-04-2023,4090.38
06-04-2023,4105.02
10-04-2023,4109.11
11-04-2023,4108.94
12-04-2023,4091.95
13-04-2023,4146.22
14-04-2023,4137.64
17-04-2023,4151.32
18-04-2023,4154.87
19-04-2023,4154.52
20-04-2023,4129.79
21-04-2023,4133.52
24-04-2023,4137.04
25-04-2023,4071.63
26-04-2023,4055.99
27-04-2023,4135.35
28-04-2023,4169.48
01-05-2023,4167.87
02-05-2023,4119.58
03-05-2023,4090.75
04-05-2023,4061.22
05-05-2023,4136.25
08-05-2023,4138.12
09-05-2023,4119.17
10-05-2023,4137.64
11-05-2023,4130.62
12-05-2023,4124.08
15-05-2023,4136.28
16-05-2023,4109.9
17-05-2023,4158.77
18-05-2023,4198.05
19-05-2023,4191.98
22-05-2023,4192.63
23-05-2023,4145.58
24-05-2023,4115.24
25-05-2023,4151.28
26-05-2023,4205.45
30-05-2023,4205.52
31-05-2023,4179.83
01-06-2023,4221.02
02-06-2023,4282.37
05-06-2023,4273.79
06-06-2023,4283.85
07-06-2023,4267.52
08-06-2023,4293.93
09-06-2023,4298.86
12-06-2023,4338.93
13-06-2023,4369.01
14-06-2023,4372.59
15-06-2023,4425.84
16-06-2023,4409.59
20-06-2023,4388.71
21-06-2023,4365.69
22-06-2023,4381.89
23-06-2023,4348.33
26-06-2023,4328.82
27-06-2023,4378.41
28-06-2023,4376.86
29-06-2023,4396.44
30-06-2023,4450.38
03-07-2023,4455.59
05-07-2023,4446.82
06-07-2023,4411.59
07-07-2023,4398.95
10-07-2023,4409.53
11-07-2023,4439.26
12-07-2023,4472.16
13-07-2023,4510.04
14-07-2023,4505.42
17-07-2023,4522.79
18-07-2023,4554.98
19-07-2023,4565.72
20-07-2023,4534.87
21-07-2023,4536.34
24-07-2023,4554.64
25-07-2023,4567.46
26-07-2023,4566.75
27-07-2023,4537.41
28-07-2023,4582.23
31-07-2023,4588.96
01-08-2023,4576.73
02-08-2023,4513.39
03-08-2023,4501.89
04-08-2023,4478.03
07-08-2023,4518.44
08-08-2023,4499.38
09-08-2023,4467.71
10-08-2023,4468.83
11-08-2023,4464.05
14-08-2023,4489.72
15-08-2023,4437.86
16-08-2023,4404.33
17-08-2023,4370.36
18-08-2023,4369.71
21-08-2023,4399.77
22-08-2023,4387.55
23-08-2023,4436.01
24-08-2023,4376.31
25-08-2023,4405.71
28-08-2023,4433.31
29-08-2023,4497.63
30-08-2023,4514.87
31-08-2023,4507.66
01-09-2023,4515.77
05-09-2023,4496.83
06-09-2023,4465.48
07-09-2023,4451.14
08-09-2023,4457.49
11-09-2023,4487.46
12-09-2023,4461.9
13-09-2023,4467.44
14-09-2023,4505.1
15-09-2023,4450.32
18-09-2023,4453.53
19-09-2023,4443.95
20-09-2023,4402.2
21-09-2023,4330
22-09-2023,4320.06
25-09-2023,4337.44
26-09-2023,4273.53
27-09-2023,4274.51
28-09-2023,4299.7
29-09-2023,4288.05
02-10-2023,4288.39
03-10-2023,4229.45
04-10-2023,4263.75
05-10-2023,4258.19
06-10-2023,4308.5
09-10-2023,4335.66
10-10-2023,4358.24
11-10-2023,4376.95
12-10-2023,4349.61
13-10-2023,4327.78
16-10-2023,4373.63
17-10-2023,4373.2
18-10-2023,4314.6
19-10-2023,4278
20-10-2023,4224.16
23-10-2023,4217.04
24-10-2023,4247.68
25-10-2023,4186.77
26-10-2023,4137.23
27-10-2023,4117.37
30-10-2023,4166.82
31-10-2023,4193.8
01-11-2023,4237.86
02-11-2023,4317.78
03-11-2023,4358.34
06-11-2023,4365.98
07-11-2023,4378.38
08-11-2023,4382.78
09-11-2023,4347.35
10-11-2023,4415.24
13-11-2023,4411.55
14-11-2023,4495.7
15-11-2023,4502.88
16-11-2023,4508.24
17-11-2023,4514.02
20-11-2023,4547.38
21-11-2023,4538.19
22-11-2023,4556.62
24-11-2023,4559.34
27-11-2023,4550.43
28-11-2023,4554.89
29-11-2023,4550.58
30-11-2023,4567.8
01-12-2023,4594.63
04-12-2023,4569.78
05-12-2023,4567.18
06-12-2023,4549.34
07-12-2023,4585.59
08-12-2023,4604.37
11-12-2023,4622.44
12-12-2023,4643.7
13-12-2023,4707.09
14-12-2023,4719.55
15-12-2023,4719.19
18-12-2023,4740.56
19-12-2023,4768.37
20-12-2023,4698.35
21-12-2023,4746.75
22-12-2023,4754.63
26-12-2023,4774.75
27-12-2023,4781.58
28-12-2023,4783.35
29-12-2023,4769.83
02-01-2024,4742.83
03-01-2024,4704.81
04-01-2024,4688.68
05-01-2024,4697.24
08-01-2024,4763.54
09-01-2024,4756.5
10-01-2024,4783.45
11-01-2024,4780.24
12-01-2024,4783.83
16-01-2024,4765.98
17-01-2024,4739.21
18-01-2024,4780.94
19-01-2024,4839.81
22-01-2024,4850.43
23-01-2024,4864.6
24-01-2024,4868.55
25-01-2024,4894.16
26-01-2024,4890.97
29-01-2024,4927.93
30-01-2024,4924.97
31-01-2024,4845.65
01-02-2024,4906.19
02-02-2024,4958.61
05-02-2024,4942.81
06-02-2024,4954.23
07-02-2024,4995.06
08-02-2024,4997.91
09-02-2024,5026.61
12-02-2024,5021.84
13-02-2024,4953.17
14-02-2024,5000.62
15-02-2024,5029.73
16-02-2024,5005.57
20-02-2024,4975.51
21-02-2024,4981.8
22-02-2024,5087.03
23-02-2024,5088.8
26-02-2024,5069.53
27-02-2024,5078.18
28-02-2024,5069.76
29-02-2024,5096.27
01-03-2024,5137.08
04-03-2024,5130.95
05-03-2024,5078.65
06-03-2024,5104.76
07-03-2024,5157.36
08-03-2024,5123.69
11-03-2024,5117.94
12-03-2024,5175.27
13-03-2024,5165.31
14-03-2024,5150.48
15-03-2024,5117.09
18-03-2024,5149.42
19-03-2024,5178.51
20-03-2024,5224.62
21-03-2024,5241.53
22-03-2024,5234.18
25-03-2024,5218.19
26-03-2024,5203.58
27-03-2024,5248.49
28-03-2024,5254.35
01-04-2024,5243.77
02-04-2024,5205.81
03-04-2024,5211.49
04-04-2024,5147.21
05-04-2024,5204.34
08-04-2024,5202.39
09-04-2024,5209.91
10-04-2024,5160.64
11-04-2024,5199.06
12-04-2024,5123.41
15-04-2024,5061.82
16-04-2024,5051.41
17-04-2024,5022.21
18-04-2024,5011.12
19-04-2024,4967.23
22-04-2024,5010.6
23-04-2024,5070.55
24-04-2024,5071.63
25-04-2024,5048.42
26-04-2024,5099.96
29-04-2024,5116.17
30-04-2024,5035.69
01-05-2024,5018.39
02-05-2024,5064.2
03-05-2024,5127.79
06-05-2024,5180.74
07-05-2024,5187.7
08-05-2024,5187.67
09-05-2024,5214.08
10-05-2024,5222.68
13-05-2024,5221.42
14-05-2024,5246.68
15-05-2024,5308.15
16-05-2024,5297.1
17-05-2024,5303.27
20-05-2024,5308.13
21-05-2024,5321.41
22-05-2024,5307.01
23-05-2024,5267.84
24-05-2024,5304.72
28-05-2024,5306.04
29-05-2024,5266.95
30-05-2024,5235.48
31-05-2024,5277.51
03-06-2024,5283.4
04-06-2024,5291.34
05-06-2024,5354.03
06-06-2024,5352.96
07-06-2024,5346.99
10-06-2024,5360.79
11-06-2024,5375.32
12-06-2024,5421.03
13-06-2024,5433.74
14-06-2024,5431.6
17-06-2024,5473.23
18-06-2024,5487.03
20-06-2024,5473.17
21-06-2024,5464.62
24-06-2024,5447.87
25-06-2024,5469.3
26-06-2024,5477.9
27-06-2024,5482.87
28-06-2024,5460.48
01-07-2024,5475.09
02-07-2024,5509.01
03-07-2024,5537.02
05-07-2024,5567.19
08-07-2024,5572.85
09-07-2024,5576.98
10-07-2024,5633.91
11-07-2024,5584.54
12-07-2024,5615.35
15-07-2024,5631.22
16-07-2024,5667.2
17-07-2024,5588.27
18-07-2024,5544.59
19-07-2024,5505
22-07-2024,5564.41
23-07-2024,5555.74
24-07-2024,5427.13
25-07-2024,5399.22
26-07-2024,5459.1
29-07-2024,5463.54
30-07-2024,5436.44
31-07-2024,5522.3
01-08-2024,5446.68
02-08-2024,5346.56
05-08-2024,5186.33
06-08-2024,5240.03
07-08-2024,5199.5
08-08-2024,5319.31
09-08-2024,5344.16
12-08-2024,5344.39
13-08-2024,5434.43
14-08-2024,5455.21
15-08-2024,5543.22
16-08-2024,5554.25
19-08-2024,5608.25
20-08-2024,5597.12
21-08-2024,5620.85
22-08-2024,5570.64
23-08-2024,5634.61
26-08-2024,5616.84
27-08-2024,5625.8
28-08-2024,5592.18
29-08-2024,5591.96
30-08-2024,5648.4
03-09-2024,5528.93
04-09-2024,5520.07
05-09-2024,5503.41
06-09-2024,5408.42
09-09-2024,5471.05
10-09-2024,5495.52
11-09-2024,5554.13
12-09-2024,5595.76
13-09-2024,5626.02
16-09-2024,5633.09
17-09-2024,5634.58
18-09-2024,5618.26
19-09-2024,5713.64
20-09-2024,5702.55
23-09-2024,5718.57
24-09-2024,5732.93
25-09-2024,5722.26
26-09-2024,5745.37
27-09-2024,5738.17
30-09-2024,5762.48
01-10-2024,5708.75
02-10-2024,5709.54
03-10-2024,5699.94
04-10-2024,5751.07
07-10-2024,5695.94
08-10-2024,5751.13
09-10-2024,5792.04
10-10-2024,5780.05
11-10-2024,5815.03
14-10-2024,5859.85
15-10-2024,5815.26
16-10-2024,5842.47
17-10-2024,5841.47
18-10-2024,5864.67
21-10-2024,5853.98
22-10-2024,5851.2
23-10-2024,5797.42
24-10-2024,5809.86
25-10-2024,5808.12
28-10-2024,5823.52
29-10-2024,5832.92
30-10-2024,5813.67
31-10-2024,5705.45
01-11-2024,5728.8
04-11-2024,5712.69
05-11-2024,5782.76
06-11-2024,5929.04
07-11-2024,5973.1
08-11-2024,5995.54
11-11-2024,6001.35
12-11-2024,5983.99
13-11-2024,5985.38
14-11-2024,5949.17
15-11-2024,5870.62
18-11-2024,5893.62
19-11-2024,5916.98
20-11-2024,5917.11
21-11-2024,5948.71
22-11-2024,5969.34
25-11-2024,5987.37
26-11-2024,6021.63
27-11-2024,5998.74
29-11-2024,6032.38
02-12-2024,6047.15
03-12-2024,6049.88
04-12-2024,6086.49
05-12-2024,6075.11
06-12-2024,6090.27
09-12-2024,6052.85
10-12-2024,6034.91
11-12-2024,6084.19
12-12-2024,6051.25
13-12-2024,6051.09
16-12-2024,6074.08
17-12-2024,6050.61
18-12-2024,5872.16
19-12-2024,5867.08
20-12-2024,5930.85
23-12-2024,5974.07
24-12-2024,6040.04
26-12-2024,6037.59
27-12-2024,5970.84
30-12-2024,5906.94
31-12-2024,5881.63
02-01-2025,5868.55
03-01-2025,5942.47
06-01-2025,5975.38
07-01-2025,5909.03
08-01-2025,5918.25
10-01-2025,5827.04
13-01-2025,5836.22
14-01-2025,5842.91
15-01-2025,5949.91
16-01-2025,5937.34
17-01-2025,5996.66
21-01-2025,6049.24
22-01-2025,6086.37
23-01-2025,6118.71
24-01-2025,6101.24
27-01-2025,6012.28
28-01-2025,6067.7
29-01-2025,6039.31
30-01-2025,6071.17
31-01-2025,6040.53
03-02-2025,5994.57
04-02-2025,6037.88
05-02-2025,6061.48
06-02-2025,6083.57
07-02-2025,6025.99
10-02-2025,6066.44
11-02-2025,6068.5
12-02-2025,6051.97
13-02-2025,6115.07
14-02-2025,6114.63
18-02-2025,6129.58
19-02-2025,6144.15
20-02-2025,6117.52
21-02-2025,6013.13
24-02-2025,5983.25
25-02-2025,5955.25
26-02-2025,5956.06
27-02-2025,5861.57
28-02-2025,5954.5
03-03-2025,5849.72
04-03-2025,5778.15
05-03-2025,5842.63
06-03-2025,5738.52
07-03-2025,5770.2
10-03-2025,5614.56
11-03-2025,5572.07
12-03-2025,5599.3
13-03-2025,5521.52
14-03-2025,5638.94
17-03-2025,5675.12
18-03-2025,5614.66
19-03-2025,5675.29
20-03-2025,5662.89
21-03-2025,5667.56
24-03-2025,5767.57
25-03-2025,5776.65
26-03-2025,5712.2
